iteration,best_score,n_evaluations,wind_mw,pv_mw,electrolyzer_mw,n_electrolyzer_units,battery_mw,battery_mwh,battery_duration_h,feasible,agsr,electrolyzer_cf,lcoe_cny_per_kwh,lcoh_cny_per_kg,a,algorithm,seed
1,0.29026511725010135,20,128.77302401613292,71.22697598386708,90.0,18,20.0,20.0,1.0,True,0.17651060919669045,0.5882629681117707,0.29026511725010135,19.510861838354487,2.0,gwo,42
2,0.2843962199641878,40,153.44044191096046,46.55955808903954,100.0,20,15.0,15.0,1.0,True,0.19944462663978177,0.5573471229150675,0.2843962199641878,19.659273837437222,1.9310344827586208,gwo,42
3,0.2843962199641878,60,153.44044191096046,46.55955808903954,100.0,20,15.0,15.0,1.0,True,0.19944462663978177,0.5573471229150675,0.2843962199641878,19.659273837437222,1.8620689655172413,gwo,42
4,0.2843962199641878,80,153.44044191096046,46.55955808903954,100.0,20,15.0,15.0,1.0,True,0.19944462663978177,0.5573471229150675,0.2843962199641878,19.659273837437222,1.793103448275862,gwo,42
5,0.2841731930720547,100,152.92708566594823,47.072914334051774,100.0,20,15.0,15.0,1.0,True,0.198941825564186,0.5579625536273081,0.2841731930720547,19.631342427432315,1.7241379310344827,gwo,42
6,0.2841731930720547,120,152.92708566594823,47.072914334051774,100.0,20,15.0,15.0,1.0,True,0.198941825564186,0.5579625536273081,0.2841731930720547,19.631342427432315,1.6551724137931034,gwo,42
7,0.2841731930720547,140,152.92708566594823,47.072914334051774,100.0,20,15.0,15.0,1.0,True,0.198941825564186,0.5579625536273081,0.2841731930720547,19.631342427432315,1.5862068965517242,gwo,42
8,0.2841731930720547,160,152.92708566594823,47.072914334051774,100.0,20,15.0,15.0,1.0,True,0.198941825564186,0.5579625536273081,0.2841731930720547,19.631342427432315,1.5172413793103448,gwo,42
9,0.2841731930720547,180,152.92708566594823,47.072914334051774,100.0,20,15.0,15.0,1.0,True,0.198941825564186,0.5579625536273081,0.2841731930720547,19.631342427432315,1.4482758620689655,gwo,42
10,0.2841731930720547,200,152.92708566594823,47.072914334051774,100.0,20,15.0,15.0,1.0,True,0.198941825564186,0.5579625536273081,0.2841731930720547,19.631342427432315,1.3793103448275863,gwo,42
11,0.28275609174503985,220,147.75828416663174,52.24171583336826,95.0,19,20.0,20.0,1.0,True,0.1947051876961217,0.5806182104000186,0.28275609174503985,19.437579456212013,1.3103448275862069,gwo,42
12,0.28275609174503985,240,147.75828416663174,52.24171583336826,95.0,19,20.0,20.0,1.0,True,0.1947051876961217,0.5806182104000186,0.28275609174503985,19.437579456212013,1.2413793103448276,gwo,42
13,0.28275609174503985,260,147.75828416663174,52.24171583336826,95.0,19,20.0,20.0,1.0,True,0.1947051876961217,0.5806182104000186,0.28275609174503985,19.437579456212013,1.1724137931034484,gwo,42
14,0.28275609174503985,280,147.75828416663174,52.24171583336826,95.0,19,20.0,20.0,1.0,True,0.1947051876961217,0.5806182104000186,0.28275609174503985,19.437579456212013,1.103448275862069,gwo,42
15,0.28275609174503985,300,147.75828416663174,52.24171583336826,95.0,19,20.0,20.0,1.0,True,0.1947051876961217,0.5806182104000186,0.28275609174503985,19.437579456212013,1.0344827586206897,gwo,42
16,0.28275609174503985,320,147.75828416663174,52.24171583336826,95.0,19,20.0,20.0,1.0,True,0.1947051876961217,0.5806182104000186,0.28275609174503985,19.437579456212013,0.9655172413793103,gwo,42
17,0.28275609174503985,340,147.75828416663174,52.24171583336826,95.0,19,20.0,20.0,1.0,True,0.1947051876961217,0.5806182104000186,0.28275609174503985,19.437579456212013,0.896551724137931,gwo,42
18,0.28275609174503985,360,147.75828416663174,52.24171583336826,95.0,19,20.0,20.0,1.0,True,0.1947051876961217,0.5806182104000186,0.28275609174503985,19.437579456212013,0.8275862068965518,gwo,42
19,0.28275609174503985,380,147.75828416663174,52.24171583336826,95.0,19,20.0,20.0,1.0,True,0.1947051876961217,0.5806182104000186,0.28275609174503985,19.437579456212013,0.7586206896551724,gwo,42
20,0.28275609174503985,400,147.75828416663174,52.24171583336826,95.0,19,20.0,20.0,1.0,True,0.1947051876961217,0.5806182104000186,0.28275609174503985,19.437579456212013,0.6896551724137931,gwo,42
21,0.2826563861133579,420,147.52534094174575,52.47465905825425,95.0,19,20.0,20.0,1.0,True,0.19453350005358913,0.580862834900119,0.2826563861133579,19.42652715133409,0.6206896551724137,gwo,42
22,0.2825538094226061,440,128.2063177881538,71.7936822118462,85.0,17,20.0,20.0,1.0,True,0.1969917836847762,0.6077925717903019,0.2825538094226061,19.478537910506034,0.5517241379310345,gwo,42
23,0.2825538094226061,460,128.2063177881538,71.7936822118462,85.0,17,20.0,20.0,1.0,True,0.1969917836847762,0.6077925717903019,0.2825538094226061,19.478537910506034,0.48275862068965525,gwo,42
24,0.2825538094226061,480,128.2063177881538,71.7936822118462,85.0,17,20.0,20.0,1.0,True,0.1969917836847762,0.6077925717903019,0.2825538094226061,19.478537910506034,0.4137931034482758,gwo,42
25,0.2825538094226061,500,128.2063177881538,71.7936822118462,85.0,17,20.0,20.0,1.0,True,0.1969917836847762,0.6077925717903019,0.2825538094226061,19.478537910506034,0.3448275862068966,gwo,42
26,0.2825538094226061,520,128.2063177881538,71.7936822118462,85.0,17,20.0,20.0,1.0,True,0.1969917836847762,0.6077925717903019,0.2825538094226061,19.478537910506034,0.27586206896551735,gwo,42
27,0.2825538094226061,540,128.2063177881538,71.7936822118462,85.0,17,20.0,20.0,1.0,True,0.1969917836847762,0.6077925717903019,0.2825538094226061,19.478537910506034,0.2068965517241379,gwo,42
28,0.28244525191336495,560,137.50085601431942,62.499143985680575,90.0,18,20.0,20.0,1.0,True,0.1943263927929625,0.5948167804557298,0.28244525191336495,19.40659016444631,0.13793103448275867,gwo,42
29,0.28244525191336495,580,137.50085601431942,62.499143985680575,90.0,18,20.0,20.0,1.0,True,0.1943263927929625,0.5948167804557298,0.28244525191336495,19.40659016444631,0.06896551724137945,gwo,42
30,0.28244525191336495,600,137.50085601431942,62.499143985680575,90.0,18,20.0,20.0,1.0,True,0.1943263927929625,0.5948167804557298,0.28244525191336495,19.40659016444631,0.0,gwo,42
1,0.32089591542225,20,68.28501720448766,131.71498279551236,75.0,15,15.0,30.0,2.0,True,0.16310023041877073,0.5780346697044305,0.32089591542225,21.22828193442127,2.0,gwo,43
2,0.30748409599879506,40,93.80902216317996,106.19097783682004,70.0,14,40.0,80.0,2.0,True,0.19253538986189692,0.6549985301645662,0.30748409599879506,21.098636041800404,1.9310344827586208,gwo,43
3,0.2894908679903025,60,152.85017149961013,47.14982850038987,100.0,20,10.0,40.0,4.0,True,0.196018607382311,0.5603354047314764,0.2894908679903025,19.923672557860574,1.8620689655172413,gwo,43
4,0.2894908679903025,80,152.85017149961013,47.14982850038987,100.0,20,10.0,40.0,4.0,True,0.196018607382311,0.5603354047314764,0.2894908679903025,19.923672557860574,1.793103448275862,gwo,43
5,0.2894908679903025,100,152.85017149961013,47.14982850038987,100.0,20,10.0,40.0,4.0,True,0.196018607382311,0.5603354047314764,0.2894908679903025,19.923672557860574,1.7241379310344827,gwo,43
6,0.2894908679903025,120,152.85017149961013,47.14982850038987,100.0,20,10.0,40.0,4.0,True,0.196018607382311,0.5603354047314764,0.2894908679903025,19.923672557860574,1.6551724137931034,gwo,43
7,0.2894908679903025,140,152.85017149961013,47.14982850038987,100.0,20,10.0,40.0,4.0,True,0.196018607382311,0.5603354047314764,0.2894908679903025,19.923672557860574,1.5862068965517242,gwo,43
8,0.2894908679903025,160,152.85017149961013,47.14982850038987,100.0,20,10.0,40.0,4.0,True,0.196018607382311,0.5603354047314764,0.2894908679903025,19.923672557860574,1.5172413793103448,gwo,43
9,0.2894908679903025,180,152.85017149961013,47.14982850038987,100.0,20,10.0,40.0,4.0,True,0.196018607382311,0.5603354047314764,0.2894908679903025,19.923672557860574,1.4482758620689655,gwo,43
10,0.2878207635941873,200,147.54396096893075,52.45603903106925,100.0,20,10.0,20.0,2.0,True,0.19255605885078686,0.5549158465371007,0.2878207635941873,19.720765387312287,1.3793103448275863,gwo,43
11,0.28231123059928404,220,127.66455297836842,72.33544702163158,85.0,17,20.0,20.0,1.0,True,0.19647573618690456,0.6084858570630121,0.28231123059928404,19.44923235434911,1.3103448275862069,gwo,43
12,0.28231123059928404,240,127.66455297836842,72.33544702163158,85.0,17,20.0,20.0,1.0,True,0.19647573618690456,0.6084858570630121,0.28231123059928404,19.44923235434911,1.2413793103448276,gwo,43
13,0.28231123059928404,260,127.66455297836842,72.33544702163158,85.0,17,20.0,20.0,1.0,True,0.19647573618690456,0.6084858570630121,0.28231123059928404,19.44923235434911,1.1724137931034484,gwo,43
14,0.28231123059928404,280,127.66455297836842,72.33544702163158,85.0,17,20.0,20.0,1.0,True,0.19647573618690456,0.6084858570630121,0.28231123059928404,19.44923235434911,1.103448275862069,gwo,43
15,0.28231123059928404,300,127.66455297836842,72.33544702163158,85.0,17,20.0,20.0,1.0,True,0.19647573618690456,0.6084858570630121,0.28231123059928404,19.44923235434911,1.0344827586206897,gwo,43
16,0.28231123059928404,320,127.66455297836842,72.33544702163158,85.0,17,20.0,20.0,1.0,True,0.19647573618690456,0.6084858570630121,0.28231123059928404,19.44923235434911,0.9655172413793103,gwo,43
17,0.28231123059928404,340,127.66455297836842,72.33544702163158,85.0,17,20.0,20.0,1.0,True,0.19647573618690456,0.6084858570630121,0.28231123059928404,19.44923235434911,0.896551724137931,gwo,43
18,0.28231123059928404,360,127.66455297836842,72.33544702163158,85.0,17,20.0,20.0,1.0,True,0.19647573618690456,0.6084858570630121,0.28231123059928404,19.44923235434911,0.8275862068965518,gwo,43
19,0.28231123059928404,380,127.66455297836842,72.33544702163158,85.0,17,20.0,20.0,1.0,True,0.19647573618690456,0.6084858570630121,0.28231123059928404,19.44923235434911,0.7586206896551724,gwo,43
20,0.28231123059928404,400,127.66455297836842,72.33544702163158,85.0,17,20.0,20.0,1.0,True,0.19647573618690456,0.6084858570630121,0.28231123059928404,19.44923235434911,0.6896551724137931,gwo,43
21,0.28231123059928404,420,127.66455297836842,72.33544702163158,85.0,17,20.0,20.0,1.0,True,0.19647573618690456,0.6084858570630121,0.28231123059928404,19.44923235434911,0.6206896551724137,gwo,43
22,0.28231123059928404,440,127.66455297836842,72.33544702163158,85.0,17,20.0,20.0,1.0,True,0.19647573618690456,0.6084858570630121,0.28231123059928404,19.44923235434911,0.5517241379310345,gwo,43
23,0.28231123059928404,460,127.66455297836842,72.33544702163158,85.0,17,20.0,20.0,1.0,True,0.19647573618690456,0.6084858570630121,0.28231123059928404,19.44923235434911,0.48275862068965525,gwo,43
24,0.28231123059928404,480,127.66455297836842,72.33544702163158,85.0,17,20.0,20.0,1.0,True,0.19647573618690456,0.6084858570630121,0.28231123059928404,19.44923235434911,0.4137931034482758,gwo,43
25,0.28231123059928404,500,127.66455297836842,72.33544702163158,85.0,17,20.0,20.0,1.0,True,0.19647573618690456,0.6084858570630121,0.28231123059928404,19.44923235434911,0.3448275862068966,gwo,43
26,0.28231123059928404,520,127.66455297836842,72.33544702163158,85.0,17,20.0,20.0,1.0,True,0.19647573618690456,0.6084858570630121,0.28231123059928404,19.44923235434911,0.27586206896551735,gwo,43
27,0.28231123059928404,540,127.66455297836842,72.33544702163158,85.0,17,20.0,20.0,1.0,True,0.19647573618690456,0.6084858570630121,0.28231123059928404,19.44923235434911,0.2068965517241379,gwo,43
28,0.28231123059928404,560,127.66455297836842,72.33544702163158,85.0,17,20.0,20.0,1.0,True,0.19647573618690456,0.6084858570630121,0.28231123059928404,19.44923235434911,0.13793103448275867,gwo,43
29,0.28231123059928404,580,127.66455297836842,72.33544702163158,85.0,17,20.0,20.0,1.0,True,0.19647573618690456,0.6084858570630121,0.28231123059928404,19.44923235434911,0.06896551724137945,gwo,43
30,0.28231123059928404,600,127.66455297836842,72.33544702163158,85.0,17,20.0,20.0,1.0,True,0.19647573618690456,0.6084858570630121,0.28231123059928404,19.44923235434911,0.0,gwo,43
1,0.286607091665715,20,136.70202450426444,63.29797549573556,90.0,18,15.0,15.0,1.0,True,0.19569419035666408,0.5813555146480791,0.286607091665715,19.719614903881954,2.0,gwo,44
2,0.28463627194712965,40,157.87111799443463,42.12888200556537,100.0,20,15.0,30.0,2.0,True,0.19875899741500438,0.5658052283415037,0.28463627194712965,19.663184539310375,1.9310344827586208,gwo,44
3,0.28463627194712965,60,157.87111799443463,42.12888200556537,100.0,20,15.0,30.0,2.0,True,0.19875899741500438,0.5658052283415037,0.28463627194712965,19.663184539310375,1.8620689655172413,gwo,44
4,0.28463627194712965,80,157.87111799443463,42.12888200556537,100.0,20,15.0,30.0,2.0,True,0.19875899741500438,0.5658052283415037,0.28463627194712965,19.663184539310375,1.793103448275862,gwo,44
5,0.28463627194712965,100,157.87111799443463,42.12888200556537,100.0,20,15.0,30.0,2.0,True,0.19875899741500438,0.5658052283415037,0.28463627194712965,19.663184539310375,1.7241379310344827,gwo,44
6,0.28463627194712965,120,157.87111799443463,42.12888200556537,100.0,20,15.0,30.0,2.0,True,0.19875899741500438,0.5658052283415037,0.28463627194712965,19.663184539310375,1.6551724137931034,gwo,44
7,0.28463627194712965,140,157.87111799443463,42.12888200556537,100.0,20,15.0,30.0,2.0,True,0.19875899741500438,0.5658052283415037,0.28463627194712965,19.663184539310375,1.5862068965517242,gwo,44
8,0.28463627194712965,160,157.87111799443463,42.12888200556537,100.0,20,15.0,30.0,2.0,True,0.19875899741500438,0.5658052283415037,0.28463627194712965,19.663184539310375,1.5172413793103448,gwo,44
9,0.28463627194712965,180,157.87111799443463,42.12888200556537,100.0,20,15.0,30.0,2.0,True,0.19875899741500438,0.5658052283415037,0.28463627194712965,19.663184539310375,1.4482758620689655,gwo,44
10,0.28463627194712965,200,157.87111799443463,42.12888200556537,100.0,20,15.0,30.0,2.0,True,0.19875899741500438,0.5658052283415037,0.28463627194712965,19.663184539310375,1.3793103448275863,gwo,44
11,0.28463627194712965,220,157.87111799443463,42.12888200556537,100.0,20,15.0,30.0,2.0,True,0.19875899741500438,0.5658052283415037,0.28463627194712965,19.663184539310375,1.3103448275862069,gwo,44
12,0.28463627194712965,240,157.87111799443463,42.12888200556537,100.0,20,15.0,30.0,2.0,True,0.19875899741500438,0.5658052283415037,0.28463627194712965,19.663184539310375,1.2413793103448276,gwo,44
13,0.28463627194712965,260,157.87111799443463,42.12888200556537,100.0,20,15.0,30.0,2.0,True,0.19875899741500438,0.5658052283415037,0.28463627194712965,19.663184539310375,1.1724137931034484,gwo,44
14,0.28463627194712965,280,157.87111799443463,42.12888200556537,100.0,20,15.0,30.0,2.0,True,0.19875899741500438,0.5658052283415037,0.28463627194712965,19.663184539310375,1.103448275862069,gwo,44
15,0.28463627194712965,300,157.87111799443463,42.12888200556537,100.0,20,15.0,30.0,2.0,True,0.19875899741500438,0.5658052283415037,0.28463627194712965,19.663184539310375,1.0344827586206897,gwo,44
16,0.2844275160829293,320,137.9556522197109,62.04434778028909,90.0,18,15.0,30.0,2.0,True,0.19518968185261423,0.5944224663716499,0.2844275160829293,19.560754035644248,0.9655172413793103,gwo,44
17,0.2844275160829293,340,137.9556522197109,62.04434778028909,90.0,18,15.0,30.0,2.0,True,0.19518968185261423,0.5944224663716499,0.2844275160829293,19.560754035644248,0.896551724137931,gwo,44
18,0.2844275160829293,360,137.9556522197109,62.04434778028909,90.0,18,15.0,30.0,2.0,True,0.19518968185261423,0.5944224663716499,0.2844275160829293,19.560754035644248,0.8275862068965518,gwo,44
19,0.2844275160829293,380,137.9556522197109,62.04434778028909,90.0,18,15.0,30.0,2.0,True,0.19518968185261423,0.5944224663716499,0.2844275160829293,19.560754035644248,0.7586206896551724,gwo,44
20,0.2844275160829293,400,137.9556522197109,62.04434778028909,90.0,18,15.0,30.0,2.0,True,0.19518968185261423,0.5944224663716499,0.2844275160829293,19.560754035644248,0.6896551724137931,gwo,44
21,0.2844275160829293,420,137.9556522197109,62.04434778028909,90.0,18,15.0,30.0,2.0,True,0.19518968185261423,0.5944224663716499,0.2844275160829293,19.560754035644248,0.6206896551724137,gwo,44
22,0.2844275160829293,440,137.9556522197109,62.04434778028909,90.0,18,15.0,30.0,2.0,True,0.19518968185261423,0.5944224663716499,0.2844275160829293,19.560754035644248,0.5517241379310345,gwo,44
23,0.2844275160829293,460,137.9556522197109,62.04434778028909,90.0,18,15.0,30.0,2.0,True,0.19518968185261423,0.5944224663716499,0.2844275160829293,19.560754035644248,0.48275862068965525,gwo,44
24,0.2843266935741636,480,137.7240617635803,62.275938236419705,90.0,18,15.0,30.0,2.0,True,0.19493562160136887,0.5947326187571683,0.2843266935741636,19.547615238100263,0.4137931034482758,gwo,44
25,0.2843266935741636,500,137.7240617635803,62.275938236419705,90.0,18,15.0,30.0,2.0,True,0.19493562160136887,0.5947326187571683,0.2843266935741636,19.547615238100263,0.3448275862068966,gwo,44
26,0.2843266935741636,520,137.7240617635803,62.275938236419705,90.0,18,15.0,30.0,2.0,True,0.19493562160136887,0.5947326187571683,0.2843266935741636,19.547615238100263,0.27586206896551735,gwo,44
27,0.28427399809712633,540,137.60703497473423,62.39296502526577,90.0,18,15.0,30.0,2.0,True,0.194844463398489,0.5948663320475664,0.28427399809712633,19.54173711747416,0.2068965517241379,gwo,44
28,0.28427399809712633,560,137.60703497473423,62.39296502526577,90.0,18,15.0,30.0,2.0,True,0.194844463398489,0.5948663320475664,0.28427399809712633,19.54173711747416,0.13793103448275867,gwo,44
29,0.28427399809712633,580,137.60703497473423,62.39296502526577,90.0,18,15.0,30.0,2.0,True,0.194844463398489,0.5948663320475664,0.28427399809712633,19.54173711747416,0.06896551724137945,gwo,44
30,0.2842624357554546,600,137.58073758053487,62.41926241946513,90.0,18,15.0,30.0,2.0,True,0.19484813544679527,0.594877729199915,0.2842624357554546,19.541029201531146,0.0,gwo,44
1,0.2867705715421119,20,141.4305849440772,58.5694150559228,90.0,18,15.0,30.0,2.0,True,0.1967313396465253,0.5897497227795035,0.2867705715421119,19.760193483929474,2.0,gwo,45
2,0.2867705715421119,40,141.4305849440772,58.5694150559228,90.0,18,15.0,30.0,2.0,True,0.1967313396465253,0.5897497227795035,0.2867705715421119,19.760193483929474,1.9310344827586208,gwo,45
3,0.2867705715421119,60,141.4305849440772,58.5694150559228,90.0,18,15.0,30.0,2.0,True,0.1967313396465253,0.5897497227795035,0.2867705715421119,19.760193483929474,1.8620689655172413,gwo,45
4,0.2867705715421119,80,141.4305849440772,58.5694150559228,90.0,18,15.0,30.0,2.0,True,0.1967313396465253,0.5897497227795035,0.2867705715421119,19.760193483929474,1.793103448275862,gwo,45
5,0.2848285214039536,100,163.0026492849708,36.9973507150292,100.0,20,20.0,40.0,2.0,True,0.19683981999187133,0.5739804601096047,0.2848285214039536,19.63903265476426,1.7241379310344827,gwo,45
6,0.2848285214039536,120,163.0026492849708,36.9973507150292,100.0,20,20.0,40.0,2.0,True,0.19683981999187133,0.5739804601096047,0.2848285214039536,19.63903265476426,1.6551724137931034,gwo,45
7,0.2842983726380865,140,160.3613641831841,39.638635816815906,100.0,20,20.0,20.0,1.0,True,0.1988845783673084,0.5634131984467882,0.2842983726380865,19.64799961220629,1.5862068965517242,gwo,45
8,0.2842983726380865,160,160.3613641831841,39.638635816815906,100.0,20,20.0,20.0,1.0,True,0.1988845783673084,0.5634131984467882,0.2842983726380865,19.64799961220629,1.5172413793103448,gwo,45
9,0.2842983726380865,180,160.3613641831841,39.638635816815906,100.0,20,20.0,20.0,1.0,True,0.1988845783673084,0.5634131984467882,0.2842983726380865,19.64799961220629,1.4482758620689655,gwo,45
10,0.2842983726380865,200,160.3613641831841,39.638635816815906,100.0,20,20.0,20.0,1.0,True,0.1988845783673084,0.5634131984467882,0.2842983726380865,19.64799961220629,1.3793103448275863,gwo,45
11,0.2842983726380865,220,160.3613641831841,39.638635816815906,100.0,20,20.0,20.0,1.0,True,0.1988845783673084,0.5634131984467882,0.2842983726380865,19.64799961220629,1.3103448275862069,gwo,45
12,0.2842983726380865,240,160.3613641831841,39.638635816815906,100.0,20,20.0,20.0,1.0,True,0.1988845783673084,0.5634131984467882,0.2842983726380865,19.64799961220629,1.2413793103448276,gwo,45
13,0.2842983726380865,260,160.3613641831841,39.638635816815906,100.0,20,20.0,20.0,1.0,True,0.1988845783673084,0.5634131984467882,0.2842983726380865,19.64799961220629,1.1724137931034484,gwo,45
14,0.2842983726380865,280,160.3613641831841,39.638635816815906,100.0,20,20.0,20.0,1.0,True,0.1988845783673084,0.5634131984467882,0.2842983726380865,19.64799961220629,1.103448275862069,gwo,45
15,0.2842983726380865,300,160.3613641831841,39.638635816815906,100.0,20,20.0,20.0,1.0,True,0.1988845783673084,0.5634131984467882,0.2842983726380865,19.64799961220629,1.0344827586206897,gwo,45
16,0.2842983726380865,320,160.3613641831841,39.638635816815906,100.0,20,20.0,20.0,1.0,True,0.1988845783673084,0.5634131984467882,0.2842983726380865,19.64799961220629,0.9655172413793103,gwo,45
17,0.2842983726380865,340,160.3613641831841,39.638635816815906,100.0,20,20.0,20.0,1.0,True,0.1988845783673084,0.5634131984467882,0.2842983726380865,19.64799961220629,0.896551724137931,gwo,45
18,0.2842983726380865,360,160.3613641831841,39.638635816815906,100.0,20,20.0,20.0,1.0,True,0.1988845783673084,0.5634131984467882,0.2842983726380865,19.64799961220629,0.8275862068965518,gwo,45
19,0.2842983726380865,380,160.3613641831841,39.638635816815906,100.0,20,20.0,20.0,1.0,True,0.1988845783673084,0.5634131984467882,0.2842983726380865,19.64799961220629,0.7586206896551724,gwo,45
20,0.2842983726380865,400,160.3613641831841,39.638635816815906,100.0,20,20.0,20.0,1.0,True,0.1988845783673084,0.5634131984467882,0.2842983726380865,19.64799961220629,0.6896551724137931,gwo,45
21,0.2842983726380865,420,160.3613641831841,39.638635816815906,100.0,20,20.0,20.0,1.0,True,0.1988845783673084,0.5634131984467882,0.2842983726380865,19.64799961220629,0.6206896551724137,gwo,45
22,0.2842983726380865,440,160.3613641831841,39.638635816815906,100.0,20,20.0,20.0,1.0,True,0.1988845783673084,0.5634131984467882,0.2842983726380865,19.64799961220629,0.5517241379310345,gwo,45
23,0.2842983726380865,460,160.3613641831841,39.638635816815906,100.0,20,20.0,20.0,1.0,True,0.1988845783673084,0.5634131984467882,0.2842983726380865,19.64799961220629,0.48275862068965525,gwo,45
24,0.2842983726380865,480,160.3613641831841,39.638635816815906,100.0,20,20.0,20.0,1.0,True,0.1988845783673084,0.5634131984467882,0.2842983726380865,19.64799961220629,0.4137931034482758,gwo,45
25,0.2842983726380865,500,160.3613641831841,39.638635816815906,100.0,20,20.0,20.0,1.0,True,0.1988845783673084,0.5634131984467882,0.2842983726380865,19.64799961220629,0.3448275862068966,gwo,45
26,0.2842983726380865,520,160.3613641831841,39.638635816815906,100.0,20,20.0,20.0,1.0,True,0.1988845783673084,0.5634131984467882,0.2842983726380865,19.64799961220629,0.27586206896551735,gwo,45
27,0.2842983726380865,540,160.3613641831841,39.638635816815906,100.0,20,20.0,20.0,1.0,True,0.1988845783673084,0.5634131984467882,0.2842983726380865,19.64799961220629,0.2068965517241379,gwo,45
28,0.2842983726380865,560,160.3613641831841,39.638635816815906,100.0,20,20.0,20.0,1.0,True,0.1988845783673084,0.5634131984467882,0.2842983726380865,19.64799961220629,0.13793103448275867,gwo,45
29,0.2842983726380865,580,160.3613641831841,39.638635816815906,100.0,20,20.0,20.0,1.0,True,0.1988845783673084,0.5634131984467882,0.2842983726380865,19.64799961220629,0.06896551724137945,gwo,45
30,0.2842983726380865,600,160.3613641831841,39.638635816815906,100.0,20,20.0,20.0,1.0,True,0.1988845783673084,0.5634131984467882,0.2842983726380865,19.64799961220629,0.0,gwo,45
1,0.3187433491981319,20,124.39040731716477,75.60959268283523,100.0,20,25.0,50.0,2.0,True,0.11592506445904652,0.5573219199787606,0.3187433491981319,19.956658274259244,2.0,gwo,46
2,0.29699140802928675,40,131.45200553686342,68.54799446313658,85.0,17,30.0,60.0,2.0,True,0.18548276884610043,0.6114005045858957,0.29699140802928675,20.192301588214576,1.9310344827586208,gwo,46
3,0.29699140802928675,60,131.45200553686342,68.54799446313658,85.0,17,30.0,60.0,2.0,True,0.18548276884610043,0.6114005045858957,0.29699140802928675,20.192301588214576,1.8620689655172413,gwo,46
4,0.29156950054289504,80,153.0976163747474,46.90238362525261,100.0,20,20.0,40.0,2.0,True,0.17712248077024326,0.5711579605436246,0.29156950054289504,19.61832842930799,1.793103448275862,gwo,46
5,0.29156950054289504,100,153.0976163747474,46.90238362525261,100.0,20,20.0,40.0,2.0,True,0.17712248077024326,0.5711579605436246,0.29156950054289504,19.61832842930799,1.7241379310344827,gwo,46
6,0.29156950054289504,120,153.0976163747474,46.90238362525261,100.0,20,20.0,40.0,2.0,True,0.17712248077024326,0.5711579605436246,0.29156950054289504,19.61832842930799,1.6551724137931034,gwo,46
7,0.29156950054289504,140,153.0976163747474,46.90238362525261,100.0,20,20.0,40.0,2.0,True,0.17712248077024326,0.5711579605436246,0.29156950054289504,19.61832842930799,1.5862068965517242,gwo,46
8,0.29156950054289504,160,153.0976163747474,46.90238362525261,100.0,20,20.0,40.0,2.0,True,0.17712248077024326,0.5711579605436246,0.29156950054289504,19.61832842930799,1.5172413793103448,gwo,46
9,0.2889043268416647,180,159.76009657496135,40.23990342503865,100.0,20,20.0,40.0,2.0,True,0.18890235975142386,0.570390102098493,0.2889043268416647,19.724051269865384,1.4482758620689655,gwo,46
10,0.28529323129964196,200,164.10156270875675,35.898437291243255,100.0,20,20.0,40.0,2.0,True,0.19775262305943372,0.5727617799808581,0.28529323129964196,19.693846844851894,1.3793103448275863,gwo,46
11,0.28529323129964196,220,164.10156270875675,35.898437291243255,100.0,20,20.0,40.0,2.0,True,0.19775262305943372,0.5727617799808581,0.28529323129964196,19.693846844851894,1.3103448275862069,gwo,46
12,0.28529323129964196,240,164.10156270875675,35.898437291243255,100.0,20,20.0,40.0,2.0,True,0.19775262305943372,0.5727617799808581,0.28529323129964196,19.693846844851894,1.2413793103448276,gwo,46
13,0.28529323129964196,260,164.10156270875675,35.898437291243255,100.0,20,20.0,40.0,2.0,True,0.19775262305943372,0.5727617799808581,0.28529323129964196,19.693846844851894,1.1724137931034484,gwo,46
14,0.28529323129964196,280,164.10156270875675,35.898437291243255,100.0,20,20.0,40.0,2.0,True,0.19775262305943372,0.5727617799808581,0.28529323129964196,19.693846844851894,1.103448275862069,gwo,46
15,0.28529323129964196,300,164.10156270875675,35.898437291243255,100.0,20,20.0,40.0,2.0,True,0.19775262305943372,0.5727617799808581,0.28529323129964196,19.693846844851894,1.0344827586206897,gwo,46
16,0.28507173411224707,320,158.89696754820477,41.10303245179523,100.0,20,15.0,30.0,2.0,True,0.19993648840454983,0.5644550369761901,0.28507173411224707,19.722559901798363,0.9655172413793103,gwo,46
17,0.2850046309347836,340,163.41126180811685,36.58873819188315,100.0,20,20.0,40.0,2.0,True,0.19716103588650777,0.5735311664696694,0.2850046309347836,19.65925514436732,0.896551724137931,gwo,46
18,0.2850046309347836,360,163.41126180811685,36.58873819188315,100.0,20,20.0,40.0,2.0,True,0.19716103588650777,0.5735311664696694,0.2850046309347836,19.65925514436732,0.8275862068965518,gwo,46
19,0.2850046309347836,380,163.41126180811685,36.58873819188315,100.0,20,20.0,40.0,2.0,True,0.19716103588650777,0.5735311664696694,0.2850046309347836,19.65925514436732,0.7586206896551724,gwo,46
20,0.2850046309347836,400,163.41126180811685,36.58873819188315,100.0,20,20.0,40.0,2.0,True,0.19716103588650777,0.5735311664696694,0.2850046309347836,19.65925514436732,0.6896551724137931,gwo,46
21,0.2850046309347836,420,163.41126180811685,36.58873819188315,100.0,20,20.0,40.0,2.0,True,0.19716103588650777,0.5735311664696694,0.2850046309347836,19.65925514436732,0.6206896551724137,gwo,46
22,0.28499243205554536,440,153.87724675863925,46.122753241360755,95.0,19,20.0,40.0,2.0,True,0.19760811503720926,0.5859231663737074,0.28499243205554536,19.66777467891355,0.5517241379310345,gwo,46
23,0.28485813256960074,460,158.3828885111354,41.617111488864595,100.0,20,15.0,30.0,2.0,True,0.19927201966772706,0.5651721197443369,0.28485813256960074,19.691359892023915,0.48275862068965525,gwo,46
24,0.28485813256960074,480,158.3828885111354,41.617111488864595,100.0,20,15.0,30.0,2.0,True,0.19927201966772706,0.5651721197443369,0.28485813256960074,19.691359892023915,0.4137931034482758,gwo,46
25,0.28485813256960074,500,158.3828885111354,41.617111488864595,100.0,20,15.0,30.0,2.0,True,0.19927201966772706,0.5651721197443369,0.28485813256960074,19.691359892023915,0.3448275862068966,gwo,46
26,0.28485813256960074,520,158.3828885111354,41.617111488864595,100.0,20,15.0,30.0,2.0,True,0.19927201966772706,0.5651721197443369,0.28485813256960074,19.691359892023915,0.27586206896551735,gwo,46
27,0.28485813256960074,540,158.3828885111354,41.617111488864595,100.0,20,15.0,30.0,2.0,True,0.19927201966772706,0.5651721197443369,0.28485813256960074,19.691359892023915,0.2068965517241379,gwo,46
28,0.28451385646198163,560,157.58890753450692,42.411092465493084,100.0,20,15.0,30.0,2.0,True,0.19847109596636192,0.5661587092713976,0.28451385646198163,19.647523190837497,0.13793103448275867,gwo,46
29,0.28451385646198163,580,157.58890753450692,42.411092465493084,100.0,20,15.0,30.0,2.0,True,0.19847109596636192,0.5661587092713976,0.28451385646198163,19.647523190837497,0.06896551724137945,gwo,46
30,0.28451385646198163,600,157.58890753450692,42.411092465493084,100.0,20,15.0,30.0,2.0,True,0.19847109596636192,0.5661587092713976,0.28451385646198163,19.647523190837497,0.0,gwo,46
1,0.3127964919827006,20,151.11751838046422,48.88248161953578,100.0,20,45.0,90.0,2.0,True,0.15524965527076484,0.573019352920208,0.3127964919827006,20.50880502165948,2.0,gwo,47
2,0.28494957045536384,40,165.3967870672395,34.6032129327605,100.0,20,30.0,30.0,1.0,True,0.19706498845018847,0.5715870665937601,0.28494957045536384,19.65746134715071,1.9310344827586208,gwo,47
3,0.28494957045536384,60,165.3967870672395,34.6032129327605,100.0,20,30.0,30.0,1.0,True,0.19706498845018847,0.5715870665937601,0.28494957045536384,19.65746134715071,1.8620689655172413,gwo,47
4,0.28494957045536384,80,165.3967870672395,34.6032129327605,100.0,20,30.0,30.0,1.0,True,0.19706498845018847,0.5715870665937601,0.28494957045536384,19.65746134715071,1.793103448275862,gwo,47
5,0.28494957045536384,100,165.3967870672395,34.6032129327605,100.0,20,30.0,30.0,1.0,True,0.19706498845018847,0.5715870665937601,0.28494957045536384,19.65746134715071,1.7241379310344827,gwo,47
6,0.28494957045536384,120,165.3967870672395,34.6032129327605,100.0,20,30.0,30.0,1.0,True,0.19706498845018847,0.5715870665937601,0.28494957045536384,19.65746134715071,1.6551724137931034,gwo,47
7,0.28494957045536384,140,165.3967870672395,34.6032129327605,100.0,20,30.0,30.0,1.0,True,0.19706498845018847,0.5715870665937601,0.28494957045536384,19.65746134715071,1.5862068965517242,gwo,47
8,0.2849297506372621,160,161.03577794242184,38.964222057578155,100.0,20,20.0,20.0,1.0,True,0.19867656690284927,0.5625418777677298,0.2849297506372621,19.686572866904008,1.5172413793103448,gwo,47
9,0.2849297506372621,180,161.03577794242184,38.964222057578155,100.0,20,20.0,20.0,1.0,True,0.19867656690284927,0.5625418777677298,0.2849297506372621,19.686572866904008,1.4482758620689655,gwo,47
10,0.2849297506372621,200,161.03577794242184,38.964222057578155,100.0,20,20.0,20.0,1.0,True,0.19867656690284927,0.5625418777677298,0.2849297506372621,19.686572866904008,1.3793103448275863,gwo,47
11,0.2849297506372621,220,161.03577794242184,38.964222057578155,100.0,20,20.0,20.0,1.0,True,0.19867656690284927,0.5625418777677298,0.2849297506372621,19.686572866904008,1.3103448275862069,gwo,47
12,0.2849297506372621,240,161.03577794242184,38.964222057578155,100.0,20,20.0,20.0,1.0,True,0.19867656690284927,0.5625418777677298,0.2849297506372621,19.686572866904008,1.2413793103448276,gwo,47
13,0.2849297506372621,260,161.03577794242184,38.964222057578155,100.0,20,20.0,20.0,1.0,True,0.19867656690284927,0.5625418777677298,0.2849297506372621,19.686572866904008,1.1724137931034484,gwo,47
14,0.2849297506372621,280,161.03577794242184,38.964222057578155,100.0,20,20.0,20.0,1.0,True,0.19867656690284927,0.5625418777677298,0.2849297506372621,19.686572866904008,1.103448275862069,gwo,47
15,0.2849297506372621,300,161.03577794242184,38.964222057578155,100.0,20,20.0,20.0,1.0,True,0.19867656690284927,0.5625418777677298,0.2849297506372621,19.686572866904008,1.0344827586206897,gwo,47
16,0.2816894778878129,320,153.27620568521323,46.72379431478677,95.0,19,25.0,25.0,1.0,True,0.19915802671703695,0.5849888553091847,0.2816894778878129,19.478370163297416,0.9655172413793103,gwo,47
17,0.2816894778878129,340,153.27620568521323,46.72379431478677,95.0,19,25.0,25.0,1.0,True,0.19915802671703695,0.5849888553091847,0.2816894778878129,19.478370163297416,0.896551724137931,gwo,47
18,0.2816894778878129,360,153.27620568521323,46.72379431478677,95.0,19,25.0,25.0,1.0,True,0.19915802671703695,0.5849888553091847,0.2816894778878129,19.478370163297416,0.8275862068965518,gwo,47
19,0.2816894778878129,380,153.27620568521323,46.72379431478677,95.0,19,25.0,25.0,1.0,True,0.19915802671703695,0.5849888553091847,0.2816894778878129,19.478370163297416,0.7586206896551724,gwo,47
20,0.2816894778878129,400,153.27620568521323,46.72379431478677,95.0,19,25.0,25.0,1.0,True,0.19915802671703695,0.5849888553091847,0.2816894778878129,19.478370163297416,0.6896551724137931,gwo,47
21,0.2816894778878129,420,153.27620568521323,46.72379431478677,95.0,19,25.0,25.0,1.0,True,0.19915802671703695,0.5849888553091847,0.2816894778878129,19.478370163297416,0.6206896551724137,gwo,47
22,0.2816894778878129,440,153.27620568521323,46.72379431478677,95.0,19,25.0,25.0,1.0,True,0.19915802671703695,0.5849888553091847,0.2816894778878129,19.478370163297416,0.5517241379310345,gwo,47
23,0.2816894778878129,460,153.27620568521323,46.72379431478677,95.0,19,25.0,25.0,1.0,True,0.19915802671703695,0.5849888553091847,0.2816894778878129,19.478370163297416,0.48275862068965525,gwo,47
24,0.2816894778878129,480,153.27620568521323,46.72379431478677,95.0,19,25.0,25.0,1.0,True,0.19915802671703695,0.5849888553091847,0.2816894778878129,19.478370163297416,0.4137931034482758,gwo,47
25,0.2816894778878129,500,153.27620568521323,46.72379431478677,95.0,19,25.0,25.0,1.0,True,0.19915802671703695,0.5849888553091847,0.2816894778878129,19.478370163297416,0.3448275862068966,gwo,47
26,0.2816894778878129,520,153.27620568521323,46.72379431478677,95.0,19,25.0,25.0,1.0,True,0.19915802671703695,0.5849888553091847,0.2816894778878129,19.478370163297416,0.27586206896551735,gwo,47
27,0.2813980143345911,540,152.6076438736092,47.39235612639081,95.0,19,25.0,25.0,1.0,True,0.19858702798076772,0.5857766290551447,0.2813980143345911,19.44401730145511,0.2068965517241379,gwo,47
28,0.2813980143345911,560,152.6076438736092,47.39235612639081,95.0,19,25.0,25.0,1.0,True,0.19858702798076772,0.5857766290551447,0.2813980143345911,19.44401730145511,0.13793103448275867,gwo,47
29,0.2813980143345911,580,152.6076438736092,47.39235612639081,95.0,19,25.0,25.0,1.0,True,0.19858702798076772,0.5857766290551447,0.2813980143345911,19.44401730145511,0.06896551724137945,gwo,47
30,0.2813980143345911,600,152.6076438736092,47.39235612639081,95.0,19,25.0,25.0,1.0,True,0.19858702798076772,0.5857766290551447,0.2813980143345911,19.44401730145511,0.0,gwo,47
1,0.294319643872576,20,133.81433603761948,66.18566396238052,85.0,17,35.0,70.0,2.0,True,0.19341358016803087,0.6183271967754442,0.294319643872576,20.209804496217295,2.0,gwo,48
2,0.29075048131118947,40,161.81224125499355,38.18775874500645,100.0,20,20.0,40.0,2.0,True,0.18815594873570227,0.5679813832305468,0.29075048131118947,19.832230943807595,1.9310344827586208,gwo,48
3,0.29002434376939007,60,148.40914757573324,51.59085242426676,100.0,20,20.0,20.0,1.0,True,0.17727841683006804,0.5631396542836222,0.29002434376939007,19.51342800322878,1.8620689655172413,gwo,48
4,0.2862738217924715,80,152.67529340269246,47.32470659730754,100.0,20,20.0,20.0,1.0,True,0.18653203010664504,0.5655511818989747,0.2862738217924715,19.48144248101001,1.793103448275862,gwo,48
5,0.2862738217924715,100,152.67529340269246,47.32470659730754,100.0,20,20.0,20.0,1.0,True,0.18653203010664504,0.5655511818989747,0.2862738217924715,19.48144248101001,1.7241379310344827,gwo,48
6,0.2862738217924715,120,152.67529340269246,47.32470659730754,100.0,20,20.0,20.0,1.0,True,0.18653203010664504,0.5655511818989747,0.2862738217924715,19.48144248101001,1.6551724137931034,gwo,48
7,0.2818423893521858,140,162.8678891434353,37.13211085656471,100.0,20,25.0,25.0,1.0,True,0.19881817721326436,0.5724523437642058,0.2818423893521858,19.482618335091754,1.5862068965517242,gwo,48
8,0.2818423893521858,160,162.8678891434353,37.13211085656471,100.0,20,25.0,25.0,1.0,True,0.19881817721326436,0.5724523437642058,0.2818423893521858,19.482618335091754,1.5172413793103448,gwo,48
9,0.2818423893521858,180,162.8678891434353,37.13211085656471,100.0,20,25.0,25.0,1.0,True,0.19881817721326436,0.5724523437642058,0.2818423893521858,19.482618335091754,1.4482758620689655,gwo,48
10,0.2818423893521858,200,162.8678891434353,37.13211085656471,100.0,20,25.0,25.0,1.0,True,0.19881817721326436,0.5724523437642058,0.2818423893521858,19.482618335091754,1.3793103448275863,gwo,48
11,0.2818423893521858,220,162.8678891434353,37.13211085656471,100.0,20,25.0,25.0,1.0,True,0.19881817721326436,0.5724523437642058,0.2818423893521858,19.482618335091754,1.3103448275862069,gwo,48
12,0.2818423893521858,240,162.8678891434353,37.13211085656471,100.0,20,25.0,25.0,1.0,True,0.19881817721326436,0.5724523437642058,0.2818423893521858,19.482618335091754,1.2413793103448276,gwo,48
13,0.2818423893521858,260,162.8678891434353,37.13211085656471,100.0,20,25.0,25.0,1.0,True,0.19881817721326436,0.5724523437642058,0.2818423893521858,19.482618335091754,1.1724137931034484,gwo,48
14,0.2818423893521858,280,162.8678891434353,37.13211085656471,100.0,20,25.0,25.0,1.0,True,0.19881817721326436,0.5724523437642058,0.2818423893521858,19.482618335091754,1.103448275862069,gwo,48
15,0.2818423893521858,300,162.8678891434353,37.13211085656471,100.0,20,25.0,25.0,1.0,True,0.19881817721326436,0.5724523437642058,0.2818423893521858,19.482618335091754,1.0344827586206897,gwo,48
16,0.2818423893521858,320,162.8678891434353,37.13211085656471,100.0,20,25.0,25.0,1.0,True,0.19881817721326436,0.5724523437642058,0.2818423893521858,19.482618335091754,0.9655172413793103,gwo,48
17,0.2818423893521858,340,162.8678891434353,37.13211085656471,100.0,20,25.0,25.0,1.0,True,0.19881817721326436,0.5724523437642058,0.2818423893521858,19.482618335091754,0.896551724137931,gwo,48
18,0.2818423893521858,360,162.8678891434353,37.13211085656471,100.0,20,25.0,25.0,1.0,True,0.19881817721326436,0.5724523437642058,0.2818423893521858,19.482618335091754,0.8275862068965518,gwo,48
19,0.2818423893521858,380,162.8678891434353,37.13211085656471,100.0,20,25.0,25.0,1.0,True,0.19881817721326436,0.5724523437642058,0.2818423893521858,19.482618335091754,0.7586206896551724,gwo,48
20,0.2818423893521858,400,162.8678891434353,37.13211085656471,100.0,20,25.0,25.0,1.0,True,0.19881817721326436,0.5724523437642058,0.2818423893521858,19.482618335091754,0.6896551724137931,gwo,48
21,0.2818423893521858,420,162.8678891434353,37.13211085656471,100.0,20,25.0,25.0,1.0,True,0.19881817721326436,0.5724523437642058,0.2818423893521858,19.482618335091754,0.6206896551724137,gwo,48
22,0.2818423893521858,440,162.8678891434353,37.13211085656471,100.0,20,25.0,25.0,1.0,True,0.19881817721326436,0.5724523437642058,0.2818423893521858,19.482618335091754,0.5517241379310345,gwo,48
23,0.2817618256273681,460,162.672411650516,37.32758834948399,100.0,20,25.0,25.0,1.0,True,0.19859120616907727,0.5727120857927893,0.2817618256273681,19.47146478307459,0.48275862068965525,gwo,48
24,0.2817618256273681,480,162.672411650516,37.32758834948399,100.0,20,25.0,25.0,1.0,True,0.19859120616907727,0.5727120857927893,0.2817618256273681,19.47146478307459,0.4137931034482758,gwo,48
25,0.2817618256273681,500,162.672411650516,37.32758834948399,100.0,20,25.0,25.0,1.0,True,0.19859120616907727,0.5727120857927893,0.2817618256273681,19.47146478307459,0.3448275862068966,gwo,48
26,0.2817618256273681,520,162.672411650516,37.32758834948399,100.0,20,25.0,25.0,1.0,True,0.19859120616907727,0.5727120857927893,0.2817618256273681,19.47146478307459,0.27586206896551735,gwo,48
27,0.2817618256273681,540,162.672411650516,37.32758834948399,100.0,20,25.0,25.0,1.0,True,0.19859120616907727,0.5727120857927893,0.2817618256273681,19.47146478307459,0.2068965517241379,gwo,48
28,0.2817618256273681,560,162.672411650516,37.32758834948399,100.0,20,25.0,25.0,1.0,True,0.19859120616907727,0.5727120857927893,0.2817618256273681,19.47146478307459,0.13793103448275867,gwo,48
29,0.2817618256273681,580,162.672411650516,37.32758834948399,100.0,20,25.0,25.0,1.0,True,0.19859120616907727,0.5727120857927893,0.2817618256273681,19.47146478307459,0.06896551724137945,gwo,48
30,0.2817618256273681,600,162.672411650516,37.32758834948399,100.0,20,25.0,25.0,1.0,True,0.19859120616907727,0.5727120857927893,0.2817618256273681,19.47146478307459,0.0,gwo,48
1,0.3287703430274735,20,72.57083845522725,127.42916154477275,80.0,16,20.0,40.0,2.0,True,0.13190472107430926,0.5727188273153321,0.3287703430274735,20.967971794138087,2.0,gwo,49
2,0.3137039962898547,40,125.42059274414704,74.57940725585296,100.0,20,10.0,40.0,4.0,True,0.14182305208587961,0.5428250061172041,0.3137039962898547,20.223254947166122,1.9310344827586208,gwo,49
3,0.3137039962898547,60,125.42059274414704,74.57940725585296,100.0,20,10.0,40.0,4.0,True,0.14182305208587961,0.5428250061172041,0.3137039962898547,20.223254947166122,1.8620689655172413,gwo,49
4,0.30031212568005516,80,130.11362076044318,69.88637923955682,100.0,20,5.0,10.0,2.0,True,0.17429692442416658,0.5325813747174527,0.30031212568005516,20.115172501319602,1.793103448275862,gwo,49
5,0.29774845899979163,100,130.85568370493425,69.14431629506575,100.0,20,0.0,0.0,2.0,True,0.19466713800101035,0.5187576868352145,0.29774845899979163,20.44492183778736,1.7241379310344827,gwo,49
6,0.29174674141006757,120,138.017294868428,61.982705131572004,100.0,20,5.0,10.0,2.0,True,0.18949957072024798,0.5408158669255284,0.29174674141006757,19.908131256782553,1.6551724137931034,gwo,49
7,0.29174674141006757,140,138.017294868428,61.982705131572004,100.0,20,5.0,10.0,2.0,True,0.18949957072024798,0.5408158669255284,0.29174674141006757,19.908131256782553,1.5862068965517242,gwo,49
8,0.29174674141006757,160,138.017294868428,61.982705131572004,100.0,20,5.0,10.0,2.0,True,0.18949957072024798,0.5408158669255284,0.29174674141006757,19.908131256782553,1.5172413793103448,gwo,49
9,0.29174674141006757,180,138.017294868428,61.982705131572004,100.0,20,5.0,10.0,2.0,True,0.18949957072024798,0.5408158669255284,0.29174674141006757,19.908131256782553,1.4482758620689655,gwo,49
10,0.2880558164913847,200,142.7672258710714,57.23277412892861,100.0,20,5.0,10.0,2.0,True,0.19860033783572004,0.5432158167206046,0.2880558164913847,19.87954993395056,1.3793103448275863,gwo,49
11,0.2880558164913847,220,142.7672258710714,57.23277412892861,100.0,20,5.0,10.0,2.0,True,0.19860033783572004,0.5432158167206046,0.2880558164913847,19.87954993395056,1.3103448275862069,gwo,49
12,0.2880558164913847,240,142.7672258710714,57.23277412892861,100.0,20,5.0,10.0,2.0,True,0.19860033783572004,0.5432158167206046,0.2880558164913847,19.87954993395056,1.2413793103448276,gwo,49
13,0.2880558164913847,260,142.7672258710714,57.23277412892861,100.0,20,5.0,10.0,2.0,True,0.19860033783572004,0.5432158167206046,0.2880558164913847,19.87954993395056,1.1724137931034484,gwo,49
14,0.2880558164913847,280,142.7672258710714,57.23277412892861,100.0,20,5.0,10.0,2.0,True,0.19860033783572004,0.5432158167206046,0.2880558164913847,19.87954993395056,1.103448275862069,gwo,49
15,0.2880558164913847,300,142.7672258710714,57.23277412892861,100.0,20,5.0,10.0,2.0,True,0.19860033783572004,0.5432158167206046,0.2880558164913847,19.87954993395056,1.0344827586206897,gwo,49
16,0.2880558164913847,320,142.7672258710714,57.23277412892861,100.0,20,5.0,10.0,2.0,True,0.19860033783572004,0.5432158167206046,0.2880558164913847,19.87954993395056,0.9655172413793103,gwo,49
17,0.2880558164913847,340,142.7672258710714,57.23277412892861,100.0,20,5.0,10.0,2.0,True,0.19860033783572004,0.5432158167206046,0.2880558164913847,19.87954993395056,0.896551724137931,gwo,49
18,0.2880558164913847,360,142.7672258710714,57.23277412892861,100.0,20,5.0,10.0,2.0,True,0.19860033783572004,0.5432158167206046,0.2880558164913847,19.87954993395056,0.8275862068965518,gwo,49
19,0.2880558164913847,380,142.7672258710714,57.23277412892861,100.0,20,5.0,10.0,2.0,True,0.19860033783572004,0.5432158167206046,0.2880558164913847,19.87954993395056,0.7586206896551724,gwo,49
20,0.2880558164913847,400,142.7672258710714,57.23277412892861,100.0,20,5.0,10.0,2.0,True,0.19860033783572004,0.5432158167206046,0.2880558164913847,19.87954993395056,0.6896551724137931,gwo,49
21,0.2880558164913847,420,142.7672258710714,57.23277412892861,100.0,20,5.0,10.0,2.0,True,0.19860033783572004,0.5432158167206046,0.2880558164913847,19.87954993395056,0.6206896551724137,gwo,49
22,0.2880558164913847,440,142.7672258710714,57.23277412892861,100.0,20,5.0,10.0,2.0,True,0.19860033783572004,0.5432158167206046,0.2880558164913847,19.87954993395056,0.5517241379310345,gwo,49
23,0.2880558164913847,460,142.7672258710714,57.23277412892861,100.0,20,5.0,10.0,2.0,True,0.19860033783572004,0.5432158167206046,0.2880558164913847,19.87954993395056,0.48275862068965525,gwo,49
24,0.2879776390794613,480,142.5830575880749,57.416942411925106,100.0,20,5.0,10.0,2.0,True,0.19821422712811312,0.5435618696049864,0.2879776390794613,19.864593212038752,0.4137931034482758,gwo,49
25,0.2879776390794613,500,142.5830575880749,57.416942411925106,100.0,20,5.0,10.0,2.0,True,0.19821422712811312,0.5435618696049864,0.2879776390794613,19.864593212038752,0.3448275862068966,gwo,49
26,0.2879776390794613,520,142.5830575880749,57.416942411925106,100.0,20,5.0,10.0,2.0,True,0.19821422712811312,0.5435618696049864,0.2879776390794613,19.864593212038752,0.27586206896551735,gwo,49
27,0.2879776390794613,540,142.5830575880749,57.416942411925106,100.0,20,5.0,10.0,2.0,True,0.19821422712811312,0.5435618696049864,0.2879776390794613,19.864593212038752,0.2068965517241379,gwo,49
28,0.2879776390794613,560,142.5830575880749,57.416942411925106,100.0,20,5.0,10.0,2.0,True,0.19821422712811312,0.5435618696049864,0.2879776390794613,19.864593212038752,0.13793103448275867,gwo,49
29,0.2879776390794613,580,142.5830575880749,57.416942411925106,100.0,20,5.0,10.0,2.0,True,0.19821422712811312,0.5435618696049864,0.2879776390794613,19.864593212038752,0.06896551724137945,gwo,49
30,0.2879776390794613,600,142.5830575880749,57.416942411925106,100.0,20,5.0,10.0,2.0,True,0.19821422712811312,0.5435618696049864,0.2879776390794613,19.864593212038752,0.0,gwo,49
1,0.30202178945617403,20,115.76593445902992,84.23406554097008,85.0,17,35.0,35.0,1.0,True,0.16230657244819716,0.5997757206638288,0.30202178945617403,19.961045430200276,2.0,gwo,50
2,0.29029635881138594,40,156.43202191123825,43.56797808876175,100.0,20,15.0,30.0,2.0,True,0.19040312545122098,0.5600857756748129,0.29029635881138594,19.84653322647796,1.9310344827586208,gwo,50
3,0.2863121248918071,60,165.67709115054063,34.32290884945937,100.0,20,20.0,40.0,2.0,True,0.19812107640813906,0.5709899816961744,0.2863121248918071,19.77369339504549,1.8620689655172413,gwo,50
4,0.2854378398054195,80,164.44065986927237,35.559340130727634,100.0,20,20.0,40.0,2.0,True,0.19814084843080856,0.5723076990713782,0.2854378398054195,19.71349556975308,1.793103448275862,gwo,50
5,0.2854378398054195,100,164.44065986927237,35.559340130727634,100.0,20,20.0,40.0,2.0,True,0.19814084843080856,0.5723076990713782,0.2854378398054195,19.71349556975308,1.7241379310344827,gwo,50
6,0.2854378398054195,120,164.44065986927237,35.559340130727634,100.0,20,20.0,40.0,2.0,True,0.19814084843080856,0.5723076990713782,0.2854378398054195,19.71349556975308,1.6551724137931034,gwo,50
7,0.2854378398054195,140,164.44065986927237,35.559340130727634,100.0,20,20.0,40.0,2.0,True,0.19814084843080856,0.5723076990713782,0.2854378398054195,19.71349556975308,1.5862068965517242,gwo,50
8,0.2854378398054195,160,164.44065986927237,35.559340130727634,100.0,20,20.0,40.0,2.0,True,0.19814084843080856,0.5723076990713782,0.2854378398054195,19.71349556975308,1.5172413793103448,gwo,50
9,0.28313118104080226,180,158.09119673600398,41.90880326399602,100.0,20,20.0,20.0,1.0,True,0.19683797087640412,0.5664164086276365,0.28313118104080226,19.51660895597576,1.4482758620689655,gwo,50
10,0.28313118104080226,200,158.09119673600398,41.90880326399602,100.0,20,20.0,20.0,1.0,True,0.19683797087640412,0.5664164086276365,0.28313118104080226,19.51660895597576,1.3793103448275863,gwo,50
11,0.28313118104080226,220,158.09119673600398,41.90880326399602,100.0,20,20.0,20.0,1.0,True,0.19683797087640412,0.5664164086276365,0.28313118104080226,19.51660895597576,1.3103448275862069,gwo,50
12,0.28313118104080226,240,158.09119673600398,41.90880326399602,100.0,20,20.0,20.0,1.0,True,0.19683797087640412,0.5664164086276365,0.28313118104080226,19.51660895597576,1.2413793103448276,gwo,50
13,0.28313118104080226,260,158.09119673600398,41.90880326399602,100.0,20,20.0,20.0,1.0,True,0.19683797087640412,0.5664164086276365,0.28313118104080226,19.51660895597576,1.1724137931034484,gwo,50
14,0.28313118104080226,280,158.09119673600398,41.90880326399602,100.0,20,20.0,20.0,1.0,True,0.19683797087640412,0.5664164086276365,0.28313118104080226,19.51660895597576,1.103448275862069,gwo,50
15,0.28313118104080226,300,158.09119673600398,41.90880326399602,100.0,20,20.0,20.0,1.0,True,0.19683797087640412,0.5664164086276365,0.28313118104080226,19.51660895597576,1.0344827586206897,gwo,50
16,0.2830267707860798,320,157.84835212947206,42.15164787052794,100.0,20,20.0,20.0,1.0,True,0.19661982488579097,0.5666978739578746,0.2830267707860798,19.504005772513256,0.9655172413793103,gwo,50
17,0.2830267707860798,340,157.84835212947206,42.15164787052794,100.0,20,20.0,20.0,1.0,True,0.19661982488579097,0.5666978739578746,0.2830267707860798,19.504005772513256,0.896551724137931,gwo,50
18,0.2830267707860798,360,157.84835212947206,42.15164787052794,100.0,20,20.0,20.0,1.0,True,0.19661982488579097,0.5666978739578746,0.2830267707860798,19.504005772513256,0.8275862068965518,gwo,50
19,0.2830267707860798,380,157.84835212947206,42.15164787052794,100.0,20,20.0,20.0,1.0,True,0.19661982488579097,0.5666978739578746,0.2830267707860798,19.504005772513256,0.7586206896551724,gwo,50
20,0.2830267707860798,400,157.84835212947206,42.15164787052794,100.0,20,20.0,20.0,1.0,True,0.19661982488579097,0.5666978739578746,0.2830267707860798,19.504005772513256,0.6896551724137931,gwo,50
21,0.2830267707860798,420,157.84835212947206,42.15164787052794,100.0,20,20.0,20.0,1.0,True,0.19661982488579097,0.5666978739578746,0.2830267707860798,19.504005772513256,0.6206896551724137,gwo,50
22,0.2830267707860798,440,157.84835212947206,42.15164787052794,100.0,20,20.0,20.0,1.0,True,0.19661982488579097,0.5666978739578746,0.2830267707860798,19.504005772513256,0.5517241379310345,gwo,50
23,0.2830267707860798,460,157.84835212947206,42.15164787052794,100.0,20,20.0,20.0,1.0,True,0.19661982488579097,0.5666978739578746,0.2830267707860798,19.504005772513256,0.48275862068965525,gwo,50
24,0.2830267707860798,480,157.84835212947206,42.15164787052794,100.0,20,20.0,20.0,1.0,True,0.19661982488579097,0.5666978739578746,0.2830267707860798,19.504005772513256,0.4137931034482758,gwo,50
25,0.2830267707860798,500,157.84835212947206,42.15164787052794,100.0,20,20.0,20.0,1.0,True,0.19661982488579097,0.5666978739578746,0.2830267707860798,19.504005772513256,0.3448275862068966,gwo,50
26,0.2830267707860798,520,157.84835212947206,42.15164787052794,100.0,20,20.0,20.0,1.0,True,0.19661982488579097,0.5666978739578746,0.2830267707860798,19.504005772513256,0.27586206896551735,gwo,50
27,0.2830267707860798,540,157.84835212947206,42.15164787052794,100.0,20,20.0,20.0,1.0,True,0.19661982488579097,0.5666978739578746,0.2830267707860798,19.504005772513256,0.2068965517241379,gwo,50
28,0.2830103492857965,560,157.81226249388737,42.187737506112626,100.0,20,20.0,20.0,1.0,True,0.19662206992993578,0.5667173787588199,0.2830103492857965,19.502902091217873,0.13793103448275867,gwo,50
29,0.2830103492857965,580,157.81226249388737,42.187737506112626,100.0,20,20.0,20.0,1.0,True,0.19662206992993578,0.5667173787588199,0.2830103492857965,19.502902091217873,0.06896551724137945,gwo,50
30,0.2830103492857965,600,157.81226249388737,42.187737506112626,100.0,20,20.0,20.0,1.0,True,0.19662206992993578,0.5667173787588199,0.2830103492857965,19.502902091217873,0.0,gwo,50
1,0.30282512168376735,20,111.21151336486639,88.78848663513361,80.0,16,45.0,45.0,1.0,True,0.1739071982210697,0.6167083809025072,0.30282512168376735,20.298038088383244,2.0,gwo,51
2,0.29737361510289806,40,141.6563702380995,58.3436297619005,100.0,20,15.0,15.0,1.0,True,0.17156548254538956,0.547617377838134,0.29737361510289806,19.86245264393292,1.9310344827586208,gwo,51
3,0.2908040307933403,60,152.899445534563,47.100554465437,95.0,19,30.0,60.0,2.0,True,0.19020655790361476,0.5908687928714056,0.2908040307933403,19.890539865408975,1.8620689655172413,gwo,51
4,0.28768364649773254,80,120.38217586543027,79.61782413456973,80.0,16,30.0,30.0,1.0,True,0.19740802320511916,0.622205583679743,0.28768364649773254,19.84657638267446,1.793103448275862,gwo,51
5,0.2852985706000089,100,158.33602210440122,41.66397789559878,100.0,20,25.0,25.0,1.0,True,0.1895113714240894,0.5705609778708534,0.2852985706000089,19.493268827600385,1.7241379310344827,gwo,51
6,0.2852985706000089,120,158.33602210440122,41.66397789559878,100.0,20,25.0,25.0,1.0,True,0.1895113714240894,0.5705609778708534,0.2852985706000089,19.493268827600385,1.6551724137931034,gwo,51
7,0.2852985706000089,140,158.33602210440122,41.66397789559878,100.0,20,25.0,25.0,1.0,True,0.1895113714240894,0.5705609778708534,0.2852985706000089,19.493268827600385,1.5862068965517242,gwo,51
8,0.2852985706000089,160,158.33602210440122,41.66397789559878,100.0,20,25.0,25.0,1.0,True,0.1895113714240894,0.5705609778708534,0.2852985706000089,19.493268827600385,1.5172413793103448,gwo,51
9,0.2852985706000089,180,158.33602210440122,41.66397789559878,100.0,20,25.0,25.0,1.0,True,0.1895113714240894,0.5705609778708534,0.2852985706000089,19.493268827600385,1.4482758620689655,gwo,51
10,0.2852985706000089,200,158.33602210440122,41.66397789559878,100.0,20,25.0,25.0,1.0,True,0.1895113714240894,0.5705609778708534,0.2852985706000089,19.493268827600385,1.3793103448275863,gwo,51
11,0.2852985706000089,220,158.33602210440122,41.66397789559878,100.0,20,25.0,25.0,1.0,True,0.1895113714240894,0.5705609778708534,0.2852985706000089,19.493268827600385,1.3103448275862069,gwo,51
12,0.2852985706000089,240,158.33602210440122,41.66397789559878,100.0,20,25.0,25.0,1.0,True,0.1895113714240894,0.5705609778708534,0.2852985706000089,19.493268827600385,1.2413793103448276,gwo,51
13,0.2852985706000089,260,158.33602210440122,41.66397789559878,100.0,20,25.0,25.0,1.0,True,0.1895113714240894,0.5705609778708534,0.2852985706000089,19.493268827600385,1.1724137931034484,gwo,51
14,0.2836375942129931,280,159.27102094464968,40.72897905535032,100.0,20,20.0,20.0,1.0,True,0.19805061157436993,0.564947828982883,0.2836375942129931,19.58152267443252,1.103448275862069,gwo,51
15,0.2836375942129931,300,159.27102094464968,40.72897905535032,100.0,20,20.0,20.0,1.0,True,0.19805061157436993,0.564947828982883,0.2836375942129931,19.58152267443252,1.0344827586206897,gwo,51
16,0.2836375942129931,320,159.27102094464968,40.72897905535032,100.0,20,20.0,20.0,1.0,True,0.19805061157436993,0.564947828982883,0.2836375942129931,19.58152267443252,0.9655172413793103,gwo,51
17,0.2836375942129931,340,159.27102094464968,40.72897905535032,100.0,20,20.0,20.0,1.0,True,0.19805061157436993,0.564947828982883,0.2836375942129931,19.58152267443252,0.896551724137931,gwo,51
18,0.2836375942129931,360,159.27102094464968,40.72897905535032,100.0,20,20.0,20.0,1.0,True,0.19805061157436993,0.564947828982883,0.2836375942129931,19.58152267443252,0.8275862068965518,gwo,51
19,0.2836375942129931,380,159.27102094464968,40.72897905535032,100.0,20,20.0,20.0,1.0,True,0.19805061157436993,0.564947828982883,0.2836375942129931,19.58152267443252,0.7586206896551724,gwo,51
20,0.2836375942129931,400,159.27102094464968,40.72897905535032,100.0,20,20.0,20.0,1.0,True,0.19805061157436993,0.564947828982883,0.2836375942129931,19.58152267443252,0.6896551724137931,gwo,51
21,0.2836375942129931,420,159.27102094464968,40.72897905535032,100.0,20,20.0,20.0,1.0,True,0.19805061157436993,0.564947828982883,0.2836375942129931,19.58152267443252,0.6206896551724137,gwo,51
22,0.2836375942129931,440,159.27102094464968,40.72897905535032,100.0,20,20.0,20.0,1.0,True,0.19805061157436993,0.564947828982883,0.2836375942129931,19.58152267443252,0.5517241379310345,gwo,51
23,0.2836375942129931,460,159.27102094464968,40.72897905535032,100.0,20,20.0,20.0,1.0,True,0.19805061157436993,0.564947828982883,0.2836375942129931,19.58152267443252,0.48275862068965525,gwo,51
24,0.2836375942129931,480,159.27102094464968,40.72897905535032,100.0,20,20.0,20.0,1.0,True,0.19805061157436993,0.564947828982883,0.2836375942129931,19.58152267443252,0.4137931034482758,gwo,51
25,0.2836375942129931,500,159.27102094464968,40.72897905535032,100.0,20,20.0,20.0,1.0,True,0.19805061157436993,0.564947828982883,0.2836375942129931,19.58152267443252,0.3448275862068966,gwo,51
26,0.2836123808154386,520,159.21672115330054,40.78327884669946,100.0,20,20.0,20.0,1.0,True,0.19805465742369643,0.5649775123317139,0.2836123808154386,19.579841283145477,0.27586206896551735,gwo,51
27,0.2832381828969975,540,158.3384815440162,41.66151845598381,100.0,20,20.0,20.0,1.0,True,0.1970331032450961,0.5661475548745442,0.2832381828969975,19.528842889650427,0.2068965517241379,gwo,51
28,0.2832163752813547,560,158.2921814436462,41.7078185563538,100.0,20,20.0,20.0,1.0,True,0.19702758331639153,0.5661802923024901,0.2832163752813547,19.52715842943617,0.13793103448275867,gwo,51
29,0.2832163752813547,580,158.2921814436462,41.7078185563538,100.0,20,20.0,20.0,1.0,True,0.19702758331639153,0.5661802923024901,0.2832163752813547,19.52715842943617,0.06896551724137945,gwo,51
30,0.2832163752813547,600,158.2921814436462,41.7078185563538,100.0,20,20.0,20.0,1.0,True,0.19702758331639153,0.5661802923024901,0.2832163752813547,19.52715842943617,0.0,gwo,51
1,0.3229360654127701,20,110.05847851495862,89.94152148504138,100.0,20,20.0,20.0,1.0,True,0.10740545158260104,0.5358967363537522,0.3229360654127701,20.019488870028702,2.0,gwo,52
2,0.29608221619310005,40,119.0249839977091,80.9750160022909,85.0,17,20.0,40.0,2.0,True,0.1712255588669951,0.6058569722561908,0.29608221619310005,19.778062550386164,1.9310344827586208,gwo,52
3,0.29398289755285967,60,163.11543964520786,36.88456035479214,100.0,20,35.0,70.0,2.0,True,0.18757651333492534,0.5790995735632513,0.29398289755285967,20.047192420297723,1.8620689655172413,gwo,52
4,0.29398289755285967,80,163.11543964520786,36.88456035479214,100.0,20,35.0,70.0,2.0,True,0.18757651333492534,0.5790995735632513,0.29398289755285967,20.047192420297723,1.793103448275862,gwo,52
5,0.2889546847341598,100,159.8641297782114,40.13587022178859,100.0,20,20.0,40.0,2.0,True,0.18895266382682702,0.5702882014635668,0.2889546847341598,19.72881428826406,1.7241379310344827,gwo,52
6,0.2889546847341598,120,159.8641297782114,40.13587022178859,100.0,20,20.0,40.0,2.0,True,0.18895266382682702,0.5702882014635668,0.2889546847341598,19.72881428826406,1.6551724137931034,gwo,52
7,0.28464059418941884,140,162.56047275527433,37.43952724472567,100.0,20,20.0,40.0,2.0,True,0.19653005636691978,0.5744336360098447,0.28464059418941884,19.61831246118312,1.5862068965517242,gwo,52
8,0.28464059418941884,160,162.56047275527433,37.43952724472567,100.0,20,20.0,40.0,2.0,True,0.19653005636691978,0.5744336360098447,0.28464059418941884,19.61831246118312,1.5172413793103448,gwo,52
9,0.28464059418941884,180,162.56047275527433,37.43952724472567,100.0,20,20.0,40.0,2.0,True,0.19653005636691978,0.5744336360098447,0.28464059418941884,19.61831246118312,1.4482758620689655,gwo,52
10,0.28464059418941884,200,162.56047275527433,37.43952724472567,100.0,20,20.0,40.0,2.0,True,0.19653005636691978,0.5744336360098447,0.28464059418941884,19.61831246118312,1.3793103448275863,gwo,52
11,0.28464059418941884,220,162.56047275527433,37.43952724472567,100.0,20,20.0,40.0,2.0,True,0.19653005636691978,0.5744336360098447,0.28464059418941884,19.61831246118312,1.3103448275862069,gwo,52
12,0.28464059418941884,240,162.56047275527433,37.43952724472567,100.0,20,20.0,40.0,2.0,True,0.19653005636691978,0.5744336360098447,0.28464059418941884,19.61831246118312,1.2413793103448276,gwo,52
13,0.28464059418941884,260,162.56047275527433,37.43952724472567,100.0,20,20.0,40.0,2.0,True,0.19653005636691978,0.5744336360098447,0.28464059418941884,19.61831246118312,1.1724137931034484,gwo,52
14,0.28464059418941884,280,162.56047275527433,37.43952724472567,100.0,20,20.0,40.0,2.0,True,0.19653005636691978,0.5744336360098447,0.28464059418941884,19.61831246118312,1.103448275862069,gwo,52
15,0.28464059418941884,300,162.56047275527433,37.43952724472567,100.0,20,20.0,40.0,2.0,True,0.19653005636691978,0.5744336360098447,0.28464059418941884,19.61831246118312,1.0344827586206897,gwo,52
16,0.2831008033802317,320,158.02713545961754,41.97286454038246,100.0,20,20.0,20.0,1.0,True,0.19682630762447673,0.5664651586179809,0.2831008033802317,19.514161463116054,0.9655172413793103,gwo,52
17,0.2831008033802317,340,158.02713545961754,41.97286454038246,100.0,20,20.0,20.0,1.0,True,0.19682630762447673,0.5664651586179809,0.2831008033802317,19.514161463116054,0.896551724137931,gwo,52
18,0.2831008033802317,360,158.02713545961754,41.97286454038246,100.0,20,20.0,20.0,1.0,True,0.19682630762447673,0.5664651586179809,0.2831008033802317,19.514161463116054,0.8275862068965518,gwo,52
19,0.2831008033802317,380,158.02713545961754,41.97286454038246,100.0,20,20.0,20.0,1.0,True,0.19682630762447673,0.5664651586179809,0.2831008033802317,19.514161463116054,0.7586206896551724,gwo,52
20,0.2831008033802317,400,158.02713545961754,41.97286454038246,100.0,20,20.0,20.0,1.0,True,0.19682630762447673,0.5664651586179809,0.2831008033802317,19.514161463116054,0.6896551724137931,gwo,52
21,0.2831008033802317,420,158.02713545961754,41.97286454038246,100.0,20,20.0,20.0,1.0,True,0.19682630762447673,0.5664651586179809,0.2831008033802317,19.514161463116054,0.6206896551724137,gwo,52
22,0.2831008033802317,440,158.02713545961754,41.97286454038246,100.0,20,20.0,20.0,1.0,True,0.19682630762447673,0.5664651586179809,0.2831008033802317,19.514161463116054,0.5517241379310345,gwo,52
23,0.2831008033802317,460,158.02713545961754,41.97286454038246,100.0,20,20.0,20.0,1.0,True,0.19682630762447673,0.5664651586179809,0.2831008033802317,19.514161463116054,0.48275862068965525,gwo,52
24,0.2831008033802317,480,158.02713545961754,41.97286454038246,100.0,20,20.0,20.0,1.0,True,0.19682630762447673,0.5664651586179809,0.2831008033802317,19.514161463116054,0.4137931034482758,gwo,52
25,0.2818880353975282,500,153.73266451535403,46.26733548464597,95.0,19,25.0,25.0,1.0,True,0.19953879084472312,0.5844603147004016,0.2818880353975282,19.5015670428986,0.3448275862068966,gwo,52
26,0.2818880353975282,520,153.73266451535403,46.26733548464597,95.0,19,25.0,25.0,1.0,True,0.19953879084472312,0.5844603147004016,0.2818880353975282,19.5015670428986,0.27586206896551735,gwo,52
27,0.2818880353975282,540,153.73266451535403,46.26733548464597,95.0,19,25.0,25.0,1.0,True,0.19953879084472312,0.5844603147004016,0.2818880353975282,19.5015670428986,0.2068965517241379,gwo,52
28,0.2818371272637768,560,153.61935429583644,46.380645704163555,95.0,19,25.0,25.0,1.0,True,0.1994251211634479,0.584609605888259,0.2818371272637768,19.49520160096287,0.13793103448275867,gwo,52
29,0.2818371272637768,580,153.61935429583644,46.380645704163555,95.0,19,25.0,25.0,1.0,True,0.1994251211634479,0.584609605888259,0.2818371272637768,19.49520160096287,0.06896551724137945,gwo,52
30,0.28137442960409753,600,152.5499213333063,47.45007866669371,95.0,19,25.0,25.0,1.0,True,0.19853771927693434,0.5858406954476407,0.28137442960409753,19.441186701382236,0.0,gwo,52
1,0.33815225842108965,20,97.58741863112155,102.41258136887845,100.0,20,35.0,35.0,1.0,True,0.07706086844943563,0.5347227318553525,0.33815225842108965,20.2748519901068,2.0,gwo,53
2,0.31798930762561267,40,129.6501822056973,70.34981779430271,100.0,20,30.0,60.0,2.0,True,0.12270078981195776,0.5616551644513564,0.31798930762561267,20.065768093955178,1.9310344827586208,gwo,53
3,0.31300947741774565,60,89.93051917920847,110.06948082079153,80.0,16,30.0,30.0,1.0,True,0.14668144198531904,0.5953684032361805,0.31300947741774565,20.307068484313252,1.8620689655172413,gwo,53
4,0.2978323303256689,80,143.67098403552907,56.329015964470926,100.0,20,30.0,30.0,1.0,True,0.15655408102012208,0.5671494460344209,0.2978323303256689,19.551159815395156,1.793103448275862,gwo,53
5,0.29382970301615824,100,162.77535374931927,37.224646250680735,100.0,20,35.0,70.0,2.0,True,0.1872103160876427,0.5795554888290089,0.29382970301615824,20.027437536456375,1.7241379310344827,gwo,53
6,0.29382970301615824,120,162.77535374931927,37.224646250680735,100.0,20,35.0,70.0,2.0,True,0.1872103160876427,0.5795554888290089,0.29382970301615824,20.027437536456375,1.6551724137931034,gwo,53
7,0.2897273643460971,140,144.80725742682225,55.19274257317775,100.0,20,10.0,10.0,1.0,True,0.1938338850572868,0.5448762182170785,0.2897273643460971,19.880681629385734,1.5862068965517242,gwo,53
8,0.2897273643460971,160,144.80725742682225,55.19274257317775,100.0,20,10.0,10.0,1.0,True,0.1938338850572868,0.5448762182170785,0.2897273643460971,19.880681629385734,1.5172413793103448,gwo,53
9,0.28256479908334897,180,137.7728881412186,62.2271118587814,90.0,18,20.0,20.0,1.0,True,0.19459727456325196,0.5944685970371498,0.28256479908334897,19.421409157496157,1.4482758620689655,gwo,53
10,0.28256479908334897,200,137.7728881412186,62.2271118587814,90.0,18,20.0,20.0,1.0,True,0.19459727456325196,0.5944685970371498,0.28256479908334897,19.421409157496157,1.3793103448275863,gwo,53
11,0.28256479908334897,220,137.7728881412186,62.2271118587814,90.0,18,20.0,20.0,1.0,True,0.19459727456325196,0.5944685970371498,0.28256479908334897,19.421409157496157,1.3103448275862069,gwo,53
12,0.28256479908334897,240,137.7728881412186,62.2271118587814,90.0,18,20.0,20.0,1.0,True,0.19459727456325196,0.5944685970371498,0.28256479908334897,19.421409157496157,1.2413793103448276,gwo,53
13,0.28256479908334897,260,137.7728881412186,62.2271118587814,90.0,18,20.0,20.0,1.0,True,0.19459727456325196,0.5944685970371498,0.28256479908334897,19.421409157496157,1.1724137931034484,gwo,53
14,0.28256479908334897,280,137.7728881412186,62.2271118587814,90.0,18,20.0,20.0,1.0,True,0.19459727456325196,0.5944685970371498,0.28256479908334897,19.421409157496157,1.103448275862069,gwo,53
15,0.28256479908334897,300,137.7728881412186,62.2271118587814,90.0,18,20.0,20.0,1.0,True,0.19459727456325196,0.5944685970371498,0.28256479908334897,19.421409157496157,1.0344827586206897,gwo,53
16,0.28256479908334897,320,137.7728881412186,62.2271118587814,90.0,18,20.0,20.0,1.0,True,0.19459727456325196,0.5944685970371498,0.28256479908334897,19.421409157496157,0.9655172413793103,gwo,53
17,0.28256479908334897,340,137.7728881412186,62.2271118587814,90.0,18,20.0,20.0,1.0,True,0.19459727456325196,0.5944685970371498,0.28256479908334897,19.421409157496157,0.896551724137931,gwo,53
18,0.2814025122702043,360,152.61865173978254,47.381348260217464,95.0,19,25.0,25.0,1.0,True,0.19864283015640022,0.5857302577713638,0.2814025122702043,19.445690977878474,0.8275862068965518,gwo,53
19,0.2814025122702043,380,152.61865173978254,47.381348260217464,95.0,19,25.0,25.0,1.0,True,0.19864283015640022,0.5857302577713638,0.2814025122702043,19.445690977878474,0.7586206896551724,gwo,53
20,0.2814025122702043,400,152.61865173978254,47.381348260217464,95.0,19,25.0,25.0,1.0,True,0.19864283015640022,0.5857302577713638,0.2814025122702043,19.445690977878474,0.6896551724137931,gwo,53
21,0.2814025122702043,420,152.61865173978254,47.381348260217464,95.0,19,25.0,25.0,1.0,True,0.19864283015640022,0.5857302577713638,0.2814025122702043,19.445690977878474,0.6206896551724137,gwo,53
22,0.2814025122702043,440,152.61865173978254,47.381348260217464,95.0,19,25.0,25.0,1.0,True,0.19864283015640022,0.5857302577713638,0.2814025122702043,19.445690977878474,0.5517241379310345,gwo,53
23,0.2814025122702043,460,152.61865173978254,47.381348260217464,95.0,19,25.0,25.0,1.0,True,0.19864283015640022,0.5857302577713638,0.2814025122702043,19.445690977878474,0.48275862068965525,gwo,53
24,0.2814025122702043,480,152.61865173978254,47.381348260217464,95.0,19,25.0,25.0,1.0,True,0.19864283015640022,0.5857302577713638,0.2814025122702043,19.445690977878474,0.4137931034482758,gwo,53
25,0.2814025122702043,500,152.61865173978254,47.381348260217464,95.0,19,25.0,25.0,1.0,True,0.19864283015640022,0.5857302577713638,0.2814025122702043,19.445690977878474,0.3448275862068966,gwo,53
26,0.2814025122702043,520,152.61865173978254,47.381348260217464,95.0,19,25.0,25.0,1.0,True,0.19864283015640022,0.5857302577713638,0.2814025122702043,19.445690977878474,0.27586206896551735,gwo,53
27,0.2814025122702043,540,152.61865173978254,47.381348260217464,95.0,19,25.0,25.0,1.0,True,0.19864283015640022,0.5857302577713638,0.2814025122702043,19.445690977878474,0.2068965517241379,gwo,53
28,0.2814025122702043,560,152.61865173978254,47.381348260217464,95.0,19,25.0,25.0,1.0,True,0.19864283015640022,0.5857302577713638,0.2814025122702043,19.445690977878474,0.13793103448275867,gwo,53
29,0.2814025122702043,580,152.61865173978254,47.381348260217464,95.0,19,25.0,25.0,1.0,True,0.19864283015640022,0.5857302577713638,0.2814025122702043,19.445690977878474,0.06896551724137945,gwo,53
30,0.2814025122702043,600,152.61865173978254,47.381348260217464,95.0,19,25.0,25.0,1.0,True,0.19864283015640022,0.5857302577713638,0.2814025122702043,19.445690977878474,0.0,gwo,53
1,0.32101009548200155,20,79.49927277669401,120.50072722330599,75.0,15,15.0,60.0,4.0,True,0.15359259224936686,0.606793283273064,0.32101009548200155,20.99775946336425,2.0,gwo,54
2,0.29853164230317464,40,148.45564995880184,51.54435004119816,100.0,20,25.0,50.0,2.0,True,0.16295996484617323,0.571460606023121,0.29853164230317464,19.74884937827706,1.9310344827586208,gwo,54
3,0.29471767273748384,60,152.87096873519013,47.12903126480987,100.0,20,25.0,50.0,2.0,True,0.17209042941309668,0.5740091363864362,0.29471767273748384,19.713397126016194,1.8620689655172413,gwo,54
4,0.29471767273748384,80,152.87096873519013,47.12903126480987,100.0,20,25.0,50.0,2.0,True,0.17209042941309668,0.5740091363864362,0.29471767273748384,19.713397126016194,1.793103448275862,gwo,54
5,0.29471767273748384,100,152.87096873519013,47.12903126480987,100.0,20,25.0,50.0,2.0,True,0.17209042941309668,0.5740091363864362,0.29471767273748384,19.713397126016194,1.7241379310344827,gwo,54
6,0.2880699610915432,120,102.79635698877807,97.20364301122193,75.0,15,15.0,30.0,2.0,True,0.19739276737710573,0.6333177432145414,0.2880699610915432,19.86859219179653,1.6551724137931034,gwo,54
7,0.2880699610915432,140,102.79635698877807,97.20364301122193,75.0,15,15.0,30.0,2.0,True,0.19739276737710573,0.6333177432145414,0.2880699610915432,19.86859219179653,1.5862068965517242,gwo,54
8,0.2880699610915432,160,102.79635698877807,97.20364301122193,75.0,15,15.0,30.0,2.0,True,0.19739276737710573,0.6333177432145414,0.2880699610915432,19.86859219179653,1.5172413793103448,gwo,54
9,0.2880699610915432,180,102.79635698877807,97.20364301122193,75.0,15,15.0,30.0,2.0,True,0.19739276737710573,0.6333177432145414,0.2880699610915432,19.86859219179653,1.4482758620689655,gwo,54
10,0.2880699610915432,200,102.79635698877807,97.20364301122193,75.0,15,15.0,30.0,2.0,True,0.19739276737710573,0.6333177432145414,0.2880699610915432,19.86859219179653,1.3793103448275863,gwo,54
11,0.2880699610915432,220,102.79635698877807,97.20364301122193,75.0,15,15.0,30.0,2.0,True,0.19739276737710573,0.6333177432145414,0.2880699610915432,19.86859219179653,1.3103448275862069,gwo,54
12,0.2880699610915432,240,102.79635698877807,97.20364301122193,75.0,15,15.0,30.0,2.0,True,0.19739276737710573,0.6333177432145414,0.2880699610915432,19.86859219179653,1.2413793103448276,gwo,54
13,0.2880699610915432,260,102.79635698877807,97.20364301122193,75.0,15,15.0,30.0,2.0,True,0.19739276737710573,0.6333177432145414,0.2880699610915432,19.86859219179653,1.1724137931034484,gwo,54
14,0.2857658941450256,280,140.42475523229675,59.57524476770325,90.0,18,15.0,30.0,2.0,True,0.1972801547976245,0.5910349929080452,0.2857658941450256,19.70438330708412,1.103448275862069,gwo,54
15,0.2857658941450256,300,140.42475523229675,59.57524476770325,90.0,18,15.0,30.0,2.0,True,0.1972801547976245,0.5910349929080452,0.2857658941450256,19.70438330708412,1.0344827586206897,gwo,54
16,0.2857658941450256,320,140.42475523229675,59.57524476770325,90.0,18,15.0,30.0,2.0,True,0.1972801547976245,0.5910349929080452,0.2857658941450256,19.70438330708412,0.9655172413793103,gwo,54
17,0.2857658941450256,340,140.42475523229675,59.57524476770325,90.0,18,15.0,30.0,2.0,True,0.1972801547976245,0.5910349929080452,0.2857658941450256,19.70438330708412,0.896551724137931,gwo,54
18,0.2857658941450256,360,140.42475523229675,59.57524476770325,90.0,18,15.0,30.0,2.0,True,0.1972801547976245,0.5910349929080452,0.2857658941450256,19.70438330708412,0.8275862068965518,gwo,54
19,0.2857658941450256,380,140.42475523229675,59.57524476770325,90.0,18,15.0,30.0,2.0,True,0.1972801547976245,0.5910349929080452,0.2857658941450256,19.70438330708412,0.7586206896551724,gwo,54
20,0.2857658941450256,400,140.42475523229675,59.57524476770325,90.0,18,15.0,30.0,2.0,True,0.1972801547976245,0.5910349929080452,0.2857658941450256,19.70438330708412,0.6896551724137931,gwo,54
21,0.2857658941450256,420,140.42475523229675,59.57524476770325,90.0,18,15.0,30.0,2.0,True,0.1972801547976245,0.5910349929080452,0.2857658941450256,19.70438330708412,0.6206896551724137,gwo,54
22,0.28469966170720157,440,143.62037149506037,56.37962850493963,90.0,18,20.0,40.0,2.0,True,0.1979410411318981,0.600092276413642,0.28469966170720157,19.65461666979907,0.5517241379310345,gwo,54
23,0.28469966170720157,460,143.62037149506037,56.37962850493963,90.0,18,20.0,40.0,2.0,True,0.1979410411318981,0.600092276413642,0.28469966170720157,19.65461666979907,0.48275862068965525,gwo,54
24,0.28468595960993087,480,153.15306399740385,46.84693600259615,95.0,19,20.0,40.0,2.0,True,0.19671979917671156,0.586944537566855,0.28468595960993087,19.62473108045558,0.4137931034482758,gwo,54
25,0.2843823370991695,500,128.0909904548864,71.9090095451136,85.0,17,15.0,30.0,2.0,True,0.1968789107018348,0.6083559456718399,0.2843823370991695,19.59918843962844,0.3448275862068966,gwo,54
26,0.2843823370991695,520,128.0909904548864,71.9090095451136,85.0,17,15.0,30.0,2.0,True,0.1968789107018348,0.6083559456718399,0.2843823370991695,19.59918843962844,0.27586206896551735,gwo,54
27,0.2842919023070223,540,142.70165321463074,57.29834678536926,90.0,18,20.0,40.0,2.0,True,0.19715551034269313,0.6011980292239568,0.2842919023070223,19.606937691273558,0.2068965517241379,gwo,54
28,0.2842919023070223,560,142.70165321463074,57.29834678536926,90.0,18,20.0,40.0,2.0,True,0.19715551034269313,0.6011980292239568,0.2842919023070223,19.606937691273558,0.13793103448275867,gwo,54
29,0.2842919023070223,580,142.70165321463074,57.29834678536926,90.0,18,20.0,40.0,2.0,True,0.19715551034269313,0.6011980292239568,0.2842919023070223,19.606937691273558,0.06896551724137945,gwo,54
30,0.2842919023070223,600,142.70165321463074,57.29834678536926,90.0,18,20.0,40.0,2.0,True,0.19715551034269313,0.6011980292239568,0.2842919023070223,19.606937691273558,0.0,gwo,54
1,0.29471786811605777,20,146.67157632215586,53.32842367784414,95.0,19,35.0,35.0,1.0,True,0.17619793863634073,0.5798018188886689,0.29471786811605777,19.81052369805647,2.0,gwo,55
2,0.29471786811605777,40,146.67157632215586,53.32842367784414,95.0,19,35.0,35.0,1.0,True,0.17619793863634073,0.5798018188886689,0.29471786811605777,19.81052369805647,1.9310344827586208,gwo,55
3,0.29060353494021074,60,123.81939032469215,76.18060967530785,85.0,17,30.0,30.0,1.0,True,0.18240882679797998,0.607685616033431,0.29060353494021074,19.679493486565388,1.8620689655172413,gwo,55
4,0.29060353494021074,80,123.81939032469215,76.18060967530785,85.0,17,30.0,30.0,1.0,True,0.18240882679797998,0.607685616033431,0.29060353494021074,19.679493486565388,1.793103448275862,gwo,55
5,0.28679173705742766,100,141.16879954754899,58.831200452451014,90.0,18,25.0,25.0,1.0,True,0.1908924336700741,0.5933123376144896,0.28679173705742766,19.625869294515006,1.7241379310344827,gwo,55
6,0.28679173705742766,120,141.16879954754899,58.831200452451014,90.0,18,25.0,25.0,1.0,True,0.1908924336700741,0.5933123376144896,0.28679173705742766,19.625869294515006,1.6551724137931034,gwo,55
7,0.28679173705742766,140,141.16879954754899,58.831200452451014,90.0,18,25.0,25.0,1.0,True,0.1908924336700741,0.5933123376144896,0.28679173705742766,19.625869294515006,1.5862068965517242,gwo,55
8,0.2819941962298159,160,163.23509230473738,36.76490769526262,100.0,20,25.0,25.0,1.0,True,0.19931816880544861,0.571910659013488,0.2819941962298159,19.505430984825093,1.5172413793103448,gwo,55
9,0.2819941962298159,180,163.23509230473738,36.76490769526262,100.0,20,25.0,25.0,1.0,True,0.19931816880544861,0.571910659013488,0.2819941962298159,19.505430984825093,1.4482758620689655,gwo,55
10,0.2819941962298159,200,163.23509230473738,36.76490769526262,100.0,20,25.0,25.0,1.0,True,0.19931816880544861,0.571910659013488,0.2819941962298159,19.505430984825093,1.3793103448275863,gwo,55
11,0.2819941962298159,220,163.23509230473738,36.76490769526262,100.0,20,25.0,25.0,1.0,True,0.19931816880544861,0.571910659013488,0.2819941962298159,19.505430984825093,1.3103448275862069,gwo,55
12,0.2817466236106872,240,162.63430894450164,37.36569105549836,100.0,20,25.0,25.0,1.0,True,0.19856023487678243,0.5727518988436967,0.2817466236106872,19.46965956677056,1.2413793103448276,gwo,55
13,0.2817466236106872,260,162.63430894450164,37.36569105549836,100.0,20,25.0,25.0,1.0,True,0.19856023487678243,0.5727518988436967,0.2817466236106872,19.46965956677056,1.1724137931034484,gwo,55
14,0.2817466236106872,280,162.63430894450164,37.36569105549836,100.0,20,25.0,25.0,1.0,True,0.19856023487678243,0.5727518988436967,0.2817466236106872,19.46965956677056,1.103448275862069,gwo,55
15,0.2817466236106872,300,162.63430894450164,37.36569105549836,100.0,20,25.0,25.0,1.0,True,0.19856023487678243,0.5727518988436967,0.2817466236106872,19.46965956677056,1.0344827586206897,gwo,55
16,0.2817466236106872,320,162.63430894450164,37.36569105549836,100.0,20,25.0,25.0,1.0,True,0.19856023487678243,0.5727518988436967,0.2817466236106872,19.46965956677056,0.9655172413793103,gwo,55
17,0.2817466236106872,340,162.63430894450164,37.36569105549836,100.0,20,25.0,25.0,1.0,True,0.19856023487678243,0.5727518988436967,0.2817466236106872,19.46965956677056,0.896551724137931,gwo,55
18,0.2817466236106872,360,162.63430894450164,37.36569105549836,100.0,20,25.0,25.0,1.0,True,0.19856023487678243,0.5727518988436967,0.2817466236106872,19.46965956677056,0.8275862068965518,gwo,55
19,0.2817466236106872,380,162.63430894450164,37.36569105549836,100.0,20,25.0,25.0,1.0,True,0.19856023487678243,0.5727518988436967,0.2817466236106872,19.46965956677056,0.7586206896551724,gwo,55
20,0.2817466236106872,400,162.63430894450164,37.36569105549836,100.0,20,25.0,25.0,1.0,True,0.19856023487678243,0.5727518988436967,0.2817466236106872,19.46965956677056,0.6896551724137931,gwo,55
21,0.2817466236106872,420,162.63430894450164,37.36569105549836,100.0,20,25.0,25.0,1.0,True,0.19856023487678243,0.5727518988436967,0.2817466236106872,19.46965956677056,0.6206896551724137,gwo,55
22,0.2817466236106872,440,162.63430894450164,37.36569105549836,100.0,20,25.0,25.0,1.0,True,0.19856023487678243,0.5727518988436967,0.2817466236106872,19.46965956677056,0.5517241379310345,gwo,55
23,0.2817466236106872,460,162.63430894450164,37.36569105549836,100.0,20,25.0,25.0,1.0,True,0.19856023487678243,0.5727518988436967,0.2817466236106872,19.46965956677056,0.48275862068965525,gwo,55
24,0.28149992482562686,480,152.85152511647559,47.148474883524415,95.0,19,25.0,25.0,1.0,True,0.19888360555511617,0.5854353817975447,0.28149992482562686,19.45832863702706,0.4137931034482758,gwo,55
25,0.28149992482562686,500,152.85152511647559,47.148474883524415,95.0,19,25.0,25.0,1.0,True,0.19888360555511617,0.5854353817975447,0.28149992482562686,19.45832863702706,0.3448275862068966,gwo,55
26,0.28149992482562686,520,152.85152511647559,47.148474883524415,95.0,19,25.0,25.0,1.0,True,0.19888360555511617,0.5854353817975447,0.28149992482562686,19.45832863702706,0.27586206896551735,gwo,55
27,0.28149992482562686,540,152.85152511647559,47.148474883524415,95.0,19,25.0,25.0,1.0,True,0.19888360555511617,0.5854353817975447,0.28149992482562686,19.45832863702706,0.2068965517241379,gwo,55
28,0.28149992482562686,560,152.85152511647559,47.148474883524415,95.0,19,25.0,25.0,1.0,True,0.19888360555511617,0.5854353817975447,0.28149992482562686,19.45832863702706,0.13793103448275867,gwo,55
29,0.28149992482562686,580,152.85152511647559,47.148474883524415,95.0,19,25.0,25.0,1.0,True,0.19888360555511617,0.5854353817975447,0.28149992482562686,19.45832863702706,0.06896551724137945,gwo,55
30,0.28149992482562686,600,152.85152511647559,47.148474883524415,95.0,19,25.0,25.0,1.0,True,0.19888360555511617,0.5854353817975447,0.28149992482562686,19.45832863702706,0.0,gwo,55
1,0.3069041603361858,20,97.59623206070134,102.40376793929866,75.0,15,35.0,70.0,2.0,True,0.17528429177311972,0.6372266996704807,0.3069041603361858,20.610598408521888,2.0,gwo,56
2,0.2924712484198057,40,123.32369170616766,76.67630829383234,95.0,19,0.0,0.0,1.0,True,0.19944949864798805,0.5362524040369224,0.2924712484198057,20.202531761391473,1.9310344827586208,gwo,56
3,0.2924712484198057,60,123.32369170616766,76.67630829383234,95.0,19,0.0,0.0,1.0,True,0.19944949864798805,0.5362524040369224,0.2924712484198057,20.202531761391473,1.8620689655172413,gwo,56
4,0.2924712484198057,80,123.32369170616766,76.67630829383234,95.0,19,0.0,0.0,1.0,True,0.19944949864798805,0.5362524040369224,0.2924712484198057,20.202531761391473,1.793103448275862,gwo,56
5,0.2859561787945163,100,165.29955682617125,34.700443173828745,100.0,20,20.0,40.0,2.0,True,0.19847441998111176,0.5713215825555724,0.2859561787945163,19.757729559063293,1.7241379310344827,gwo,56
6,0.2859561787945163,120,165.29955682617125,34.700443173828745,100.0,20,20.0,40.0,2.0,True,0.19847441998111176,0.5713215825555724,0.2859561787945163,19.757729559063293,1.6551724137931034,gwo,56
7,0.2859561787945163,140,165.29955682617125,34.700443173828745,100.0,20,20.0,40.0,2.0,True,0.19847441998111176,0.5713215825555724,0.2859561787945163,19.757729559063293,1.5862068965517242,gwo,56
8,0.2859561787945163,160,165.29955682617125,34.700443173828745,100.0,20,20.0,40.0,2.0,True,0.19847441998111176,0.5713215825555724,0.2859561787945163,19.757729559063293,1.5172413793103448,gwo,56
9,0.2859561787945163,180,165.29955682617125,34.700443173828745,100.0,20,20.0,40.0,2.0,True,0.19847441998111176,0.5713215825555724,0.2859561787945163,19.757729559063293,1.4482758620689655,gwo,56
10,0.2859561787945163,200,165.29955682617125,34.700443173828745,100.0,20,20.0,40.0,2.0,True,0.19847441998111176,0.5713215825555724,0.2859561787945163,19.757729559063293,1.3793103448275863,gwo,56
11,0.2859561787945163,220,165.29955682617125,34.700443173828745,100.0,20,20.0,40.0,2.0,True,0.19847441998111176,0.5713215825555724,0.2859561787945163,19.757729559063293,1.3103448275862069,gwo,56
12,0.2859561787945163,240,165.29955682617125,34.700443173828745,100.0,20,20.0,40.0,2.0,True,0.19847441998111176,0.5713215825555724,0.2859561787945163,19.757729559063293,1.2413793103448276,gwo,56
13,0.2859561787945163,260,165.29955682617125,34.700443173828745,100.0,20,20.0,40.0,2.0,True,0.19847441998111176,0.5713215825555724,0.2859561787945163,19.757729559063293,1.1724137931034484,gwo,56
14,0.2859561787945163,280,165.29955682617125,34.700443173828745,100.0,20,20.0,40.0,2.0,True,0.19847441998111176,0.5713215825555724,0.2859561787945163,19.757729559063293,1.103448275862069,gwo,56
15,0.2859561787945163,300,165.29955682617125,34.700443173828745,100.0,20,20.0,40.0,2.0,True,0.19847441998111176,0.5713215825555724,0.2859561787945163,19.757729559063293,1.0344827586206897,gwo,56
16,0.2859561787945163,320,165.29955682617125,34.700443173828745,100.0,20,20.0,40.0,2.0,True,0.19847441998111176,0.5713215825555724,0.2859561787945163,19.757729559063293,0.9655172413793103,gwo,56
17,0.2859561787945163,340,165.29955682617125,34.700443173828745,100.0,20,20.0,40.0,2.0,True,0.19847441998111176,0.5713215825555724,0.2859561787945163,19.757729559063293,0.896551724137931,gwo,56
18,0.2859561787945163,360,165.29955682617125,34.700443173828745,100.0,20,20.0,40.0,2.0,True,0.19847441998111176,0.5713215825555724,0.2859561787945163,19.757729559063293,0.8275862068965518,gwo,56
19,0.2859561787945163,380,165.29955682617125,34.700443173828745,100.0,20,20.0,40.0,2.0,True,0.19847441998111176,0.5713215825555724,0.2859561787945163,19.757729559063293,0.7586206896551724,gwo,56
20,0.2846997165532852,400,128.3980603557694,71.60193964423061,85.0,17,25.0,25.0,1.0,True,0.1931599033052024,0.610045912186966,0.2846997165532852,19.536204778040574,0.6896551724137931,gwo,56
21,0.2846997165532852,420,128.3980603557694,71.60193964423061,85.0,17,25.0,25.0,1.0,True,0.1931599033052024,0.610045912186966,0.2846997165532852,19.536204778040574,0.6206896551724137,gwo,56
22,0.2846997165532852,440,128.3980603557694,71.60193964423061,85.0,17,25.0,25.0,1.0,True,0.1931599033052024,0.610045912186966,0.2846997165532852,19.536204778040574,0.5517241379310345,gwo,56
23,0.28336564024799155,460,158.6381350701802,41.3618649298198,100.0,20,20.0,20.0,1.0,True,0.19735819137936497,0.5657647509209263,0.28336564024799155,19.545652715938427,0.48275862068965525,gwo,56
24,0.281039895493707,480,142.58506252006688,57.414937479933116,90.0,18,25.0,25.0,1.0,True,0.19972195021861922,0.5993861536242694,0.281039895493707,19.444819426472716,0.4137931034482758,gwo,56
25,0.281039895493707,500,142.58506252006688,57.414937479933116,90.0,18,25.0,25.0,1.0,True,0.19972195021861922,0.5993861536242694,0.281039895493707,19.444819426472716,0.3448275862068966,gwo,56
26,0.281039895493707,520,142.58506252006688,57.414937479933116,90.0,18,25.0,25.0,1.0,True,0.19972195021861922,0.5993861536242694,0.281039895493707,19.444819426472716,0.27586206896551735,gwo,56
27,0.281039895493707,540,142.58506252006688,57.414937479933116,90.0,18,25.0,25.0,1.0,True,0.19972195021861922,0.5993861536242694,0.281039895493707,19.444819426472716,0.2068965517241379,gwo,56
28,0.281039895493707,560,142.58506252006688,57.414937479933116,90.0,18,25.0,25.0,1.0,True,0.19972195021861922,0.5993861536242694,0.281039895493707,19.444819426472716,0.13793103448275867,gwo,56
29,0.281039895493707,580,142.58506252006688,57.414937479933116,90.0,18,25.0,25.0,1.0,True,0.19972195021861922,0.5993861536242694,0.281039895493707,19.444819426472716,0.06896551724137945,gwo,56
30,0.281039895493707,600,142.58506252006688,57.414937479933116,90.0,18,25.0,25.0,1.0,True,0.19972195021861922,0.5993861536242694,0.281039895493707,19.444819426472716,0.0,gwo,56
1,0.3074732549698454,20,105.3395578509253,94.6604421490747,85.0,17,10.0,40.0,4.0,True,0.1597885145661932,0.5841019146154666,0.3074732549698454,20.24788562943553,2.0,gwo,57
2,0.3074732549698454,40,105.3395578509253,94.6604421490747,85.0,17,10.0,40.0,4.0,True,0.1597885145661932,0.5841019146154666,0.3074732549698454,20.24788562943553,1.9310344827586208,gwo,57
3,0.3074732549698454,60,105.3395578509253,94.6604421490747,85.0,17,10.0,40.0,4.0,True,0.1597885145661932,0.5841019146154666,0.3074732549698454,20.24788562943553,1.8620689655172413,gwo,57
4,0.299562807574842,80,120.47708460041083,79.52291539958917,80.0,16,35.0,70.0,2.0,True,0.1880481870589229,0.6281605438175417,0.299562807574842,20.43352140759387,1.793103448275862,gwo,57
5,0.2851405160432326,100,148.5727283287822,51.427271671217795,95.0,19,25.0,25.0,1.0,True,0.18926834937391085,0.5833900902696183,0.2851405160432326,19.474124576078538,1.7241379310344827,gwo,57
6,0.2851405160432326,120,148.5727283287822,51.427271671217795,95.0,19,25.0,25.0,1.0,True,0.18926834937391085,0.5833900902696183,0.2851405160432326,19.474124576078538,1.6551724137931034,gwo,57
7,0.2851405160432326,140,148.5727283287822,51.427271671217795,95.0,19,25.0,25.0,1.0,True,0.18926834937391085,0.5833900902696183,0.2851405160432326,19.474124576078538,1.5862068965517242,gwo,57
8,0.2851405160432326,160,148.5727283287822,51.427271671217795,95.0,19,25.0,25.0,1.0,True,0.18926834937391085,0.5833900902696183,0.2851405160432326,19.474124576078538,1.5172413793103448,gwo,57
9,0.2851405160432326,180,148.5727283287822,51.427271671217795,95.0,19,25.0,25.0,1.0,True,0.18926834937391085,0.5833900902696183,0.2851405160432326,19.474124576078538,1.4482758620689655,gwo,57
10,0.2851405160432326,200,148.5727283287822,51.427271671217795,95.0,19,25.0,25.0,1.0,True,0.18926834937391085,0.5833900902696183,0.2851405160432326,19.474124576078538,1.3793103448275863,gwo,57
11,0.2851405160432326,220,148.5727283287822,51.427271671217795,95.0,19,25.0,25.0,1.0,True,0.18926834937391085,0.5833900902696183,0.2851405160432326,19.474124576078538,1.3103448275862069,gwo,57
12,0.28394841653740455,240,163.48867475086266,36.51132524913734,100.0,20,30.0,30.0,1.0,True,0.1960237192765075,0.5736953726648396,0.28394841653740455,19.562636995402706,1.2413793103448276,gwo,57
13,0.28394841653740455,260,163.48867475086266,36.51132524913734,100.0,20,30.0,30.0,1.0,True,0.1960237192765075,0.5736953726648396,0.28394841653740455,19.562636995402706,1.1724137931034484,gwo,57
14,0.28394841653740455,280,163.48867475086266,36.51132524913734,100.0,20,30.0,30.0,1.0,True,0.1960237192765075,0.5736953726648396,0.28394841653740455,19.562636995402706,1.103448275862069,gwo,57
15,0.28394841653740455,300,163.48867475086266,36.51132524913734,100.0,20,30.0,30.0,1.0,True,0.1960237192765075,0.5736953726648396,0.28394841653740455,19.562636995402706,1.0344827586206897,gwo,57
16,0.28394841653740455,320,163.48867475086266,36.51132524913734,100.0,20,30.0,30.0,1.0,True,0.1960237192765075,0.5736953726648396,0.28394841653740455,19.562636995402706,0.9655172413793103,gwo,57
17,0.28350551135357444,340,153.19876636229296,46.80123363770704,95.0,19,30.0,30.0,1.0,True,0.19662174832156887,0.5865494346655175,0.28350551135357444,19.54388280648194,0.896551724137931,gwo,57
18,0.2816456413705384,360,153.17576553507277,46.82423446492723,95.0,19,25.0,25.0,1.0,True,0.19906175582516009,0.585114873956337,0.2816456413705384,19.472948090832794,0.8275862068965518,gwo,57
19,0.2816456413705384,380,153.17576553507277,46.82423446492723,95.0,19,25.0,25.0,1.0,True,0.19906175582516009,0.585114873956337,0.2816456413705384,19.472948090832794,0.7586206896551724,gwo,57
20,0.2816456413705384,400,153.17576553507277,46.82423446492723,95.0,19,25.0,25.0,1.0,True,0.19906175582516009,0.585114873956337,0.2816456413705384,19.472948090832794,0.6896551724137931,gwo,57
21,0.2816456413705384,420,153.17576553507277,46.82423446492723,95.0,19,25.0,25.0,1.0,True,0.19906175582516009,0.585114873956337,0.2816456413705384,19.472948090832794,0.6206896551724137,gwo,57
22,0.2816456413705384,440,153.17576553507277,46.82423446492723,95.0,19,25.0,25.0,1.0,True,0.19906175582516009,0.585114873956337,0.2816456413705384,19.472948090832794,0.5517241379310345,gwo,57
23,0.2816456413705384,460,153.17576553507277,46.82423446492723,95.0,19,25.0,25.0,1.0,True,0.19906175582516009,0.585114873956337,0.2816456413705384,19.472948090832794,0.48275862068965525,gwo,57
24,0.2816456413705384,480,153.17576553507277,46.82423446492723,95.0,19,25.0,25.0,1.0,True,0.19906175582516009,0.585114873956337,0.2816456413705384,19.472948090832794,0.4137931034482758,gwo,57
25,0.2816456413705384,500,153.17576553507277,46.82423446492723,95.0,19,25.0,25.0,1.0,True,0.19906175582516009,0.585114873956337,0.2816456413705384,19.472948090832794,0.3448275862068966,gwo,57
26,0.2816456413705384,520,153.17576553507277,46.82423446492723,95.0,19,25.0,25.0,1.0,True,0.19906175582516009,0.585114873956337,0.2816456413705384,19.472948090832794,0.27586206896551735,gwo,57
27,0.2814996650345589,540,152.8508953521737,47.149104647826306,95.0,19,25.0,25.0,1.0,True,0.1988830752756899,0.585436079830568,0.2814996650345589,19.458297747565645,0.2068965517241379,gwo,57
28,0.2814996650345589,560,152.8508953521737,47.149104647826306,95.0,19,25.0,25.0,1.0,True,0.1988830752756899,0.585436079830568,0.2814996650345589,19.458297747565645,0.13793103448275867,gwo,57
29,0.28108664759464286,580,142.69598667554524,57.30401332445476,90.0,18,25.0,25.0,1.0,True,0.19981702691282568,0.5992580102930805,0.28108664759464286,19.45037396569438,0.06896551724137945,gwo,57
30,0.28108664759464286,600,142.69598667554524,57.30401332445476,90.0,18,25.0,25.0,1.0,True,0.19981702691282568,0.5992580102930805,0.28108664759464286,19.45037396569438,0.0,gwo,57
1,0.3297198986805681,20,105.31442993203606,94.68557006796394,95.0,19,25.0,50.0,2.0,True,0.09940422407540536,0.5574063862000825,0.3297198986805681,20.262851902905155,2.0,gwo,58
2,0.3022334988924512,40,151.73977538528217,48.26022461471783,90.0,18,50.0,100.0,2.0,True,0.1951629874014332,0.6057128641258352,0.3022334988924512,20.806566723060964,1.9310344827586208,gwo,58
3,0.3022334988924512,60,151.73977538528217,48.26022461471783,90.0,18,50.0,100.0,2.0,True,0.1951629874014332,0.6057128641258352,0.3022334988924512,20.806566723060964,1.8620689655172413,gwo,58
4,0.29047017157019633,80,153.10663534051307,46.893364659486934,100.0,20,30.0,30.0,1.0,True,0.17561362030122005,0.571565025937574,0.29047017157019633,19.51221353791827,1.793103448275862,gwo,58
5,0.29047017157019633,100,153.10663534051307,46.893364659486934,100.0,20,30.0,30.0,1.0,True,0.17561362030122005,0.571565025937574,0.29047017157019633,19.51221353791827,1.7241379310344827,gwo,58
6,0.28623214164472344,120,164.80188314284965,35.19811685715035,100.0,20,35.0,35.0,1.0,True,0.19621730822082895,0.5727391107607626,0.28623214164472344,19.725944236137412,1.6551724137931034,gwo,58
7,0.28623214164472344,140,164.80188314284965,35.19811685715035,100.0,20,35.0,35.0,1.0,True,0.19621730822082895,0.5727391107607626,0.28623214164472344,19.725944236137412,1.5862068965517242,gwo,58
8,0.28623214164472344,160,164.80188314284965,35.19811685715035,100.0,20,35.0,35.0,1.0,True,0.19621730822082895,0.5727391107607626,0.28623214164472344,19.725944236137412,1.5172413793103448,gwo,58
9,0.28617814871700936,180,164.66953701486344,35.33046298513656,100.0,20,35.0,35.0,1.0,True,0.1960934869677042,0.5728898185281593,0.28617814871700936,19.719186389486406,1.4482758620689655,gwo,58
10,0.2837127971588673,200,144.44333098570624,55.55666901429376,90.0,18,30.0,30.0,1.0,True,0.1997844735680411,0.5980828858228908,0.2837127971588673,19.633076683177315,1.3793103448275863,gwo,58
11,0.2837127971588673,220,144.44333098570624,55.55666901429376,90.0,18,30.0,30.0,1.0,True,0.1997844735680411,0.5980828858228908,0.2837127971588673,19.633076683177315,1.3103448275862069,gwo,58
12,0.2837127971588673,240,144.44333098570624,55.55666901429376,90.0,18,30.0,30.0,1.0,True,0.1997844735680411,0.5980828858228908,0.2837127971588673,19.633076683177315,1.2413793103448276,gwo,58
13,0.2837127971588673,260,144.44333098570624,55.55666901429376,90.0,18,30.0,30.0,1.0,True,0.1997844735680411,0.5980828858228908,0.2837127971588673,19.633076683177315,1.1724137931034484,gwo,58
14,0.2837127971588673,280,144.44333098570624,55.55666901429376,90.0,18,30.0,30.0,1.0,True,0.1997844735680411,0.5980828858228908,0.2837127971588673,19.633076683177315,1.103448275862069,gwo,58
15,0.2837127971588673,300,144.44333098570624,55.55666901429376,90.0,18,30.0,30.0,1.0,True,0.1997844735680411,0.5980828858228908,0.2837127971588673,19.633076683177315,1.0344827586206897,gwo,58
16,0.2837127971588673,320,144.44333098570624,55.55666901429376,90.0,18,30.0,30.0,1.0,True,0.1997844735680411,0.5980828858228908,0.2837127971588673,19.633076683177315,0.9655172413793103,gwo,58
17,0.2837127971588673,340,144.44333098570624,55.55666901429376,90.0,18,30.0,30.0,1.0,True,0.1997844735680411,0.5980828858228908,0.2837127971588673,19.633076683177315,0.896551724137931,gwo,58
18,0.2837127971588673,360,144.44333098570624,55.55666901429376,90.0,18,30.0,30.0,1.0,True,0.1997844735680411,0.5980828858228908,0.2837127971588673,19.633076683177315,0.8275862068965518,gwo,58
19,0.2837127971588673,380,144.44333098570624,55.55666901429376,90.0,18,30.0,30.0,1.0,True,0.1997844735680411,0.5980828858228908,0.2837127971588673,19.633076683177315,0.7586206896551724,gwo,58
20,0.2837127971588673,400,144.44333098570624,55.55666901429376,90.0,18,30.0,30.0,1.0,True,0.1997844735680411,0.5980828858228908,0.2837127971588673,19.633076683177315,0.6896551724137931,gwo,58
21,0.28363324385749444,420,162.74999326458055,37.25000673541945,100.0,20,30.0,30.0,1.0,True,0.19544431862790834,0.5745006110079647,0.28363324385749444,19.52648675547296,0.6206896551724137,gwo,58
22,0.28363324385749444,440,162.74999326458055,37.25000673541945,100.0,20,30.0,30.0,1.0,True,0.19544431862790834,0.5745006110079647,0.28363324385749444,19.52648675547296,0.5517241379310345,gwo,58
23,0.28363324385749444,460,162.74999326458055,37.25000673541945,100.0,20,30.0,30.0,1.0,True,0.19544431862790834,0.5745006110079647,0.28363324385749444,19.52648675547296,0.48275862068965525,gwo,58
24,0.28363324385749444,480,162.74999326458055,37.25000673541945,100.0,20,30.0,30.0,1.0,True,0.19544431862790834,0.5745006110079647,0.28363324385749444,19.52648675547296,0.4137931034482758,gwo,58
25,0.28363324385749444,500,162.74999326458055,37.25000673541945,100.0,20,30.0,30.0,1.0,True,0.19544431862790834,0.5745006110079647,0.28363324385749444,19.52648675547296,0.3448275862068966,gwo,58
26,0.28333984852704597,520,152.8267257717246,47.1732742282754,95.0,19,30.0,30.0,1.0,True,0.19637464149201503,0.5869432953037269,0.28333984852704597,19.526237607009573,0.27586206896551735,gwo,58
27,0.28333984852704597,540,152.8267257717246,47.1732742282754,95.0,19,30.0,30.0,1.0,True,0.19637464149201503,0.5869432953037269,0.28333984852704597,19.526237607009573,0.2068965517241379,gwo,58
28,0.28333984852704597,560,152.8267257717246,47.1732742282754,95.0,19,30.0,30.0,1.0,True,0.19637464149201503,0.5869432953037269,0.28333984852704597,19.526237607009573,0.13793103448275867,gwo,58
29,0.28333984852704597,580,152.8267257717246,47.1732742282754,95.0,19,30.0,30.0,1.0,True,0.19637464149201503,0.5869432953037269,0.28333984852704597,19.526237607009573,0.06896551724137945,gwo,58
30,0.28333984852704597,600,152.8267257717246,47.1732742282754,95.0,19,30.0,30.0,1.0,True,0.19637464149201503,0.5869432953037269,0.28333984852704597,19.526237607009573,0.0,gwo,58
1,0.2918397588200693,20,117.54943173327285,82.45056826672715,90.0,18,5.0,10.0,2.0,True,0.18678757155253806,0.5655141704280549,0.2918397588200693,19.848144518943293,2.0,gwo,59
2,0.28434585512052873,40,143.61383233761254,56.386167662387464,95.0,19,15.0,15.0,1.0,True,0.19676724580941543,0.571054881604278,0.28434585512052873,19.5897329415799,1.9310344827586208,gwo,59
3,0.28434585512052873,60,143.61383233761254,56.386167662387464,95.0,19,15.0,15.0,1.0,True,0.19676724580941543,0.571054881604278,0.28434585512052873,19.5897329415799,1.8620689655172413,gwo,59
4,0.28434585512052873,80,143.61383233761254,56.386167662387464,95.0,19,15.0,15.0,1.0,True,0.19676724580941543,0.571054881604278,0.28434585512052873,19.5897329415799,1.793103448275862,gwo,59
5,0.28434585512052873,100,143.61383233761254,56.386167662387464,95.0,19,15.0,15.0,1.0,True,0.19676724580941543,0.571054881604278,0.28434585512052873,19.5897329415799,1.7241379310344827,gwo,59
6,0.28434585512052873,120,143.61383233761254,56.386167662387464,95.0,19,15.0,15.0,1.0,True,0.19676724580941543,0.571054881604278,0.28434585512052873,19.5897329415799,1.6551724137931034,gwo,59
7,0.28434585512052873,140,143.61383233761254,56.386167662387464,95.0,19,15.0,15.0,1.0,True,0.19676724580941543,0.571054881604278,0.28434585512052873,19.5897329415799,1.5862068965517242,gwo,59
8,0.28434585512052873,160,143.61383233761254,56.386167662387464,95.0,19,15.0,15.0,1.0,True,0.19676724580941543,0.571054881604278,0.28434585512052873,19.5897329415799,1.5172413793103448,gwo,59
9,0.28434585512052873,180,143.61383233761254,56.386167662387464,95.0,19,15.0,15.0,1.0,True,0.19676724580941543,0.571054881604278,0.28434585512052873,19.5897329415799,1.4482758620689655,gwo,59
10,0.28414921836823875,200,160.20026136568444,39.79973863431556,100.0,20,20.0,20.0,1.0,True,0.19887504469143508,0.5636598826354423,0.28414921836823875,19.63745999167678,1.3793103448275863,gwo,59
11,0.28414921836823875,220,160.20026136568444,39.79973863431556,100.0,20,20.0,20.0,1.0,True,0.19887504469143508,0.5636598826354423,0.28414921836823875,19.63745999167678,1.3103448275862069,gwo,59
12,0.28414921836823875,240,160.20026136568444,39.79973863431556,100.0,20,20.0,20.0,1.0,True,0.19887504469143508,0.5636598826354423,0.28414921836823875,19.63745999167678,1.2413793103448276,gwo,59
13,0.2835556028981037,260,149.57882333687226,50.42117666312774,95.0,19,20.0,20.0,1.0,True,0.19630495658765715,0.5784804096910584,0.2835556028981037,19.531905901202983,1.1724137931034484,gwo,59
14,0.2835556028981037,280,149.57882333687226,50.42117666312774,95.0,19,20.0,20.0,1.0,True,0.19630495658765715,0.5784804096910584,0.2835556028981037,19.531905901202983,1.103448275862069,gwo,59
15,0.28191544488282877,300,163.05404169059966,36.94595830940034,100.0,20,25.0,25.0,1.0,True,0.199142591384479,0.5721364657211213,0.28191544488282877,19.49558400562198,1.0344827586206897,gwo,59
16,0.28191544488282877,320,163.05404169059966,36.94595830940034,100.0,20,25.0,25.0,1.0,True,0.199142591384479,0.5721364657211213,0.28191544488282877,19.49558400562198,0.9655172413793103,gwo,59
17,0.28191544488282877,340,163.05404169059966,36.94595830940034,100.0,20,25.0,25.0,1.0,True,0.199142591384479,0.5721364657211213,0.28191544488282877,19.49558400562198,0.896551724137931,gwo,59
18,0.28191544488282877,360,163.05404169059966,36.94595830940034,100.0,20,25.0,25.0,1.0,True,0.199142591384479,0.5721364657211213,0.28191544488282877,19.49558400562198,0.8275862068965518,gwo,59
19,0.28191544488282877,380,163.05404169059966,36.94595830940034,100.0,20,25.0,25.0,1.0,True,0.199142591384479,0.5721364657211213,0.28191544488282877,19.49558400562198,0.7586206896551724,gwo,59
20,0.28191544488282877,400,163.05404169059966,36.94595830940034,100.0,20,25.0,25.0,1.0,True,0.199142591384479,0.5721364657211213,0.28191544488282877,19.49558400562198,0.6896551724137931,gwo,59
21,0.28191544488282877,420,163.05404169059966,36.94595830940034,100.0,20,25.0,25.0,1.0,True,0.199142591384479,0.5721364657211213,0.28191544488282877,19.49558400562198,0.6206896551724137,gwo,59
22,0.28191544488282877,440,163.05404169059966,36.94595830940034,100.0,20,25.0,25.0,1.0,True,0.199142591384479,0.5721364657211213,0.28191544488282877,19.49558400562198,0.5517241379310345,gwo,59
23,0.28191544488282877,460,163.05404169059966,36.94595830940034,100.0,20,25.0,25.0,1.0,True,0.199142591384479,0.5721364657211213,0.28191544488282877,19.49558400562198,0.48275862068965525,gwo,59
24,0.28191544488282877,480,163.05404169059966,36.94595830940034,100.0,20,25.0,25.0,1.0,True,0.199142591384479,0.5721364657211213,0.28191544488282877,19.49558400562198,0.4137931034482758,gwo,59
25,0.28191544488282877,500,163.05404169059966,36.94595830940034,100.0,20,25.0,25.0,1.0,True,0.199142591384479,0.5721364657211213,0.28191544488282877,19.49558400562198,0.3448275862068966,gwo,59
26,0.28149537460414137,520,152.8404947448178,47.15950525518221,95.0,19,25.0,25.0,1.0,True,0.19887431775113304,0.5854476079012672,0.28149537460414137,19.45778761631584,0.27586206896551735,gwo,59
27,0.2814045251411498,540,152.62357780471422,47.376422195285784,95.0,19,25.0,25.0,1.0,True,0.19864703519897117,0.5857247928752859,0.2814045251411498,19.445932521007038,0.2068965517241379,gwo,59
28,0.2814045251411498,560,152.62357780471422,47.376422195285784,95.0,19,25.0,25.0,1.0,True,0.19864703519897117,0.5857247928752859,0.2814045251411498,19.445932521007038,0.13793103448275867,gwo,59
29,0.2814045251411498,580,152.62357780471422,47.376422195285784,95.0,19,25.0,25.0,1.0,True,0.19864703519897117,0.5857247928752859,0.2814045251411498,19.445932521007038,0.06896551724137945,gwo,59
30,0.2814045251411498,600,152.62357780471422,47.376422195285784,95.0,19,25.0,25.0,1.0,True,0.19864703519897117,0.5857247928752859,0.2814045251411498,19.445932521007038,0.0,gwo,59
1,0.2959384938326014,20,94.51259512716734,105.48740487283266,80.0,16,5.0,5.0,1.0,True,0.19421693996006936,0.5768525841069094,0.2959384938326014,20.31220773602551,2.0,gwo,60
2,0.291280553007677,40,108.9850018816136,91.0149981183864,85.0,17,5.0,5.0,1.0,True,0.19443735949881133,0.5727003312488601,0.291280553007677,19.997796423444694,1.9310344827586208,gwo,60
3,0.291280553007677,60,108.9850018816136,91.0149981183864,85.0,17,5.0,5.0,1.0,True,0.19443735949881133,0.5727003312488601,0.291280553007677,19.997796423444694,1.8620689655172413,gwo,60
4,0.291280553007677,80,108.9850018816136,91.0149981183864,85.0,17,5.0,5.0,1.0,True,0.19443735949881133,0.5727003312488601,0.291280553007677,19.997796423444694,1.793103448275862,gwo,60
5,0.291280553007677,100,108.9850018816136,91.0149981183864,85.0,17,5.0,5.0,1.0,True,0.19443735949881133,0.5727003312488601,0.291280553007677,19.997796423444694,1.7241379310344827,gwo,60
6,0.291280553007677,120,108.9850018816136,91.0149981183864,85.0,17,5.0,5.0,1.0,True,0.19443735949881133,0.5727003312488601,0.291280553007677,19.997796423444694,1.6551724137931034,gwo,60
7,0.291280553007677,140,108.9850018816136,91.0149981183864,85.0,17,5.0,5.0,1.0,True,0.19443735949881133,0.5727003312488601,0.291280553007677,19.997796423444694,1.5862068965517242,gwo,60
8,0.291280553007677,160,108.9850018816136,91.0149981183864,85.0,17,5.0,5.0,1.0,True,0.19443735949881133,0.5727003312488601,0.291280553007677,19.997796423444694,1.5172413793103448,gwo,60
9,0.291280553007677,180,108.9850018816136,91.0149981183864,85.0,17,5.0,5.0,1.0,True,0.19443735949881133,0.5727003312488601,0.291280553007677,19.997796423444694,1.4482758620689655,gwo,60
10,0.291280553007677,200,108.9850018816136,91.0149981183864,85.0,17,5.0,5.0,1.0,True,0.19443735949881133,0.5727003312488601,0.291280553007677,19.997796423444694,1.3793103448275863,gwo,60
11,0.291280553007677,220,108.9850018816136,91.0149981183864,85.0,17,5.0,5.0,1.0,True,0.19443735949881133,0.5727003312488601,0.291280553007677,19.997796423444694,1.3103448275862069,gwo,60
12,0.291280553007677,240,108.9850018816136,91.0149981183864,85.0,17,5.0,5.0,1.0,True,0.19443735949881133,0.5727003312488601,0.291280553007677,19.997796423444694,1.2413793103448276,gwo,60
13,0.2905830114716796,260,107.54755945607589,92.45244054392411,85.0,17,5.0,5.0,1.0,True,0.19315897778351665,0.5744110368988888,0.2905830114716796,19.91824849911317,1.1724137931034484,gwo,60
14,0.2905830114716796,280,107.54755945607589,92.45244054392411,85.0,17,5.0,5.0,1.0,True,0.19315897778351665,0.5744110368988888,0.2905830114716796,19.91824849911317,1.103448275862069,gwo,60
15,0.2905830114716796,300,107.54755945607589,92.45244054392411,85.0,17,5.0,5.0,1.0,True,0.19315897778351665,0.5744110368988888,0.2905830114716796,19.91824849911317,1.0344827586206897,gwo,60
16,0.2905830114716796,320,107.54755945607589,92.45244054392411,85.0,17,5.0,5.0,1.0,True,0.19315897778351665,0.5744110368988888,0.2905830114716796,19.91824849911317,0.9655172413793103,gwo,60
17,0.2905830114716796,340,107.54755945607589,92.45244054392411,85.0,17,5.0,5.0,1.0,True,0.19315897778351665,0.5744110368988888,0.2905830114716796,19.91824849911317,0.896551724137931,gwo,60
18,0.2905830114716796,360,107.54755945607589,92.45244054392411,85.0,17,5.0,5.0,1.0,True,0.19315897778351665,0.5744110368988888,0.2905830114716796,19.91824849911317,0.8275862068965518,gwo,60
19,0.2905830114716796,380,107.54755945607589,92.45244054392411,85.0,17,5.0,5.0,1.0,True,0.19315897778351665,0.5744110368988888,0.2905830114716796,19.91824849911317,0.7586206896551724,gwo,60
20,0.2905830114716796,400,107.54755945607589,92.45244054392411,85.0,17,5.0,5.0,1.0,True,0.19315897778351665,0.5744110368988888,0.2905830114716796,19.91824849911317,0.6896551724137931,gwo,60
21,0.2900831066214844,420,104.7220780043649,95.2779219956351,80.0,16,10.0,10.0,1.0,True,0.19505122154291038,0.5961969692064838,0.2900831066214844,19.936683014672546,0.6206896551724137,gwo,60
22,0.2900831066214844,440,104.7220780043649,95.2779219956351,80.0,16,10.0,10.0,1.0,True,0.19505122154291038,0.5961969692064838,0.2900831066214844,19.936683014672546,0.5517241379310345,gwo,60
23,0.2900831066214844,460,104.7220780043649,95.2779219956351,80.0,16,10.0,10.0,1.0,True,0.19505122154291038,0.5961969692064838,0.2900831066214844,19.936683014672546,0.48275862068965525,gwo,60
24,0.2900831066214844,480,104.7220780043649,95.2779219956351,80.0,16,10.0,10.0,1.0,True,0.19505122154291038,0.5961969692064838,0.2900831066214844,19.936683014672546,0.4137931034482758,gwo,60
25,0.2900831066214844,500,104.7220780043649,95.2779219956351,80.0,16,10.0,10.0,1.0,True,0.19505122154291038,0.5961969692064838,0.2900831066214844,19.936683014672546,0.3448275862068966,gwo,60
26,0.2879874234372895,520,121.64107312106984,78.35892687893016,85.0,17,10.0,10.0,1.0,True,0.19855308295549526,0.5851180530094061,0.2879874234372895,19.878699365026854,0.27586206896551735,gwo,60
27,0.28763191408259814,540,121.30738345485689,78.69261654514311,85.0,17,10.0,10.0,1.0,True,0.1988212072876638,0.5855107317765953,0.28763191408259814,19.86081482680464,0.2068965517241379,gwo,60
28,0.28593031154192183,560,119.35259387415937,80.64740612584063,85.0,17,10.0,10.0,1.0,True,0.1989832048536476,0.5880876296446967,0.28593031154192183,19.747234935936486,0.13793103448275867,gwo,60
29,0.28543958407014575,580,118.30460566777673,81.69539433222327,85.0,17,10.0,10.0,1.0,True,0.1979383937771798,0.5894417010089139,0.28543958407014575,19.687668549123348,0.06896551724137945,gwo,60
30,0.2852524539038653,600,117.90332259733515,82.09667740266485,85.0,17,10.0,10.0,1.0,True,0.1976496970505813,0.5898787235123188,0.2852524539038653,19.66764822519907,0.0,gwo,60
1,0.292810049022829,20,114.6254759564704,85.3745240435296,85.0,17,10.0,20.0,2.0,True,0.1832103687402494,0.5890883285263393,0.292810049022829,19.83386398252628,2.0,gwo,61
2,0.292810049022829,40,114.6254759564704,85.3745240435296,85.0,17,10.0,20.0,2.0,True,0.1832103687402494,0.5890883285263393,0.292810049022829,19.83386398252628,1.9310344827586208,gwo,61
3,0.292810049022829,60,114.6254759564704,85.3745240435296,85.0,17,10.0,20.0,2.0,True,0.1832103687402494,0.5890883285263393,0.292810049022829,19.83386398252628,1.8620689655172413,gwo,61
4,0.28884253837408636,80,149.87270338318,50.12729661681999,100.0,20,10.0,20.0,2.0,True,0.1958105460941748,0.5515074201278072,0.28884253837408636,19.871315058669847,1.793103448275862,gwo,61
5,0.28884253837408636,100,149.87270338318,50.12729661681999,100.0,20,10.0,20.0,2.0,True,0.1958105460941748,0.5515074201278072,0.28884253837408636,19.871315058669847,1.7241379310344827,gwo,61
6,0.28884253837408636,120,149.87270338318,50.12729661681999,100.0,20,10.0,20.0,2.0,True,0.1958105460941748,0.5515074201278072,0.28884253837408636,19.871315058669847,1.6551724137931034,gwo,61
7,0.28884253837408636,140,149.87270338318,50.12729661681999,100.0,20,10.0,20.0,2.0,True,0.1958105460941748,0.5515074201278072,0.28884253837408636,19.871315058669847,1.5862068965517242,gwo,61
8,0.2879546180358355,160,152.7774664043501,47.22253359564991,100.0,20,15.0,30.0,2.0,True,0.1883653400791844,0.5648146252926599,0.2879546180358355,19.636435606060623,1.5172413793103448,gwo,61
9,0.2879546180358355,180,152.7774664043501,47.22253359564991,100.0,20,15.0,30.0,2.0,True,0.1883653400791844,0.5648146252926599,0.2879546180358355,19.636435606060623,1.4482758620689655,gwo,61
10,0.2879546180358355,200,152.7774664043501,47.22253359564991,100.0,20,15.0,30.0,2.0,True,0.1883653400791844,0.5648146252926599,0.2879546180358355,19.636435606060623,1.3793103448275863,gwo,61
11,0.2879546180358355,220,152.7774664043501,47.22253359564991,100.0,20,15.0,30.0,2.0,True,0.1883653400791844,0.5648146252926599,0.2879546180358355,19.636435606060623,1.3103448275862069,gwo,61
12,0.2879546180358355,240,152.7774664043501,47.22253359564991,100.0,20,15.0,30.0,2.0,True,0.1883653400791844,0.5648146252926599,0.2879546180358355,19.636435606060623,1.2413793103448276,gwo,61
13,0.2846235051004994,260,162.5219131603465,37.478086839653514,100.0,20,20.0,40.0,2.0,True,0.19653053688098018,0.5744552029386354,0.2846235051004994,19.617120145871844,1.1724137931034484,gwo,61
14,0.2846235051004994,280,162.5219131603465,37.478086839653514,100.0,20,20.0,40.0,2.0,True,0.19653053688098018,0.5744552029386354,0.2846235051004994,19.617120145871844,1.103448275862069,gwo,61
15,0.2846235051004994,300,162.5219131603465,37.478086839653514,100.0,20,20.0,40.0,2.0,True,0.19653053688098018,0.5744552029386354,0.2846235051004994,19.617120145871844,1.0344827586206897,gwo,61
16,0.2846235051004994,320,162.5219131603465,37.478086839653514,100.0,20,20.0,40.0,2.0,True,0.19653053688098018,0.5744552029386354,0.2846235051004994,19.617120145871844,0.9655172413793103,gwo,61
17,0.2846235051004994,340,162.5219131603465,37.478086839653514,100.0,20,20.0,40.0,2.0,True,0.19653053688098018,0.5744552029386354,0.2846235051004994,19.617120145871844,0.896551724137931,gwo,61
18,0.2846235051004994,360,162.5219131603465,37.478086839653514,100.0,20,20.0,40.0,2.0,True,0.19653053688098018,0.5744552029386354,0.2846235051004994,19.617120145871844,0.8275862068965518,gwo,61
19,0.2842277539105016,380,153.0477692477028,46.9522307522972,100.0,20,15.0,15.0,1.0,True,0.19901963689172084,0.5578407750337178,0.2842277539105016,19.637097000489106,0.7586206896551724,gwo,61
20,0.2842277539105016,400,153.0477692477028,46.9522307522972,100.0,20,15.0,15.0,1.0,True,0.19901963689172084,0.5578407750337178,0.2842277539105016,19.637097000489106,0.6896551724137931,gwo,61
21,0.2842277539105016,420,153.0477692477028,46.9522307522972,100.0,20,15.0,15.0,1.0,True,0.19901963689172084,0.5578407750337178,0.2842277539105016,19.637097000489106,0.6206896551724137,gwo,61
22,0.2842277539105016,440,153.0477692477028,46.9522307522972,100.0,20,15.0,15.0,1.0,True,0.19901963689172084,0.5578407750337178,0.2842277539105016,19.637097000489106,0.5517241379310345,gwo,61
23,0.2842277539105016,460,153.0477692477028,46.9522307522972,100.0,20,15.0,15.0,1.0,True,0.19901963689172084,0.5578407750337178,0.2842277539105016,19.637097000489106,0.48275862068965525,gwo,61
24,0.2842277539105016,480,153.0477692477028,46.9522307522972,100.0,20,15.0,15.0,1.0,True,0.19901963689172084,0.5578407750337178,0.2842277539105016,19.637097000489106,0.4137931034482758,gwo,61
25,0.28407312131685925,500,142.9857231684453,57.014276831554696,95.0,19,15.0,15.0,1.0,True,0.19596515220893984,0.5719471920251478,0.28407312131685925,19.551321105138815,0.3448275862068966,gwo,61
26,0.28407312131685925,520,142.9857231684453,57.014276831554696,95.0,19,15.0,15.0,1.0,True,0.19596515220893984,0.5719471920251478,0.28407312131685925,19.551321105138815,0.27586206896551735,gwo,61
27,0.28322228986517634,540,148.83861739814293,51.16138260185707,95.0,19,20.0,20.0,1.0,True,0.19576663392167357,0.5792865630303218,0.28322228986517634,19.495591674538847,0.2068965517241379,gwo,61
28,0.28322228986517634,560,148.83861739814293,51.16138260185707,95.0,19,20.0,20.0,1.0,True,0.19576663392167357,0.5792865630303218,0.28322228986517634,19.495591674538847,0.13793103448275867,gwo,61
29,0.28322228986517634,580,148.83861739814293,51.16138260185707,95.0,19,20.0,20.0,1.0,True,0.19576663392167357,0.5792865630303218,0.28322228986517634,19.495591674538847,0.06896551724137945,gwo,61
30,0.28322228986517634,600,148.83861739814293,51.16138260185707,95.0,19,20.0,20.0,1.0,True,0.19576663392167357,0.5792865630303218,0.28322228986517634,19.495591674538847,0.0,gwo,61
1,0.30268857068836075,20,103.04700099626262,96.95299900373738,75.0,15,35.0,70.0,2.0,True,0.18471862452814752,0.6410948677422319,0.30268857068836075,20.563215990915978,2.0,gwo,62
2,0.30268857068836075,40,103.04700099626262,96.95299900373738,75.0,15,35.0,70.0,2.0,True,0.18471862452814752,0.6410948677422319,0.30268857068836075,20.563215990915978,1.9310344827586208,gwo,62
3,0.2998152314203928,60,134.85775915222163,65.14224084777837,100.0,20,10.0,20.0,2.0,True,0.16628443472741308,0.545741600738951,0.2998152314203928,19.894441139241934,1.8620689655172413,gwo,62
4,0.2998152314203928,80,134.85775915222163,65.14224084777837,100.0,20,10.0,20.0,2.0,True,0.16628443472741308,0.545741600738951,0.2998152314203928,19.894441139241934,1.793103448275862,gwo,62
5,0.2998152314203928,100,134.85775915222163,65.14224084777837,100.0,20,10.0,20.0,2.0,True,0.16628443472741308,0.545741600738951,0.2998152314203928,19.894441139241934,1.7241379310344827,gwo,62
6,0.294219382386286,120,143.72117263531533,56.27882736468467,90.0,18,35.0,70.0,2.0,True,0.1905531945184158,0.6044313919985426,0.294219382386286,20.1326837686533,1.6551724137931034,gwo,62
7,0.29416053672283715,140,169.6075719623038,30.39242803769619,100.0,20,40.0,80.0,2.0,True,0.19682908602974647,0.579734578864349,0.29416053672283715,20.294541780076795,1.5862068965517242,gwo,62
8,0.29416053672283715,160,169.6075719623038,30.39242803769619,100.0,20,40.0,80.0,2.0,True,0.19682908602974647,0.579734578864349,0.29416053672283715,20.294541780076795,1.5172413793103448,gwo,62
9,0.29109471205159276,180,163.24053029921862,36.75946970078138,100.0,20,30.0,60.0,2.0,True,0.1896519580038987,0.5777973785394767,0.29109471205159276,19.899926545570054,1.4482758620689655,gwo,62
10,0.29109471205159276,200,163.24053029921862,36.75946970078138,100.0,20,30.0,60.0,2.0,True,0.1896519580038987,0.5777973785394767,0.29109471205159276,19.899926545570054,1.3793103448275863,gwo,62
11,0.29109471205159276,220,163.24053029921862,36.75946970078138,100.0,20,30.0,60.0,2.0,True,0.1896519580038987,0.5777973785394767,0.29109471205159276,19.899926545570054,1.3103448275862069,gwo,62
12,0.29109471205159276,240,163.24053029921862,36.75946970078138,100.0,20,30.0,60.0,2.0,True,0.1896519580038987,0.5777973785394767,0.29109471205159276,19.899926545570054,1.2413793103448276,gwo,62
13,0.2879543124414819,260,157.6000641212755,42.399935878724506,100.0,20,20.0,40.0,2.0,True,0.1868725543171556,0.5729855749973003,0.2879543124414819,19.609109179328602,1.1724137931034484,gwo,62
14,0.2870125709563763,280,165.75577373430795,34.24422626569205,100.0,20,35.0,35.0,1.0,True,0.19584285456364636,0.5717771292301886,0.2870125709563763,19.770459908176157,1.103448275862069,gwo,62
15,0.2870125709563763,300,165.75577373430795,34.24422626569205,100.0,20,35.0,35.0,1.0,True,0.19584285456364636,0.5717771292301886,0.2870125709563763,19.770459908176157,1.0344827586206897,gwo,62
16,0.2818158375576521,320,162.80134241756727,37.19865758243273,100.0,20,25.0,25.0,1.0,True,0.19876394160611144,0.5725219496093296,0.2818158375576521,19.479460437661842,0.9655172413793103,gwo,62
17,0.2818158375576521,340,162.80134241756727,37.19865758243273,100.0,20,25.0,25.0,1.0,True,0.19876394160611144,0.5725219496093296,0.2818158375576521,19.479460437661842,0.896551724137931,gwo,62
18,0.2818158375576521,360,162.80134241756727,37.19865758243273,100.0,20,25.0,25.0,1.0,True,0.19876394160611144,0.5725219496093296,0.2818158375576521,19.479460437661842,0.8275862068965518,gwo,62
19,0.2818158375576521,380,162.80134241756727,37.19865758243273,100.0,20,25.0,25.0,1.0,True,0.19876394160611144,0.5725219496093296,0.2818158375576521,19.479460437661842,0.7586206896551724,gwo,62
20,0.2818158375576521,400,162.80134241756727,37.19865758243273,100.0,20,25.0,25.0,1.0,True,0.19876394160611144,0.5725219496093296,0.2818158375576521,19.479460437661842,0.6896551724137931,gwo,62
21,0.2818158375576521,420,162.80134241756727,37.19865758243273,100.0,20,25.0,25.0,1.0,True,0.19876394160611144,0.5725219496093296,0.2818158375576521,19.479460437661842,0.6206896551724137,gwo,62
22,0.2818158375576521,440,162.80134241756727,37.19865758243273,100.0,20,25.0,25.0,1.0,True,0.19876394160611144,0.5725219496093296,0.2818158375576521,19.479460437661842,0.5517241379310345,gwo,62
23,0.2818158375576521,460,162.80134241756727,37.19865758243273,100.0,20,25.0,25.0,1.0,True,0.19876394160611144,0.5725219496093296,0.2818158375576521,19.479460437661842,0.48275862068965525,gwo,62
24,0.28141697888545364,480,152.6530505832483,47.3469494167517,95.0,19,25.0,25.0,1.0,True,0.19870011278986607,0.5856704792768086,0.28141697888545364,19.448095572955403,0.4137931034482758,gwo,62
25,0.28141697888545364,500,152.6530505832483,47.3469494167517,95.0,19,25.0,25.0,1.0,True,0.19870011278986607,0.5856704792768086,0.28141697888545364,19.448095572955403,0.3448275862068966,gwo,62
26,0.28141697888545364,520,152.6530505832483,47.3469494167517,95.0,19,25.0,25.0,1.0,True,0.19870011278986607,0.5856704792768086,0.28141697888545364,19.448095572955403,0.27586206896551735,gwo,62
27,0.28141697888545364,540,152.6530505832483,47.3469494167517,95.0,19,25.0,25.0,1.0,True,0.19870011278986607,0.5856704792768086,0.28141697888545364,19.448095572955403,0.2068965517241379,gwo,62
28,0.28141697888545364,560,152.6530505832483,47.3469494167517,95.0,19,25.0,25.0,1.0,True,0.19870011278986607,0.5856704792768086,0.28141697888545364,19.448095572955403,0.13793103448275867,gwo,62
29,0.28141697888545364,580,152.6530505832483,47.3469494167517,95.0,19,25.0,25.0,1.0,True,0.19870011278986607,0.5856704792768086,0.28141697888545364,19.448095572955403,0.06896551724137945,gwo,62
30,0.28141697888545364,600,152.6530505832483,47.3469494167517,95.0,19,25.0,25.0,1.0,True,0.19870011278986607,0.5856704792768086,0.28141697888545364,19.448095572955403,0.0,gwo,62
1,0.29605582009038145,20,125.92580616321307,74.07419383678693,80.0,16,35.0,70.0,2.0,True,0.1976345330381866,0.630320506957477,0.29605582009038145,20.436870995334846,2.0,gwo,63
2,0.29605582009038145,40,125.92580616321307,74.07419383678693,80.0,16,35.0,70.0,2.0,True,0.1976345330381866,0.630320506957477,0.29605582009038145,20.436870995334846,1.9310344827586208,gwo,63
3,0.29605582009038145,60,125.92580616321307,74.07419383678693,80.0,16,35.0,70.0,2.0,True,0.1976345330381866,0.630320506957477,0.29605582009038145,20.436870995334846,1.8620689655172413,gwo,63
4,0.29605582009038145,80,125.92580616321307,74.07419383678693,80.0,16,35.0,70.0,2.0,True,0.1976345330381866,0.630320506957477,0.29605582009038145,20.436870995334846,1.793103448275862,gwo,63
5,0.29605582009038145,100,125.92580616321307,74.07419383678693,80.0,16,35.0,70.0,2.0,True,0.1976345330381866,0.630320506957477,0.29605582009038145,20.436870995334846,1.7241379310344827,gwo,63
6,0.2935065308274858,120,150.5210806079889,49.47891939201111,95.0,19,15.0,60.0,4.0,True,0.18926701533486548,0.5824616313349599,0.2935065308274858,20.041251740228045,1.6551724137931034,gwo,63
7,0.2935065308274858,140,150.5210806079889,49.47891939201111,95.0,19,15.0,60.0,4.0,True,0.18926701533486548,0.5824616313349599,0.2935065308274858,20.041251740228045,1.5862068965517242,gwo,63
8,0.2884039028786485,160,163.96987827069586,36.03012172930414,100.0,20,25.0,50.0,2.0,True,0.19267927057324438,0.5756528411204365,0.2884039028786485,19.78802566009506,1.5172413793103448,gwo,63
9,0.2884039028786485,180,163.96987827069586,36.03012172930414,100.0,20,25.0,50.0,2.0,True,0.19267927057324438,0.5756528411204365,0.2884039028786485,19.78802566009506,1.4482758620689655,gwo,63
10,0.2884039028786485,200,163.96987827069586,36.03012172930414,100.0,20,25.0,50.0,2.0,True,0.19267927057324438,0.5756528411204365,0.2884039028786485,19.78802566009506,1.3793103448275863,gwo,63
11,0.2884039028786485,220,163.96987827069586,36.03012172930414,100.0,20,25.0,50.0,2.0,True,0.19267927057324438,0.5756528411204365,0.2884039028786485,19.78802566009506,1.3103448275862069,gwo,63
12,0.2884039028786485,240,163.96987827069586,36.03012172930414,100.0,20,25.0,50.0,2.0,True,0.19267927057324438,0.5756528411204365,0.2884039028786485,19.78802566009506,1.2413793103448276,gwo,63
13,0.2884039028786485,260,163.96987827069586,36.03012172930414,100.0,20,25.0,50.0,2.0,True,0.19267927057324438,0.5756528411204365,0.2884039028786485,19.78802566009506,1.1724137931034484,gwo,63
14,0.2884039028786485,280,163.96987827069586,36.03012172930414,100.0,20,25.0,50.0,2.0,True,0.19267927057324438,0.5756528411204365,0.2884039028786485,19.78802566009506,1.103448275862069,gwo,63
15,0.2884039028786485,300,163.96987827069586,36.03012172930414,100.0,20,25.0,50.0,2.0,True,0.19267927057324438,0.5756528411204365,0.2884039028786485,19.78802566009506,1.0344827586206897,gwo,63
16,0.2884039028786485,320,163.96987827069586,36.03012172930414,100.0,20,25.0,50.0,2.0,True,0.19267927057324438,0.5756528411204365,0.2884039028786485,19.78802566009506,0.9655172413793103,gwo,63
17,0.2884039028786485,340,163.96987827069586,36.03012172930414,100.0,20,25.0,50.0,2.0,True,0.19267927057324438,0.5756528411204365,0.2884039028786485,19.78802566009506,0.896551724137931,gwo,63
18,0.2884039028786485,360,163.96987827069586,36.03012172930414,100.0,20,25.0,50.0,2.0,True,0.19267927057324438,0.5756528411204365,0.2884039028786485,19.78802566009506,0.8275862068965518,gwo,63
19,0.2884039028786485,380,163.96987827069586,36.03012172930414,100.0,20,25.0,50.0,2.0,True,0.19267927057324438,0.5756528411204365,0.2884039028786485,19.78802566009506,0.7586206896551724,gwo,63
20,0.2884039028786485,400,163.96987827069586,36.03012172930414,100.0,20,25.0,50.0,2.0,True,0.19267927057324438,0.5756528411204365,0.2884039028786485,19.78802566009506,0.6896551724137931,gwo,63
21,0.2869668326591289,420,156.5185701206257,43.4814298793743,95.0,19,20.0,40.0,2.0,True,0.1981212208468506,0.5824429890551847,0.2869668326591289,19.81770564378826,0.6206896551724137,gwo,63
22,0.2869668326591289,440,156.5185701206257,43.4814298793743,95.0,19,20.0,40.0,2.0,True,0.1981212208468506,0.5824429890551847,0.2869668326591289,19.81770564378826,0.5517241379310345,gwo,63
23,0.2869668326591289,460,156.5185701206257,43.4814298793743,95.0,19,20.0,40.0,2.0,True,0.1981212208468506,0.5824429890551847,0.2869668326591289,19.81770564378826,0.48275862068965525,gwo,63
24,0.2869668326591289,480,156.5185701206257,43.4814298793743,95.0,19,20.0,40.0,2.0,True,0.1981212208468506,0.5824429890551847,0.2869668326591289,19.81770564378826,0.4137931034482758,gwo,63
25,0.2869668326591289,500,156.5185701206257,43.4814298793743,95.0,19,20.0,40.0,2.0,True,0.1981212208468506,0.5824429890551847,0.2869668326591289,19.81770564378826,0.3448275862068966,gwo,63
26,0.28474787680458064,520,162.80833087201123,37.191669127988774,100.0,20,20.0,40.0,2.0,True,0.19672190932083722,0.5741614998920103,0.28474787680458064,19.630542194994106,0.27586206896551735,gwo,63
27,0.28474787680458064,540,162.80833087201123,37.191669127988774,100.0,20,20.0,40.0,2.0,True,0.19672190932083722,0.5741614998920103,0.28474787680458064,19.630542194994106,0.2068965517241379,gwo,63
28,0.28450801253847696,560,152.75335551925636,47.24664448074364,95.0,19,20.0,40.0,2.0,True,0.19641765992435153,0.5873937460641823,0.28450801253847696,19.60485937085117,0.13793103448275867,gwo,63
29,0.28450801253847696,580,152.75335551925636,47.24664448074364,95.0,19,20.0,40.0,2.0,True,0.19641765992435153,0.5873937460641823,0.28450801253847696,19.60485937085117,0.06896551724137945,gwo,63
30,0.28450801253847696,600,152.75335551925636,47.24664448074364,95.0,19,20.0,40.0,2.0,True,0.19641765992435153,0.5873937460641823,0.28450801253847696,19.60485937085117,0.0,gwo,63
1,0.30159385420762364,20,113.88290889316472,86.11709110683528,75.0,15,45.0,90.0,2.0,True,0.1994357603245477,0.6506687795714601,0.30159385420762364,20.870620010241204,2.0,gwo,64
2,0.30159385420762364,40,113.88290889316472,86.11709110683528,75.0,15,45.0,90.0,2.0,True,0.1994357603245477,0.6506687795714601,0.30159385420762364,20.870620010241204,1.9310344827586208,gwo,64
3,0.30121052029300993,60,104.31937869586169,95.68062130413831,80.0,16,35.0,35.0,1.0,True,0.16812044467702472,0.613287644104345,0.30121052029300993,20.047200862934265,1.8620689655172413,gwo,64
4,0.2907746197387411,80,133.92152239262137,66.07847760737863,85.0,17,50.0,50.0,1.0,True,0.19771602973631527,0.6152689451314253,0.2907746197387411,20.072202671494107,1.793103448275862,gwo,64
5,0.2881561725268924,100,160.2425760318993,39.75742396810071,100.0,20,30.0,30.0,1.0,True,0.18735059916565097,0.570327602935795,0.2881561725268924,19.639506845119687,1.7241379310344827,gwo,64
6,0.2881561725268924,120,160.2425760318993,39.75742396810071,100.0,20,30.0,30.0,1.0,True,0.18735059916565097,0.570327602935795,0.2881561725268924,19.639506845119687,1.6551724137931034,gwo,64
7,0.2881561725268924,140,160.2425760318993,39.75742396810071,100.0,20,30.0,30.0,1.0,True,0.18735059916565097,0.570327602935795,0.2881561725268924,19.639506845119687,1.5862068965517242,gwo,64
8,0.2881561725268924,160,160.2425760318993,39.75742396810071,100.0,20,30.0,30.0,1.0,True,0.18735059916565097,0.570327602935795,0.2881561725268924,19.639506845119687,1.5172413793103448,gwo,64
9,0.2881561725268924,180,160.2425760318993,39.75742396810071,100.0,20,30.0,30.0,1.0,True,0.18735059916565097,0.570327602935795,0.2881561725268924,19.639506845119687,1.4482758620689655,gwo,64
10,0.2878050123011999,200,150.1514560359354,49.84854396406459,95.0,19,30.0,30.0,1.0,True,0.18817743349555693,0.5828083226573851,0.2878050123011999,19.631965215589673,1.3793103448275863,gwo,64
11,0.28576390327987294,220,166.27040144250398,33.72959855749602,100.0,20,30.0,30.0,1.0,True,0.1967524540072137,0.5704770273252003,0.28576390327987294,19.70610925969354,1.3103448275862069,gwo,64
12,0.28207760402698623,240,163.43863265397124,36.56136734602876,100.0,20,25.0,25.0,1.0,True,0.19947137938818835,0.5717017495937714,0.28207760402698623,19.514976058657393,1.2413793103448276,gwo,64
13,0.28207760402698623,260,163.43863265397124,36.56136734602876,100.0,20,25.0,25.0,1.0,True,0.19947137938818835,0.5717017495937714,0.28207760402698623,19.514976058657393,1.1724137931034484,gwo,64
14,0.28207760402698623,280,163.43863265397124,36.56136734602876,100.0,20,25.0,25.0,1.0,True,0.19947137938818835,0.5717017495937714,0.28207760402698623,19.514976058657393,1.103448275862069,gwo,64
15,0.28207760402698623,300,163.43863265397124,36.56136734602876,100.0,20,25.0,25.0,1.0,True,0.19947137938818835,0.5717017495937714,0.28207760402698623,19.514976058657393,1.0344827586206897,gwo,64
16,0.28207760402698623,320,163.43863265397124,36.56136734602876,100.0,20,25.0,25.0,1.0,True,0.19947137938818835,0.5717017495937714,0.28207760402698623,19.514976058657393,0.9655172413793103,gwo,64
17,0.28207760402698623,340,163.43863265397124,36.56136734602876,100.0,20,25.0,25.0,1.0,True,0.19947137938818835,0.5717017495937714,0.28207760402698623,19.514976058657393,0.896551724137931,gwo,64
18,0.28207760402698623,360,163.43863265397124,36.56136734602876,100.0,20,25.0,25.0,1.0,True,0.19947137938818835,0.5717017495937714,0.28207760402698623,19.514976058657393,0.8275862068965518,gwo,64
19,0.28207760402698623,380,163.43863265397124,36.56136734602876,100.0,20,25.0,25.0,1.0,True,0.19947137938818835,0.5717017495937714,0.28207760402698623,19.514976058657393,0.7586206896551724,gwo,64
20,0.2814642072154551,400,152.76860612844862,47.231393871551376,95.0,19,25.0,25.0,1.0,True,0.1987988304961846,0.5855422369877977,0.2814642072154551,19.45376553657696,0.6896551724137931,gwo,64
21,0.2814642072154551,420,152.76860612844862,47.231393871551376,95.0,19,25.0,25.0,1.0,True,0.1987988304961846,0.5855422369877977,0.2814642072154551,19.45376553657696,0.6206896551724137,gwo,64
22,0.2814642072154551,440,152.76860612844862,47.231393871551376,95.0,19,25.0,25.0,1.0,True,0.1987988304961846,0.5855422369877977,0.2814642072154551,19.45376553657696,0.5517241379310345,gwo,64
23,0.2814642072154551,460,152.76860612844862,47.231393871551376,95.0,19,25.0,25.0,1.0,True,0.1987988304961846,0.5855422369877977,0.2814642072154551,19.45376553657696,0.48275862068965525,gwo,64
24,0.2814642072154551,480,152.76860612844862,47.231393871551376,95.0,19,25.0,25.0,1.0,True,0.1987988304961846,0.5855422369877977,0.2814642072154551,19.45376553657696,0.4137931034482758,gwo,64
25,0.2814642072154551,500,152.76860612844862,47.231393871551376,95.0,19,25.0,25.0,1.0,True,0.1987988304961846,0.5855422369877977,0.2814642072154551,19.45376553657696,0.3448275862068966,gwo,64
26,0.2814642072154551,520,152.76860612844862,47.231393871551376,95.0,19,25.0,25.0,1.0,True,0.1987988304961846,0.5855422369877977,0.2814642072154551,19.45376553657696,0.27586206896551735,gwo,64
27,0.2814642072154551,540,152.76860612844862,47.231393871551376,95.0,19,25.0,25.0,1.0,True,0.1987988304961846,0.5855422369877977,0.2814642072154551,19.45376553657696,0.2068965517241379,gwo,64
28,0.2814642072154551,560,152.76860612844862,47.231393871551376,95.0,19,25.0,25.0,1.0,True,0.1987988304961846,0.5855422369877977,0.2814642072154551,19.45376553657696,0.13793103448275867,gwo,64
29,0.2814642072154551,580,152.76860612844862,47.231393871551376,95.0,19,25.0,25.0,1.0,True,0.1987988304961846,0.5855422369877977,0.2814642072154551,19.45376553657696,0.06896551724137945,gwo,64
30,0.2814642072154551,600,152.76860612844862,47.231393871551376,95.0,19,25.0,25.0,1.0,True,0.1987988304961846,0.5855422369877977,0.2814642072154551,19.45376553657696,0.0,gwo,64
1,0.30022973406821263,20,89.97107539789755,110.02892460210245,70.0,14,40.0,40.0,1.0,True,0.1985025995723937,0.6389015288289225,0.30022973406821263,20.746668421436755,2.0,gwo,65
2,0.293525737699823,40,129.76883805534212,70.23116194465788,95.0,19,10.0,10.0,1.0,True,0.1818135090193912,0.5552204661464367,0.293525737699823,19.845230067436404,1.9310344827586208,gwo,65
3,0.293525737699823,60,129.76883805534212,70.23116194465788,95.0,19,10.0,10.0,1.0,True,0.1818135090193912,0.5552204661464367,0.293525737699823,19.845230067436404,1.8620689655172413,gwo,65
4,0.28692375948264415,80,119.2922290605939,80.7077709394061,80.0,16,30.0,30.0,1.0,True,0.1973935066121314,0.6234045303894742,0.28692375948264415,19.793567304441574,1.793103448275862,gwo,65
5,0.2863330166698202,100,146.39666945782665,53.60333054217335,95.0,19,15.0,15.0,1.0,True,0.1974432853344408,0.5676125249366579,0.2863330166698202,19.74357946811927,1.7241379310344827,gwo,65
6,0.2863330166698202,120,146.39666945782665,53.60333054217335,95.0,19,15.0,15.0,1.0,True,0.1974432853344408,0.5676125249366579,0.2863330166698202,19.74357946811927,1.6551724137931034,gwo,65
7,0.2863330166698202,140,146.39666945782665,53.60333054217335,95.0,19,15.0,15.0,1.0,True,0.1974432853344408,0.5676125249366579,0.2863330166698202,19.74357946811927,1.5862068965517242,gwo,65
8,0.2863330166698202,160,146.39666945782665,53.60333054217335,95.0,19,15.0,15.0,1.0,True,0.1974432853344408,0.5676125249366579,0.2863330166698202,19.74357946811927,1.5172413793103448,gwo,65
9,0.2863330166698202,180,146.39666945782665,53.60333054217335,95.0,19,15.0,15.0,1.0,True,0.1974432853344408,0.5676125249366579,0.2863330166698202,19.74357946811927,1.4482758620689655,gwo,65
10,0.2863330166698202,200,146.39666945782665,53.60333054217335,95.0,19,15.0,15.0,1.0,True,0.1974432853344408,0.5676125249366579,0.2863330166698202,19.74357946811927,1.3793103448275863,gwo,65
11,0.2863330166698202,220,146.39666945782665,53.60333054217335,95.0,19,15.0,15.0,1.0,True,0.1974432853344408,0.5676125249366579,0.2863330166698202,19.74357946811927,1.3103448275862069,gwo,65
12,0.2863330166698202,240,146.39666945782665,53.60333054217335,95.0,19,15.0,15.0,1.0,True,0.1974432853344408,0.5676125249366579,0.2863330166698202,19.74357946811927,1.2413793103448276,gwo,65
13,0.2863330166698202,260,146.39666945782665,53.60333054217335,95.0,19,15.0,15.0,1.0,True,0.1974432853344408,0.5676125249366579,0.2863330166698202,19.74357946811927,1.1724137931034484,gwo,65
14,0.2863330166698202,280,146.39666945782665,53.60333054217335,95.0,19,15.0,15.0,1.0,True,0.1974432853344408,0.5676125249366579,0.2863330166698202,19.74357946811927,1.103448275862069,gwo,65
15,0.2863330166698202,300,146.39666945782665,53.60333054217335,95.0,19,15.0,15.0,1.0,True,0.1974432853344408,0.5676125249366579,0.2863330166698202,19.74357946811927,1.0344827586206897,gwo,65
16,0.2863330166698202,320,146.39666945782665,53.60333054217335,95.0,19,15.0,15.0,1.0,True,0.1974432853344408,0.5676125249366579,0.2863330166698202,19.74357946811927,0.9655172413793103,gwo,65
17,0.283754565086528,340,159.53107820599334,40.46892179400666,100.0,20,20.0,20.0,1.0,True,0.1982881420846512,0.5646331282459197,0.283754565086528,19.595563905838734,0.896551724137931,gwo,65
18,0.283754565086528,360,159.53107820599334,40.46892179400666,100.0,20,20.0,20.0,1.0,True,0.1982881420846512,0.5646331282459197,0.283754565086528,19.595563905838734,0.8275862068965518,gwo,65
19,0.283754565086528,380,159.53107820599334,40.46892179400666,100.0,20,20.0,20.0,1.0,True,0.1982881420846512,0.5646331282459197,0.283754565086528,19.595563905838734,0.7586206896551724,gwo,65
20,0.283754565086528,400,159.53107820599334,40.46892179400666,100.0,20,20.0,20.0,1.0,True,0.1982881420846512,0.5646331282459197,0.283754565086528,19.595563905838734,0.6896551724137931,gwo,65
21,0.283754565086528,420,159.53107820599334,40.46892179400666,100.0,20,20.0,20.0,1.0,True,0.1982881420846512,0.5646331282459197,0.283754565086528,19.595563905838734,0.6206896551724137,gwo,65
22,0.283754565086528,440,159.53107820599334,40.46892179400666,100.0,20,20.0,20.0,1.0,True,0.1982881420846512,0.5646331282459197,0.283754565086528,19.595563905838734,0.5517241379310345,gwo,65
23,0.28371494473000725,460,149.93347930299944,50.066520697000556,95.0,19,20.0,20.0,1.0,True,0.196556054886589,0.5781012597528704,0.28371494473000725,19.549100863622378,0.48275862068965525,gwo,65
24,0.28371494473000725,480,149.93347930299944,50.066520697000556,95.0,19,20.0,20.0,1.0,True,0.196556054886589,0.5781012597528704,0.28371494473000725,19.549100863622378,0.4137931034482758,gwo,65
25,0.28271223532659795,500,147.65792397315286,52.34207602684714,95.0,19,20.0,20.0,1.0,True,0.19465361939969542,0.5807096387232182,0.28271223532659795,19.433283899484447,0.3448275862068966,gwo,65
26,0.28271223532659795,520,147.65792397315286,52.34207602684714,95.0,19,20.0,20.0,1.0,True,0.19465361939969542,0.5807096387232182,0.28271223532659795,19.433283899484447,0.27586206896551735,gwo,65
27,0.28271223532659795,540,147.65792397315286,52.34207602684714,95.0,19,20.0,20.0,1.0,True,0.19465361939969542,0.5807096387232182,0.28271223532659795,19.433283899484447,0.2068965517241379,gwo,65
28,0.2827090602350453,560,147.65035359868534,52.34964640131466,95.0,19,20.0,20.0,1.0,True,0.19464749055779162,0.5807178200935047,0.2827090602350453,19.432916939418146,0.13793103448275867,gwo,65
29,0.28270811610385155,580,147.64810248678964,52.35189751321036,95.0,19,20.0,20.0,1.0,True,0.1946456681124496,0.5807202528899342,0.28270811610385155,19.432807822877677,0.06896551724137945,gwo,65
30,0.28270811610385155,600,147.64810248678964,52.35189751321036,95.0,19,20.0,20.0,1.0,True,0.1946456681124496,0.5807202528899342,0.28270811610385155,19.432807822877677,0.0,gwo,65
1,0.30884573949165656,20,133.030282049974,66.969717950026,95.0,19,35.0,70.0,2.0,True,0.14845817960663207,0.5840139810023325,0.30884573949165656,20.082782589643504,2.0,gwo,66
2,0.2874825712038587,40,166.92751710425793,33.07248289574207,100.0,20,20.0,40.0,2.0,True,0.19765614624493627,0.5694175188646554,0.2874825712038587,19.8432099832792,1.9310344827586208,gwo,66
3,0.2874825712038587,60,166.92751710425793,33.07248289574207,100.0,20,20.0,40.0,2.0,True,0.19765614624493627,0.5694175188646554,0.2874825712038587,19.8432099832792,1.8620689655172413,gwo,66
4,0.2874825712038587,80,166.92751710425793,33.07248289574207,100.0,20,20.0,40.0,2.0,True,0.19765614624493627,0.5694175188646554,0.2874825712038587,19.8432099832792,1.793103448275862,gwo,66
5,0.2874825712038587,100,166.92751710425793,33.07248289574207,100.0,20,20.0,40.0,2.0,True,0.19765614624493627,0.5694175188646554,0.2874825712038587,19.8432099832792,1.7241379310344827,gwo,66
6,0.2874825712038587,120,166.92751710425793,33.07248289574207,100.0,20,20.0,40.0,2.0,True,0.19765614624493627,0.5694175188646554,0.2874825712038587,19.8432099832792,1.6551724137931034,gwo,66
7,0.2874825712038587,140,166.92751710425793,33.07248289574207,100.0,20,20.0,40.0,2.0,True,0.19765614624493627,0.5694175188646554,0.2874825712038587,19.8432099832792,1.5862068965517242,gwo,66
8,0.2874825712038587,160,166.92751710425793,33.07248289574207,100.0,20,20.0,40.0,2.0,True,0.19765614624493627,0.5694175188646554,0.2874825712038587,19.8432099832792,1.5172413793103448,gwo,66
9,0.28495138443617135,180,158.61316511494508,41.386834885054924,100.0,20,15.0,30.0,2.0,True,0.19967027057207265,0.5647851906345601,0.28495138443617135,19.707618764451972,1.4482758620689655,gwo,66
10,0.28495138443617135,200,158.61316511494508,41.386834885054924,100.0,20,15.0,30.0,2.0,True,0.19967027057207265,0.5647851906345601,0.28495138443617135,19.707618764451972,1.3793103448275863,gwo,66
11,0.28495138443617135,220,158.61316511494508,41.386834885054924,100.0,20,15.0,30.0,2.0,True,0.19967027057207265,0.5647851906345601,0.28495138443617135,19.707618764451972,1.3103448275862069,gwo,66
12,0.28495138443617135,240,158.61316511494508,41.386834885054924,100.0,20,15.0,30.0,2.0,True,0.19967027057207265,0.5647851906345601,0.28495138443617135,19.707618764451972,1.2413793103448276,gwo,66
13,0.28495138443617135,260,158.61316511494508,41.386834885054924,100.0,20,15.0,30.0,2.0,True,0.19967027057207265,0.5647851906345601,0.28495138443617135,19.707618764451972,1.1724137931034484,gwo,66
14,0.28495138443617135,280,158.61316511494508,41.386834885054924,100.0,20,15.0,30.0,2.0,True,0.19967027057207265,0.5647851906345601,0.28495138443617135,19.707618764451972,1.103448275862069,gwo,66
15,0.28495138443617135,300,158.61316511494508,41.386834885054924,100.0,20,15.0,30.0,2.0,True,0.19967027057207265,0.5647851906345601,0.28495138443617135,19.707618764451972,1.0344827586206897,gwo,66
16,0.28495138443617135,320,158.61316511494508,41.386834885054924,100.0,20,15.0,30.0,2.0,True,0.19967027057207265,0.5647851906345601,0.28495138443617135,19.707618764451972,0.9655172413793103,gwo,66
17,0.28495138443617135,340,158.61316511494508,41.386834885054924,100.0,20,15.0,30.0,2.0,True,0.19967027057207265,0.5647851906345601,0.28495138443617135,19.707618764451972,0.896551724137931,gwo,66
18,0.28495138443617135,360,158.61316511494508,41.386834885054924,100.0,20,15.0,30.0,2.0,True,0.19967027057207265,0.5647851906345601,0.28495138443617135,19.707618764451972,0.8275862068965518,gwo,66
19,0.2849418329674393,380,158.59013887396986,41.40986112603014,100.0,20,15.0,30.0,2.0,True,0.19965293807877874,0.564808486248413,0.2849418329674393,19.70652909874268,0.7586206896551724,gwo,66
20,0.2849418329674393,400,158.59013887396986,41.40986112603014,100.0,20,15.0,30.0,2.0,True,0.19965293807877874,0.564808486248413,0.2849418329674393,19.70652909874268,0.6896551724137931,gwo,66
21,0.2849418329674393,420,158.59013887396986,41.40986112603014,100.0,20,15.0,30.0,2.0,True,0.19965293807877874,0.564808486248413,0.2849418329674393,19.70652909874268,0.6206896551724137,gwo,66
22,0.28462154367701714,440,157.83620807305786,42.16379192694214,100.0,20,15.0,30.0,2.0,True,0.19873447927382698,0.5658400139413405,0.28462154367701714,19.661556802063203,0.5517241379310345,gwo,66
23,0.28462154367701714,460,157.83620807305786,42.16379192694214,100.0,20,15.0,30.0,2.0,True,0.19873447927382698,0.5658400139413405,0.28462154367701714,19.661556802063203,0.48275862068965525,gwo,66
24,0.28462154367701714,480,157.83620807305786,42.16379192694214,100.0,20,15.0,30.0,2.0,True,0.19873447927382698,0.5658400139413405,0.28462154367701714,19.661556802063203,0.4137931034482758,gwo,66
25,0.28462154367701714,500,157.83620807305786,42.16379192694214,100.0,20,15.0,30.0,2.0,True,0.19873447927382698,0.5658400139413405,0.28462154367701714,19.661556802063203,0.3448275862068966,gwo,66
26,0.28462154367701714,520,157.83620807305786,42.16379192694214,100.0,20,15.0,30.0,2.0,True,0.19873447927382698,0.5658400139413405,0.28462154367701714,19.661556802063203,0.27586206896551735,gwo,66
27,0.28462154367701714,540,157.83620807305786,42.16379192694214,100.0,20,15.0,30.0,2.0,True,0.19873447927382698,0.5658400139413405,0.28462154367701714,19.661556802063203,0.2068965517241379,gwo,66
28,0.28462154367701714,560,157.83620807305786,42.16379192694214,100.0,20,15.0,30.0,2.0,True,0.19873447927382698,0.5658400139413405,0.28462154367701714,19.661556802063203,0.13793103448275867,gwo,66
29,0.2845636823878604,580,157.70309136755068,42.296908632449316,100.0,20,15.0,30.0,2.0,True,0.1985630619650966,0.5660322112610924,0.2845636823878604,19.65328381109154,0.06896551724137945,gwo,66
30,0.2845636823878604,600,157.70309136755068,42.296908632449316,100.0,20,15.0,30.0,2.0,True,0.1985630619650966,0.5660322112610924,0.2845636823878604,19.65328381109154,0.0,gwo,66
1,0.3439401196594138,20,65.72839408258069,134.27160591741932,65.0,13,30.0,120.0,4.0,True,0.16791576800803212,0.6409920558831174,0.3439401196594138,22.920554673797746,2.0,gwo,67
2,0.33089026197143384,40,106.10476472560816,93.89523527439184,100.0,20,15.0,30.0,2.0,True,0.09940381090350994,0.5300133712785341,0.33089026197143384,20.32784925588957,1.9310344827586208,gwo,67
3,0.2887800667054589,60,139.8159016055929,60.1840983944071,90.0,18,20.0,40.0,2.0,True,0.18864071377358696,0.5970513100240243,0.2887800667054589,19.706648767211338,1.8620689655172413,gwo,67
4,0.2887800667054589,80,139.8159016055929,60.1840983944071,90.0,18,20.0,40.0,2.0,True,0.18864071377358696,0.5970513100240243,0.2887800667054589,19.706648767211338,1.793103448275862,gwo,67
5,0.28586869940110826,100,130.58049970542675,69.41950029457325,85.0,17,15.0,30.0,2.0,True,0.19813640296039398,0.6052391023196074,0.28586869940110826,19.732978194622415,1.7241379310344827,gwo,67
6,0.28586869940110826,120,130.58049970542675,69.41950029457325,85.0,17,15.0,30.0,2.0,True,0.19813640296039398,0.6052391023196074,0.28586869940110826,19.732978194622415,1.6551724137931034,gwo,67
7,0.28586869940110826,140,130.58049970542675,69.41950029457325,85.0,17,15.0,30.0,2.0,True,0.19813640296039398,0.6052391023196074,0.28586869940110826,19.732978194622415,1.5862068965517242,gwo,67
8,0.28586869940110826,160,130.58049970542675,69.41950029457325,85.0,17,15.0,30.0,2.0,True,0.19813640296039398,0.6052391023196074,0.28586869940110826,19.732978194622415,1.5172413793103448,gwo,67
9,0.28586869940110826,180,130.58049970542675,69.41950029457325,85.0,17,15.0,30.0,2.0,True,0.19813640296039398,0.6052391023196074,0.28586869940110826,19.732978194622415,1.4482758620689655,gwo,67
10,0.28586869940110826,200,130.58049970542675,69.41950029457325,85.0,17,15.0,30.0,2.0,True,0.19813640296039398,0.6052391023196074,0.28586869940110826,19.732978194622415,1.3793103448275863,gwo,67
11,0.28586869940110826,220,130.58049970542675,69.41950029457325,85.0,17,15.0,30.0,2.0,True,0.19813640296039398,0.6052391023196074,0.28586869940110826,19.732978194622415,1.3103448275862069,gwo,67
12,0.28586869940110826,240,130.58049970542675,69.41950029457325,85.0,17,15.0,30.0,2.0,True,0.19813640296039398,0.6052391023196074,0.28586869940110826,19.732978194622415,1.2413793103448276,gwo,67
13,0.28586869940110826,260,130.58049970542675,69.41950029457325,85.0,17,15.0,30.0,2.0,True,0.19813640296039398,0.6052391023196074,0.28586869940110826,19.732978194622415,1.1724137931034484,gwo,67
14,0.28586869940110826,280,130.58049970542675,69.41950029457325,85.0,17,15.0,30.0,2.0,True,0.19813640296039398,0.6052391023196074,0.28586869940110826,19.732978194622415,1.103448275862069,gwo,67
15,0.28586869940110826,300,130.58049970542675,69.41950029457325,85.0,17,15.0,30.0,2.0,True,0.19813640296039398,0.6052391023196074,0.28586869940110826,19.732978194622415,1.0344827586206897,gwo,67
16,0.2845097555618253,320,153.70924772722094,46.29075227277906,100.0,20,15.0,15.0,1.0,True,0.19975977199211936,0.55699712716698,0.2845097555618253,19.674903883849442,0.9655172413793103,gwo,67
17,0.2845097555618253,340,153.70924772722094,46.29075227277906,100.0,20,15.0,15.0,1.0,True,0.19975977199211936,0.55699712716698,0.2845097555618253,19.674903883849442,0.896551724137931,gwo,67
18,0.2845097555618253,360,153.70924772722094,46.29075227277906,100.0,20,15.0,15.0,1.0,True,0.19975977199211936,0.55699712716698,0.2845097555618253,19.674903883849442,0.8275862068965518,gwo,67
19,0.2845097555618253,380,153.70924772722094,46.29075227277906,100.0,20,15.0,15.0,1.0,True,0.19975977199211936,0.55699712716698,0.2845097555618253,19.674903883849442,0.7586206896551724,gwo,67
20,0.2845097555618253,400,153.70924772722094,46.29075227277906,100.0,20,15.0,15.0,1.0,True,0.19975977199211936,0.55699712716698,0.2845097555618253,19.674903883849442,0.6896551724137931,gwo,67
21,0.2845097555618253,420,153.70924772722094,46.29075227277906,100.0,20,15.0,15.0,1.0,True,0.19975977199211936,0.55699712716698,0.2845097555618253,19.674903883849442,0.6206896551724137,gwo,67
22,0.2845097555618253,440,153.70924772722094,46.29075227277906,100.0,20,15.0,15.0,1.0,True,0.19975977199211936,0.55699712716698,0.2845097555618253,19.674903883849442,0.5517241379310345,gwo,67
23,0.2845097555618253,460,153.70924772722094,46.29075227277906,100.0,20,15.0,15.0,1.0,True,0.19975977199211936,0.55699712716698,0.2845097555618253,19.674903883849442,0.48275862068965525,gwo,67
24,0.28444744972774905,480,152.6123404949756,47.3876595050244,95.0,19,20.0,40.0,2.0,True,0.1963404038752466,0.5875253017938179,0.28444744972774905,19.59875403641998,0.4137931034482758,gwo,67
25,0.28444744972774905,500,152.6123404949756,47.3876595050244,95.0,19,20.0,40.0,2.0,True,0.1963404038752466,0.5875253017938179,0.28444744972774905,19.59875403641998,0.3448275862068966,gwo,67
26,0.28444744972774905,520,152.6123404949756,47.3876595050244,95.0,19,20.0,40.0,2.0,True,0.1963404038752466,0.5875253017938179,0.28444744972774905,19.59875403641998,0.27586206896551735,gwo,67
27,0.28444744972774905,540,152.6123404949756,47.3876595050244,95.0,19,20.0,40.0,2.0,True,0.1963404038752466,0.5875253017938179,0.28444744972774905,19.59875403641998,0.2068965517241379,gwo,67
28,0.28339599123910825,560,149.22828208655892,50.77171791344108,95.0,19,20.0,20.0,1.0,True,0.19605274150410298,0.5788642475939473,0.28339599123910825,19.51462622920093,0.13793103448275867,gwo,67
29,0.28339599123910825,580,149.22828208655892,50.77171791344108,95.0,19,20.0,20.0,1.0,True,0.19605274150410298,0.5788642475939473,0.28339599123910825,19.51462622920093,0.06896551724137945,gwo,67
30,0.28339599123910825,600,149.22828208655892,50.77171791344108,95.0,19,20.0,20.0,1.0,True,0.19605274150410298,0.5788642475939473,0.28339599123910825,19.51462622920093,0.0,gwo,67
1,0.3181191632380298,20,101.8406005440124,98.1593994559876,75.0,15,25.0,100.0,4.0,True,0.16755638469745293,0.6372277274371795,0.3181191632380298,21.16733254963013,2.0,gwo,68
2,0.2986613028824915,40,160.40446849447088,39.595531505529124,100.0,20,35.0,70.0,2.0,True,0.17918003309232325,0.5750518894078955,0.2986613028824915,20.15629011210422,1.9310344827586208,gwo,68
3,0.29788009834838963,60,144.88522757820786,55.11477242179214,90.0,18,40.0,80.0,2.0,True,0.18975920934063303,0.6040798890624964,0.29788009834838963,20.36502554550839,1.8620689655172413,gwo,68
4,0.29571506683192383,80,153.4699974725447,46.53000252745531,100.0,20,15.0,60.0,4.0,True,0.1792730843289955,0.5701827703641523,0.29571506683192383,19.945296485198817,1.793103448275862,gwo,68
5,0.29571506683192383,100,153.4699974725447,46.53000252745531,100.0,20,15.0,60.0,4.0,True,0.1792730843289955,0.5701827703641523,0.29571506683192383,19.945296485198817,1.7241379310344827,gwo,68
6,0.2862740064498844,120,165.63752211725838,34.362477882741615,100.0,20,20.0,40.0,2.0,True,0.198163532957655,0.571022807513846,0.2862740064498844,19.772086161753933,1.6551724137931034,gwo,68
7,0.2862740064498844,140,165.63752211725838,34.362477882741615,100.0,20,20.0,40.0,2.0,True,0.198163532957655,0.571022807513846,0.2862740064498844,19.772086161753933,1.5862068965517242,gwo,68
8,0.2862740064498844,160,165.63752211725838,34.362477882741615,100.0,20,20.0,40.0,2.0,True,0.198163532957655,0.571022807513846,0.2862740064498844,19.772086161753933,1.5172413793103448,gwo,68
9,0.2862740064498844,180,165.63752211725838,34.362477882741615,100.0,20,20.0,40.0,2.0,True,0.198163532957655,0.571022807513846,0.2862740064498844,19.772086161753933,1.4482758620689655,gwo,68
10,0.2862740064498844,200,165.63752211725838,34.362477882741615,100.0,20,20.0,40.0,2.0,True,0.198163532957655,0.571022807513846,0.2862740064498844,19.772086161753933,1.3793103448275863,gwo,68
11,0.2854051455818102,220,164.3631375913092,35.6368624086908,100.0,20,20.0,40.0,2.0,True,0.19804512120444423,0.5724155742112368,0.2854051455818102,19.708860854682815,1.3103448275862069,gwo,68
12,0.2854051455818102,240,164.3631375913092,35.6368624086908,100.0,20,20.0,40.0,2.0,True,0.19804512120444423,0.5724155742112368,0.2854051455818102,19.708860854682815,1.2413793103448276,gwo,68
13,0.2854051455818102,260,164.3631375913092,35.6368624086908,100.0,20,20.0,40.0,2.0,True,0.19804512120444423,0.5724155742112368,0.2854051455818102,19.708860854682815,1.1724137931034484,gwo,68
14,0.2854051455818102,280,164.3631375913092,35.6368624086908,100.0,20,20.0,40.0,2.0,True,0.19804512120444423,0.5724155742112368,0.2854051455818102,19.708860854682815,1.103448275862069,gwo,68
15,0.2854051455818102,300,164.3631375913092,35.6368624086908,100.0,20,20.0,40.0,2.0,True,0.19804512120444423,0.5724155742112368,0.2854051455818102,19.708860854682815,1.0344827586206897,gwo,68
16,0.2854051455818102,320,164.3631375913092,35.6368624086908,100.0,20,20.0,40.0,2.0,True,0.19804512120444423,0.5724155742112368,0.2854051455818102,19.708860854682815,0.9655172413793103,gwo,68
17,0.2851577948712271,340,163.78096744256473,36.21903255743527,100.0,20,20.0,40.0,2.0,True,0.19758753192758896,0.5730433474806628,0.2851577948712271,19.68037136611218,0.896551724137931,gwo,68
18,0.2848768678305834,360,163.11191951647052,36.88808048352948,100.0,20,20.0,40.0,2.0,True,0.19691064801842828,0.57386792198147,0.2848768678305834,19.64417686975747,0.8275862068965518,gwo,68
19,0.2848768678305834,380,163.11191951647052,36.88808048352948,100.0,20,20.0,40.0,2.0,True,0.19691064801842828,0.57386792198147,0.2848768678305834,19.64417686975747,0.7586206896551724,gwo,68
20,0.2848768678305834,400,163.11191951647052,36.88808048352948,100.0,20,20.0,40.0,2.0,True,0.19691064801842828,0.57386792198147,0.2848768678305834,19.64417686975747,0.6896551724137931,gwo,68
21,0.2848768678305834,420,163.11191951647052,36.88808048352948,100.0,20,20.0,40.0,2.0,True,0.19691064801842828,0.57386792198147,0.2848768678305834,19.64417686975747,0.6206896551724137,gwo,68
22,0.2848768678305834,440,163.11191951647052,36.88808048352948,100.0,20,20.0,40.0,2.0,True,0.19691064801842828,0.57386792198147,0.2848768678305834,19.64417686975747,0.5517241379310345,gwo,68
23,0.2848543819224101,460,163.06600573616288,36.93399426383712,100.0,20,20.0,40.0,2.0,True,0.1969489508790419,0.5738716570497117,0.2848543819224101,19.6435057558259,0.48275862068965525,gwo,68
24,0.2848543819224101,480,163.06600573616288,36.93399426383712,100.0,20,20.0,40.0,2.0,True,0.1969489508790419,0.5738716570497117,0.2848543819224101,19.6435057558259,0.4137931034482758,gwo,68
25,0.28482699362265707,500,162.99886211780617,37.00113788219383,100.0,20,20.0,40.0,2.0,True,0.19683681870015604,0.5739843834568595,0.28482699362265707,19.638853614816462,0.3448275862068966,gwo,68
26,0.28469167369256665,520,162.6804840071317,37.319515992868304,100.0,20,20.0,40.0,2.0,True,0.19662080541917298,0.574305512569751,0.28469167369256665,19.624108084972796,0.27586206896551735,gwo,68
27,0.28469167369256665,540,162.6804840071317,37.319515992868304,100.0,20,20.0,40.0,2.0,True,0.19662080541917298,0.574305512569751,0.28469167369256665,19.624108084972796,0.2068965517241379,gwo,68
28,0.28469167369256665,560,162.6804840071317,37.319515992868304,100.0,20,20.0,40.0,2.0,True,0.19662080541917298,0.574305512569751,0.28469167369256665,19.624108084972796,0.13793103448275867,gwo,68
29,0.28469167369256665,580,162.6804840071317,37.319515992868304,100.0,20,20.0,40.0,2.0,True,0.19662080541917298,0.574305512569751,0.28469167369256665,19.624108084972796,0.06896551724137945,gwo,68
30,0.28466691978901093,600,162.61908989866527,37.380910101334734,100.0,20,20.0,40.0,2.0,True,0.1965724428396001,0.5743689334511591,0.28466691978901093,19.621215427260392,0.0,gwo,68
1,0.3033799326327893,20,116.07447504313497,83.92552495686503,75.0,15,45.0,90.0,2.0,True,0.19888548101052617,0.6482253546721269,0.3033799326327893,20.979898635931683,2.0,gwo,69
2,0.29208958364868504,40,103.38973451969271,96.61026548030729,75.0,15,20.0,40.0,2.0,True,0.1933713250258203,0.6353075948076184,0.29208958364868504,20.049967906125584,1.9310344827586208,gwo,69
3,0.29208958364868504,60,103.38973451969271,96.61026548030729,75.0,15,20.0,40.0,2.0,True,0.1933713250258203,0.6353075948076184,0.29208958364868504,20.049967906125584,1.8620689655172413,gwo,69
4,0.2920526338683977,80,150.780026034622,49.21997396537799,95.0,19,40.0,40.0,1.0,True,0.18559451210985933,0.5833206070657667,0.2920526338683977,19.86029668773351,1.793103448275862,gwo,69
5,0.2918675544905721,100,159.18566788036668,40.81433211963332,100.0,20,25.0,50.0,2.0,True,0.18314823884524956,0.5739520516752631,0.2918675544905721,19.790063834692514,1.7241379310344827,gwo,69
6,0.2918675544905721,120,159.18566788036668,40.81433211963332,100.0,20,25.0,50.0,2.0,True,0.18314823884524956,0.5739520516752631,0.2918675544905721,19.790063834692514,1.6551724137931034,gwo,69
7,0.2886320363804179,140,149.39241259161736,50.60758740838264,100.0,20,10.0,20.0,2.0,True,0.19488549451834689,0.5523813165561984,0.2886320363804179,19.833973621538302,1.5862068965517242,gwo,69
8,0.2871009588233944,160,166.5269593859047,33.47304061409531,100.0,20,20.0,40.0,2.0,True,0.19793400426334096,0.5698436280143954,0.2871009588233944,19.82359896171108,1.5172413793103448,gwo,69
9,0.2871009588233944,180,166.5269593859047,33.47304061409531,100.0,20,20.0,40.0,2.0,True,0.19793400426334096,0.5698436280143954,0.2871009588233944,19.82359896171108,1.4482758620689655,gwo,69
10,0.2871009588233944,200,166.5269593859047,33.47304061409531,100.0,20,20.0,40.0,2.0,True,0.19793400426334096,0.5698436280143954,0.2871009588233944,19.82359896171108,1.3793103448275863,gwo,69
11,0.2871009588233944,220,166.5269593859047,33.47304061409531,100.0,20,20.0,40.0,2.0,True,0.19793400426334096,0.5698436280143954,0.2871009588233944,19.82359896171108,1.3103448275862069,gwo,69
12,0.2871009588233944,240,166.5269593859047,33.47304061409531,100.0,20,20.0,40.0,2.0,True,0.19793400426334096,0.5698436280143954,0.2871009588233944,19.82359896171108,1.2413793103448276,gwo,69
13,0.2871009588233944,260,166.5269593859047,33.47304061409531,100.0,20,20.0,40.0,2.0,True,0.19793400426334096,0.5698436280143954,0.2871009588233944,19.82359896171108,1.1724137931034484,gwo,69
14,0.2871009588233944,280,166.5269593859047,33.47304061409531,100.0,20,20.0,40.0,2.0,True,0.19793400426334096,0.5698436280143954,0.2871009588233944,19.82359896171108,1.103448275862069,gwo,69
15,0.2871009588233944,300,166.5269593859047,33.47304061409531,100.0,20,20.0,40.0,2.0,True,0.19793400426334096,0.5698436280143954,0.2871009588233944,19.82359896171108,1.0344827586206897,gwo,69
16,0.2871009588233944,320,166.5269593859047,33.47304061409531,100.0,20,20.0,40.0,2.0,True,0.19793400426334096,0.5698436280143954,0.2871009588233944,19.82359896171108,0.9655172413793103,gwo,69
17,0.2871009588233944,340,166.5269593859047,33.47304061409531,100.0,20,20.0,40.0,2.0,True,0.19793400426334096,0.5698436280143954,0.2871009588233944,19.82359896171108,0.896551724137931,gwo,69
18,0.2871009588233944,360,166.5269593859047,33.47304061409531,100.0,20,20.0,40.0,2.0,True,0.19793400426334096,0.5698436280143954,0.2871009588233944,19.82359896171108,0.8275862068965518,gwo,69
19,0.28481329837019836,380,162.96913128522647,37.03086871477353,100.0,20,20.0,40.0,2.0,True,0.19685158025451305,0.5739918709212203,0.28481329837019836,19.638245728708306,0.7586206896551724,gwo,69
20,0.2846024714046222,400,143.39873142242854,56.60126857757146,90.0,18,20.0,40.0,2.0,True,0.19767350786152324,0.6004142386667578,0.2846024714046222,19.64129215240722,0.6896551724137931,gwo,69
21,0.2842676996909786,420,142.64573671761346,57.35426328238654,90.0,18,20.0,40.0,2.0,True,0.19705596872664258,0.6013028919507103,0.2842676996909786,19.60281679897978,0.6206896551724137,gwo,69
22,0.2842676996909786,440,142.64573671761346,57.35426328238654,90.0,18,20.0,40.0,2.0,True,0.19705596872664258,0.6013028919507103,0.2842676996909786,19.60281679897978,0.5517241379310345,gwo,69
23,0.2842676996909786,460,142.64573671761346,57.35426328238654,90.0,18,20.0,40.0,2.0,True,0.19705596872664258,0.6013028919507103,0.2842676996909786,19.60281679897978,0.48275862068965525,gwo,69
24,0.2842676996909786,480,142.64573671761346,57.35426328238654,90.0,18,20.0,40.0,2.0,True,0.19705596872664258,0.6013028919507103,0.2842676996909786,19.60281679897978,0.4137931034482758,gwo,69
25,0.2842676996909786,500,142.64573671761346,57.35426328238654,90.0,18,20.0,40.0,2.0,True,0.19705596872664258,0.6013028919507103,0.2842676996909786,19.60281679897978,0.3448275862068966,gwo,69
26,0.2842676996909786,520,142.64573671761346,57.35426328238654,90.0,18,20.0,40.0,2.0,True,0.19705596872664258,0.6013028919507103,0.2842676996909786,19.60281679897978,0.27586206896551735,gwo,69
27,0.2842676996909786,540,142.64573671761346,57.35426328238654,90.0,18,20.0,40.0,2.0,True,0.19705596872664258,0.6013028919507103,0.2842676996909786,19.60281679897978,0.2068965517241379,gwo,69
28,0.2842676996909786,560,142.64573671761346,57.35426328238654,90.0,18,20.0,40.0,2.0,True,0.19705596872664258,0.6013028919507103,0.2842676996909786,19.60281679897978,0.13793103448275867,gwo,69
29,0.28423074070212084,580,142.55872678777985,57.44127321222015,90.0,18,20.0,40.0,2.0,True,0.19698125688882762,0.6014037934282367,0.28423074070212084,19.598436367446826,0.06896551724137945,gwo,69
30,0.28423074070212084,600,142.55872678777985,57.44127321222015,90.0,18,20.0,40.0,2.0,True,0.19698125688882762,0.6014037934282367,0.28423074070212084,19.598436367446826,0.0,gwo,69
1,0.28753446328974025,20,117.78434657047931,82.21565342952069,85.0,17,15.0,15.0,1.0,True,0.1867965339809455,0.5968389041109818,0.28753446328974025,19.56661373520699,2.0,gwo,70
2,0.28753446328974025,40,117.78434657047931,82.21565342952069,85.0,17,15.0,15.0,1.0,True,0.1867965339809455,0.5968389041109818,0.28753446328974025,19.56661373520699,1.9310344827586208,gwo,70
3,0.28753446328974025,60,117.78434657047931,82.21565342952069,85.0,17,15.0,15.0,1.0,True,0.1867965339809455,0.5968389041109818,0.28753446328974025,19.56661373520699,1.8620689655172413,gwo,70
4,0.28753446328974025,80,117.78434657047931,82.21565342952069,85.0,17,15.0,15.0,1.0,True,0.1867965339809455,0.5968389041109818,0.28753446328974025,19.56661373520699,1.793103448275862,gwo,70
5,0.287399081549499,100,144.50074167940008,55.49925832059992,90.0,18,40.0,40.0,1.0,True,0.19764258012188682,0.5993459302858325,0.287399081549499,19.836797406606102,1.7241379310344827,gwo,70
6,0.287399081549499,120,144.50074167940008,55.49925832059992,90.0,18,40.0,40.0,1.0,True,0.19764258012188682,0.5993459302858325,0.287399081549499,19.836797406606102,1.6551724137931034,gwo,70
7,0.28595854309421664,140,159.8413416387991,40.15865836120091,100.0,20,25.0,25.0,1.0,True,0.19104187695201114,0.5686709913223423,0.28595854309421664,19.576029060785636,1.5862068965517242,gwo,70
8,0.28595854309421664,160,159.8413416387991,40.15865836120091,100.0,20,25.0,25.0,1.0,True,0.19104187695201114,0.5686709913223423,0.28595854309421664,19.576029060785636,1.5172413793103448,gwo,70
9,0.2842589380855893,180,160.31893437587917,39.68106562412083,100.0,20,20.0,20.0,1.0,True,0.1988760572403326,0.5634827657230117,0.2842589380855893,19.645062588785386,1.4482758620689655,gwo,70
10,0.2842589380855893,200,160.31893437587917,39.68106562412083,100.0,20,20.0,20.0,1.0,True,0.1988760572403326,0.5634827657230117,0.2842589380855893,19.645062588785386,1.3793103448275863,gwo,70
11,0.2842589380855893,220,160.31893437587917,39.68106562412083,100.0,20,20.0,20.0,1.0,True,0.1988760572403326,0.5634827657230117,0.2842589380855893,19.645062588785386,1.3103448275862069,gwo,70
12,0.2842589380855893,240,160.31893437587917,39.68106562412083,100.0,20,20.0,20.0,1.0,True,0.1988760572403326,0.5634827657230117,0.2842589380855893,19.645062588785386,1.2413793103448276,gwo,70
13,0.2842589380855893,260,160.31893437587917,39.68106562412083,100.0,20,20.0,20.0,1.0,True,0.1988760572403326,0.5634827657230117,0.2842589380855893,19.645062588785386,1.1724137931034484,gwo,70
14,0.2842589380855893,280,160.31893437587917,39.68106562412083,100.0,20,20.0,20.0,1.0,True,0.1988760572403326,0.5634827657230117,0.2842589380855893,19.645062588785386,1.103448275862069,gwo,70
15,0.2842589380855893,300,160.31893437587917,39.68106562412083,100.0,20,20.0,20.0,1.0,True,0.1988760572403326,0.5634827657230117,0.2842589380855893,19.645062588785386,1.0344827586206897,gwo,70
16,0.2842589380855893,320,160.31893437587917,39.68106562412083,100.0,20,20.0,20.0,1.0,True,0.1988760572403326,0.5634827657230117,0.2842589380855893,19.645062588785386,0.9655172413793103,gwo,70
17,0.2842589380855893,340,160.31893437587917,39.68106562412083,100.0,20,20.0,20.0,1.0,True,0.1988760572403326,0.5634827657230117,0.2842589380855893,19.645062588785386,0.896551724137931,gwo,70
18,0.2842589380855893,360,160.31893437587917,39.68106562412083,100.0,20,20.0,20.0,1.0,True,0.1988760572403326,0.5634827657230117,0.2842589380855893,19.645062588785386,0.8275862068965518,gwo,70
19,0.2842589380855893,380,160.31893437587917,39.68106562412083,100.0,20,20.0,20.0,1.0,True,0.1988760572403326,0.5634827657230117,0.2842589380855893,19.645062588785386,0.7586206896551724,gwo,70
20,0.2837057656786028,400,159.42292915404093,40.57707084595907,100.0,20,20.0,20.0,1.0,True,0.19820196660003664,0.5647554277525617,0.2837057656786028,19.5900201347213,0.6896551724137931,gwo,70
21,0.2837057656786028,420,159.42292915404093,40.57707084595907,100.0,20,20.0,20.0,1.0,True,0.19820196660003664,0.5647554277525617,0.2837057656786028,19.5900201347213,0.6206896551724137,gwo,70
22,0.2837057656786028,440,159.42292915404093,40.57707084595907,100.0,20,20.0,20.0,1.0,True,0.19820196660003664,0.5647554277525617,0.2837057656786028,19.5900201347213,0.5517241379310345,gwo,70
23,0.2837057656786028,460,159.42292915404093,40.57707084595907,100.0,20,20.0,20.0,1.0,True,0.19820196660003664,0.5647554277525617,0.2837057656786028,19.5900201347213,0.48275862068965525,gwo,70
24,0.2837057656786028,480,159.42292915404093,40.57707084595907,100.0,20,20.0,20.0,1.0,True,0.19820196660003664,0.5647554277525617,0.2837057656786028,19.5900201347213,0.4137931034482758,gwo,70
25,0.2837057656786028,500,159.42292915404093,40.57707084595907,100.0,20,20.0,20.0,1.0,True,0.19820196660003664,0.5647554277525617,0.2837057656786028,19.5900201347213,0.3448275862068966,gwo,70
26,0.28290994075919546,520,157.57704636587835,42.422953634121654,100.0,20,20.0,20.0,1.0,True,0.1963564022983792,0.5670271917706203,0.28290994075919546,19.489429363613244,0.27586206896551735,gwo,70
27,0.28290994075919546,540,157.57704636587835,42.422953634121654,100.0,20,20.0,20.0,1.0,True,0.1963564022983792,0.5670271917706203,0.28290994075919546,19.489429363613244,0.2068965517241379,gwo,70
28,0.28290994075919546,560,157.57704636587835,42.422953634121654,100.0,20,20.0,20.0,1.0,True,0.1963564022983792,0.5670271917706203,0.28290994075919546,19.489429363613244,0.13793103448275867,gwo,70
29,0.28290994075919546,580,157.57704636587835,42.422953634121654,100.0,20,20.0,20.0,1.0,True,0.1963564022983792,0.5670271917706203,0.28290994075919546,19.489429363613244,0.06896551724137945,gwo,70
30,0.28290994075919546,600,157.57704636587835,42.422953634121654,100.0,20,20.0,20.0,1.0,True,0.1963564022983792,0.5670271917706203,0.28290994075919546,19.489429363613244,0.0,gwo,70
1,0.3112689411051448,20,122.68695792140232,77.31304207859768,95.0,19,45.0,45.0,1.0,True,0.13391789360833833,0.5756548339081805,0.3112689411051448,19.896475265992475,2.0,gwo,71
2,0.28892536430973603,40,114.67625815783664,85.32374184216336,80.0,16,15.0,30.0,2.0,True,0.19164243453203253,0.617971734301474,0.28892536430973603,19.784195385874884,1.9310344827586208,gwo,71
3,0.28892536430973603,60,114.67625815783664,85.32374184216336,80.0,16,15.0,30.0,2.0,True,0.19164243453203253,0.617971734301474,0.28892536430973603,19.784195385874884,1.8620689655172413,gwo,71
4,0.28892536430973603,80,114.67625815783664,85.32374184216336,80.0,16,15.0,30.0,2.0,True,0.19164243453203253,0.617971734301474,0.28892536430973603,19.784195385874884,1.793103448275862,gwo,71
5,0.28892536430973603,100,114.67625815783664,85.32374184216336,80.0,16,15.0,30.0,2.0,True,0.19164243453203253,0.617971734301474,0.28892536430973603,19.784195385874884,1.7241379310344827,gwo,71
6,0.28892536430973603,120,114.67625815783664,85.32374184216336,80.0,16,15.0,30.0,2.0,True,0.19164243453203253,0.617971734301474,0.28892536430973603,19.784195385874884,1.6551724137931034,gwo,71
7,0.28892536430973603,140,114.67625815783664,85.32374184216336,80.0,16,15.0,30.0,2.0,True,0.19164243453203253,0.617971734301474,0.28892536430973603,19.784195385874884,1.5862068965517242,gwo,71
8,0.28892536430973603,160,114.67625815783664,85.32374184216336,80.0,16,15.0,30.0,2.0,True,0.19164243453203253,0.617971734301474,0.28892536430973603,19.784195385874884,1.5172413793103448,gwo,71
9,0.28892536430973603,180,114.67625815783664,85.32374184216336,80.0,16,15.0,30.0,2.0,True,0.19164243453203253,0.617971734301474,0.28892536430973603,19.784195385874884,1.4482758620689655,gwo,71
10,0.28892536430973603,200,114.67625815783664,85.32374184216336,80.0,16,15.0,30.0,2.0,True,0.19164243453203253,0.617971734301474,0.28892536430973603,19.784195385874884,1.3793103448275863,gwo,71
11,0.28892536430973603,220,114.67625815783664,85.32374184216336,80.0,16,15.0,30.0,2.0,True,0.19164243453203253,0.617971734301474,0.28892536430973603,19.784195385874884,1.3103448275862069,gwo,71
12,0.28892536430973603,240,114.67625815783664,85.32374184216336,80.0,16,15.0,30.0,2.0,True,0.19164243453203253,0.617971734301474,0.28892536430973603,19.784195385874884,1.2413793103448276,gwo,71
13,0.28892536430973603,260,114.67625815783664,85.32374184216336,80.0,16,15.0,30.0,2.0,True,0.19164243453203253,0.617971734301474,0.28892536430973603,19.784195385874884,1.1724137931034484,gwo,71
14,0.2870608138970952,280,134.82605332627122,65.17394667372878,90.0,18,20.0,20.0,1.0,True,0.18692301679072867,0.5896126014104699,0.2870608138970952,19.543654837201448,1.103448275862069,gwo,71
15,0.2870608138970952,300,134.82605332627122,65.17394667372878,90.0,18,20.0,20.0,1.0,True,0.18692301679072867,0.5896126014104699,0.2870608138970952,19.543654837201448,1.0344827586206897,gwo,71
16,0.286414847473263,320,140.79030564798543,59.209694352014566,90.0,18,25.0,25.0,1.0,True,0.19108990404911486,0.5938017923495382,0.286414847473263,19.604883236172736,0.9655172413793103,gwo,71
17,0.28514267365596424,340,129.32354646539116,70.67645353460884,85.0,17,25.0,25.0,1.0,True,0.19386178488403377,0.608932274363483,0.28514267365596424,19.58407448259205,0.896551724137931,gwo,71
18,0.28514267365596424,360,129.32354646539116,70.67645353460884,85.0,17,25.0,25.0,1.0,True,0.19386178488403377,0.608932274363483,0.28514267365596424,19.58407448259205,0.8275862068965518,gwo,71
19,0.283895462570417,380,150.15666476353087,49.84333523646913,95.0,19,20.0,20.0,1.0,True,0.19648440112434698,0.5778660047643334,0.283895462570417,19.559820034980568,0.7586206896551724,gwo,71
20,0.283895462570417,400,150.15666476353087,49.84333523646913,95.0,19,20.0,20.0,1.0,True,0.19648440112434698,0.5778660047643334,0.283895462570417,19.559820034980568,0.6896551724137931,gwo,71
21,0.28364875807826034,420,140.0737983975852,59.92620160241481,90.0,18,20.0,20.0,1.0,True,0.19647160524395096,0.5916857639172476,0.28364875807826034,19.542091432491418,0.6206896551724137,gwo,71
22,0.28364875807826034,440,140.0737983975852,59.92620160241481,90.0,18,20.0,20.0,1.0,True,0.19647160524395096,0.5916857639172476,0.28364875807826034,19.542091432491418,0.5517241379310345,gwo,71
23,0.2827405056345162,460,138.16338179391013,61.83661820608987,90.0,18,20.0,20.0,1.0,True,0.1949852501750299,0.5939598262709719,0.2827405056345162,19.44300516848621,0.48275862068965525,gwo,71
24,0.2827405056345162,480,138.16338179391013,61.83661820608987,90.0,18,20.0,20.0,1.0,True,0.1949852501750299,0.5939598262709719,0.2827405056345162,19.44300516848621,0.4137931034482758,gwo,71
25,0.2827405056345162,500,138.16338179391013,61.83661820608987,90.0,18,20.0,20.0,1.0,True,0.1949852501750299,0.5939598262709719,0.2827405056345162,19.44300516848621,0.3448275862068966,gwo,71
26,0.2827033475656365,520,147.6367326289997,52.36326737100029,95.0,19,20.0,20.0,1.0,True,0.19463646345922989,0.5807325403952726,0.2827033475656365,19.43225671384461,0.27586206896551735,gwo,71
27,0.2827033475656365,540,147.6367326289997,52.36326737100029,95.0,19,20.0,20.0,1.0,True,0.19463646345922989,0.5807325403952726,0.2827033475656365,19.43225671384461,0.2068965517241379,gwo,71
28,0.2826852598217052,560,147.59712584212974,52.40287415787026,95.0,19,20.0,20.0,1.0,True,0.19462010344379158,0.5807677295483101,0.2826852598217052,19.430591857699806,0.13793103448275867,gwo,71
29,0.2826852598217052,580,147.59712584212974,52.40287415787026,95.0,19,20.0,20.0,1.0,True,0.19462010344379158,0.5807677295483101,0.2826852598217052,19.430591857699806,0.06896551724137945,gwo,71
30,0.2826852598217052,600,147.59712584212974,52.40287415787026,95.0,19,20.0,20.0,1.0,True,0.19462010344379158,0.5807677295483101,0.2826852598217052,19.430591857699806,0.0,gwo,71
1,0.29026511725010135,20,128.77302401613292,71.22697598386708,90.0,18,20.0,20.0,1.0,True,0.17651060919669045,0.5882629681117707,0.29026511725010135,19.510861838354487,,pso,42
2,0.29026511725010135,40,128.77302401613292,71.22697598386708,90.0,18,20.0,20.0,1.0,True,0.17651060919669045,0.5882629681117707,0.29026511725010135,19.510861838354487,,pso,42
3,0.29026511725010135,60,128.77302401613292,71.22697598386708,90.0,18,20.0,20.0,1.0,True,0.17651060919669045,0.5882629681117707,0.29026511725010135,19.510861838354487,,pso,42
4,0.2849219812984723,80,151.2092475693097,48.790752430690304,95.0,19,20.0,20.0,1.0,True,0.19595826935464755,0.5765370846906108,0.2849219812984723,19.617954695916826,,pso,42
5,0.2849219812984723,100,151.2092475693097,48.790752430690304,95.0,19,20.0,20.0,1.0,True,0.19595826935464755,0.5765370846906108,0.2849219812984723,19.617954695916826,,pso,42
6,0.2843174777620409,120,140.74396988127657,59.25603011872343,90.0,18,20.0,20.0,1.0,True,0.19611490458244668,0.5908113905618019,0.2843174777620409,19.579570836235927,,pso,42
7,0.28325598650639705,140,139.29429340128513,60.70570659871487,90.0,18,20.0,20.0,1.0,True,0.1959804831620547,0.5925706257409228,0.28325598650639705,19.50298537210428,,pso,42
8,0.28325598650639705,160,139.29429340128513,60.70570659871487,90.0,18,20.0,20.0,1.0,True,0.1959804831620547,0.5925706257409228,0.28325598650639705,19.50298537210428,,pso,42
9,0.28325598650639705,180,139.29429340128513,60.70570659871487,90.0,18,20.0,20.0,1.0,True,0.1959804831620547,0.5925706257409228,0.28325598650639705,19.50298537210428,,pso,42
10,0.28274087499333833,200,138.16422791581843,61.83577208418157,90.0,18,20.0,20.0,1.0,True,0.1949859234920814,0.5939588791811184,0.28274087499333833,19.44304691872117,,pso,42
11,0.28274087499333833,220,138.16422791581843,61.83577208418157,90.0,18,20.0,20.0,1.0,True,0.1949859234920814,0.5939588791811184,0.28274087499333833,19.44304691872117,,pso,42
12,0.28274087499333833,240,138.16422791581843,61.83577208418157,90.0,18,20.0,20.0,1.0,True,0.1949859234920814,0.5939588791811184,0.28274087499333833,19.44304691872117,,pso,42
13,0.28274087499333833,260,138.16422791581843,61.83577208418157,90.0,18,20.0,20.0,1.0,True,0.1949859234920814,0.5939588791811184,0.28274087499333833,19.44304691872117,,pso,42
14,0.28274087499333833,280,138.16422791581843,61.83577208418157,90.0,18,20.0,20.0,1.0,True,0.1949859234920814,0.5939588791811184,0.28274087499333833,19.44304691872117,,pso,42
15,0.2824593593762634,300,127.99688095661199,72.00311904338801,85.0,17,20.0,20.0,1.0,True,0.19681742103239014,0.6080429357426239,0.2824593593762634,19.467765992697434,,pso,42
16,0.2824593593762634,320,127.99688095661199,72.00311904338801,85.0,17,20.0,20.0,1.0,True,0.19681742103239014,0.6080429357426239,0.2824593593762634,19.467765992697434,,pso,42
17,0.2824593593762634,340,127.99688095661199,72.00311904338801,85.0,17,20.0,20.0,1.0,True,0.19681742103239014,0.6080429357426239,0.2824593593762634,19.467765992697434,,pso,42
18,0.2824593593762634,360,127.99688095661199,72.00311904338801,85.0,17,20.0,20.0,1.0,True,0.19681742103239014,0.6080429357426239,0.2824593593762634,19.467765992697434,,pso,42
19,0.2824593593762634,380,127.99688095661199,72.00311904338801,85.0,17,20.0,20.0,1.0,True,0.19681742103239014,0.6080429357426239,0.2824593593762634,19.467765992697434,,pso,42
20,0.2824593593762634,400,127.99688095661199,72.00311904338801,85.0,17,20.0,20.0,1.0,True,0.19681742103239014,0.6080429357426239,0.2824593593762634,19.467765992697434,,pso,42
21,0.2824593593762634,420,127.99688095661199,72.00311904338801,85.0,17,20.0,20.0,1.0,True,0.19681742103239014,0.6080429357426239,0.2824593593762634,19.467765992697434,,pso,42
22,0.2823469070193935,440,127.74552473435381,72.25447526564619,85.0,17,20.0,20.0,1.0,True,0.19658299195373338,0.6083605711662003,0.2823469070193935,19.454300975307127,,pso,42
23,0.2823469070193935,460,127.74552473435381,72.25447526564619,85.0,17,20.0,20.0,1.0,True,0.19658299195373338,0.6083605711662003,0.2823469070193935,19.454300975307127,,pso,42
24,0.2823469070193935,480,127.74552473435381,72.25447526564619,85.0,17,20.0,20.0,1.0,True,0.19658299195373338,0.6083605711662003,0.2823469070193935,19.454300975307127,,pso,42
25,0.2823469070193935,500,127.74552473435381,72.25447526564619,85.0,17,20.0,20.0,1.0,True,0.19658299195373338,0.6083605711662003,0.2823469070193935,19.454300975307127,,pso,42
26,0.2822662122351846,520,127.56235823927271,72.43764176072729,85.0,17,20.0,20.0,1.0,True,0.19639708843952125,0.608600803976946,0.2822662122351846,19.44421757047245,,pso,42
27,0.2822662122351846,540,127.56235823927271,72.43764176072729,85.0,17,20.0,20.0,1.0,True,0.19639708843952125,0.608600803976946,0.2822662122351846,19.44421757047245,,pso,42
28,0.2822662122351846,560,127.56235823927271,72.43764176072729,85.0,17,20.0,20.0,1.0,True,0.19639708843952125,0.608600803976946,0.2822662122351846,19.44421757047245,,pso,42
29,0.2822470842703985,580,127.5225498761453,72.4774501238547,85.0,17,20.0,20.0,1.0,True,0.19638646988648917,0.6086346217428732,0.2822470842703985,19.44261469574807,,pso,42
30,0.2822421001740122,600,127.51123370364763,72.48876629635237,85.0,17,20.0,20.0,1.0,True,0.19637777483281071,0.6086473406293611,0.2822421001740122,19.44205988103371,,pso,42
1,0.32089591542225,20,68.28501720448766,131.71498279551236,75.0,15,15.0,30.0,2.0,True,0.16310023041877073,0.5780346697044305,0.32089591542225,21.22828193442127,,pso,43
2,0.30778015524550134,40,94.37475263655813,105.62524736344187,70.0,14,40.0,80.0,2.0,True,0.19279996454988602,0.6544161309345581,0.30778015524550134,21.125798463370685,,pso,43
3,0.2983459158036636,60,106.58858413648841,93.41141586351159,75.0,15,25.0,50.0,2.0,True,0.1893493936308449,0.6337682819733758,0.2983459158036636,20.38008347929684,,pso,43
4,0.2983459158036636,80,106.58858413648841,93.41141586351159,75.0,15,25.0,50.0,2.0,True,0.1893493936308449,0.6337682819733758,0.2983459158036636,20.38008347929684,,pso,43
5,0.2918209896430496,100,108.94537230512228,91.05462769487772,75.0,15,25.0,50.0,2.0,True,0.19970270615458616,0.6407019198156868,0.2918209896430496,20.19283432249857,,pso,43
6,0.2918209896430496,120,108.94537230512228,91.05462769487772,75.0,15,25.0,50.0,2.0,True,0.19970270615458616,0.6407019198156868,0.2918209896430496,20.19283432249857,,pso,43
7,0.2918209896430496,140,108.94537230512228,91.05462769487772,75.0,15,25.0,50.0,2.0,True,0.19970270615458616,0.6407019198156868,0.2918209896430496,20.19283432249857,,pso,43
8,0.2918209896430496,160,108.94537230512228,91.05462769487772,75.0,15,25.0,50.0,2.0,True,0.19970270615458616,0.6407019198156868,0.2918209896430496,20.19283432249857,,pso,43
9,0.2918209896430496,180,108.94537230512228,91.05462769487772,75.0,15,25.0,50.0,2.0,True,0.19970270615458616,0.6407019198156868,0.2918209896430496,20.19283432249857,,pso,43
10,0.2918209896430496,200,108.94537230512228,91.05462769487772,75.0,15,25.0,50.0,2.0,True,0.19970270615458616,0.6407019198156868,0.2918209896430496,20.19283432249857,,pso,43
11,0.2918153954974637,220,108.93386031835561,91.06613968164439,75.0,15,25.0,50.0,2.0,True,0.19969590178156324,0.640714482770477,0.2918153954974637,20.192275718545954,,pso,43
12,0.28769521666153536,240,117.69726833608904,82.30273166391096,80.0,16,20.0,40.0,2.0,True,0.19442939831635517,0.6266979378918429,0.28769521666153536,19.773115321502825,,pso,43
13,0.28769521666153536,260,117.69726833608904,82.30273166391096,80.0,16,20.0,40.0,2.0,True,0.19442939831635517,0.6266979378918429,0.28769521666153536,19.773115321502825,,pso,43
14,0.28769521666153536,280,117.69726833608904,82.30273166391096,80.0,16,20.0,40.0,2.0,True,0.19442939831635517,0.6266979378918429,0.28769521666153536,19.773115321502825,,pso,43
15,0.2876346208844521,300,117.56474361198997,82.43525638801003,80.0,16,20.0,40.0,2.0,True,0.1943319250028588,0.6268491835684923,0.2876346208844521,19.76655006651496,,pso,43
16,0.2876346208844521,320,117.56474361198997,82.43525638801003,80.0,16,20.0,40.0,2.0,True,0.1943319250028588,0.6268491835684923,0.2876346208844521,19.76655006651496,,pso,43
17,0.2876346208844521,340,117.56474361198997,82.43525638801003,80.0,16,20.0,40.0,2.0,True,0.1943319250028588,0.6268491835684923,0.2876346208844521,19.76655006651496,,pso,43
18,0.2876346208844521,360,117.56474361198997,82.43525638801003,80.0,16,20.0,40.0,2.0,True,0.1943319250028588,0.6268491835684923,0.2876346208844521,19.76655006651496,,pso,43
19,0.2876346208844521,380,117.56474361198997,82.43525638801003,80.0,16,20.0,40.0,2.0,True,0.1943319250028588,0.6268491835684923,0.2876346208844521,19.76655006651496,,pso,43
20,0.2876346208844521,400,117.56474361198997,82.43525638801003,80.0,16,20.0,40.0,2.0,True,0.1943319250028588,0.6268491835684923,0.2876346208844521,19.76655006651496,,pso,43
21,0.2876346208844521,420,117.56474361198997,82.43525638801003,80.0,16,20.0,40.0,2.0,True,0.1943319250028588,0.6268491835684923,0.2876346208844521,19.76655006651496,,pso,43
22,0.28763109998365344,440,117.5570246910828,82.4429753089172,80.0,16,20.0,40.0,2.0,True,0.1943262689060392,0.6268579604983863,0.28763109998365344,19.766168791464107,,pso,43
23,0.28761028709075476,460,117.51140297174805,82.48859702825195,80.0,16,20.0,40.0,2.0,True,0.19429294776139347,0.6269097627166856,0.28761028709075476,19.763917823764938,,pso,43
24,0.28761028709075476,480,117.51140297174805,82.48859702825195,80.0,16,20.0,40.0,2.0,True,0.19429294776139347,0.6269097627166856,0.28761028709075476,19.763917823764938,,pso,43
25,0.28761028709075476,500,117.51140297174805,82.48859702825195,80.0,16,20.0,40.0,2.0,True,0.19429294776139347,0.6269097627166856,0.28761028709075476,19.763917823764938,,pso,43
26,0.28761028709075476,520,117.51140297174805,82.48859702825195,80.0,16,20.0,40.0,2.0,True,0.19429294776139347,0.6269097627166856,0.28761028709075476,19.763917823764938,,pso,43
27,0.28761028709075476,540,117.51140297174805,82.48859702825195,80.0,16,20.0,40.0,2.0,True,0.19429294776139347,0.6269097627166856,0.28761028709075476,19.763917823764938,,pso,43
28,0.28761028709075476,560,117.51140297174805,82.48859702825195,80.0,16,20.0,40.0,2.0,True,0.19429294776139347,0.6269097627166856,0.28761028709075476,19.763917823764938,,pso,43
29,0.28761028709075476,580,117.51140297174805,82.48859702825195,80.0,16,20.0,40.0,2.0,True,0.19429294776139347,0.6269097627166856,0.28761028709075476,19.763917823764938,,pso,43
30,0.28761028709075476,600,117.51140297174805,82.48859702825195,80.0,16,20.0,40.0,2.0,True,0.19429294776139347,0.6269097627166856,0.28761028709075476,19.763917823764938,,pso,43
1,0.286607091665715,20,136.70202450426444,63.29797549573556,90.0,18,15.0,15.0,1.0,True,0.19569419035666408,0.5813555146480791,0.286607091665715,19.719614903881954,,pso,44
2,0.286607091665715,40,136.70202450426444,63.29797549573556,90.0,18,15.0,15.0,1.0,True,0.19569419035666408,0.5813555146480791,0.286607091665715,19.719614903881954,,pso,44
3,0.2827524224572292,60,128.643867766384,71.356132233616,85.0,17,20.0,20.0,1.0,True,0.1973920543794557,0.6072398439127692,0.2827524224572292,19.50202394239748,,pso,44
4,0.2827524224572292,80,128.643867766384,71.356132233616,85.0,17,20.0,20.0,1.0,True,0.1973920543794557,0.6072398439127692,0.2827524224572292,19.50202394239748,,pso,44
5,0.2827524224572292,100,128.643867766384,71.356132233616,85.0,17,20.0,20.0,1.0,True,0.1973920543794557,0.6072398439127692,0.2827524224572292,19.50202394239748,,pso,44
6,0.2827524224572292,120,128.643867766384,71.356132233616,85.0,17,20.0,20.0,1.0,True,0.1973920543794557,0.6072398439127692,0.2827524224572292,19.50202394239748,,pso,44
7,0.2827524224572292,140,128.643867766384,71.356132233616,85.0,17,20.0,20.0,1.0,True,0.1973920543794557,0.6072398439127692,0.2827524224572292,19.50202394239748,,pso,44
8,0.2827524224572292,160,128.643867766384,71.356132233616,85.0,17,20.0,20.0,1.0,True,0.1973920543794557,0.6072398439127692,0.2827524224572292,19.50202394239748,,pso,44
9,0.2827524224572292,180,128.643867766384,71.356132233616,85.0,17,20.0,20.0,1.0,True,0.1973920543794557,0.6072398439127692,0.2827524224572292,19.50202394239748,,pso,44
10,0.2823338005070247,200,127.71577934022801,72.28422065977199,85.0,17,20.0,20.0,1.0,True,0.1965151931079513,0.6084282146351325,0.2823338005070247,19.451747552542137,,pso,44
11,0.2823338005070247,220,127.71577934022801,72.28422065977199,85.0,17,20.0,20.0,1.0,True,0.1965151931079513,0.6084282146351325,0.2823338005070247,19.451747552542137,,pso,44
12,0.2823338005070247,240,127.71577934022801,72.28422065977199,85.0,17,20.0,20.0,1.0,True,0.1965151931079513,0.6084282146351325,0.2823338005070247,19.451747552542137,,pso,44
13,0.2823338005070247,260,127.71577934022801,72.28422065977199,85.0,17,20.0,20.0,1.0,True,0.1965151931079513,0.6084282146351325,0.2823338005070247,19.451747552542137,,pso,44
14,0.2823338005070247,280,127.71577934022801,72.28422065977199,85.0,17,20.0,20.0,1.0,True,0.1965151931079513,0.6084282146351325,0.2823338005070247,19.451747552542137,,pso,44
15,0.2823338005070247,300,127.71577934022801,72.28422065977199,85.0,17,20.0,20.0,1.0,True,0.1965151931079513,0.6084282146351325,0.2823338005070247,19.451747552542137,,pso,44
16,0.2823338005070247,320,127.71577934022801,72.28422065977199,85.0,17,20.0,20.0,1.0,True,0.1965151931079513,0.6084282146351325,0.2823338005070247,19.451747552542137,,pso,44
17,0.2823338005070247,340,127.71577934022801,72.28422065977199,85.0,17,20.0,20.0,1.0,True,0.1965151931079513,0.6084282146351325,0.2823338005070247,19.451747552542137,,pso,44
18,0.2823338005070247,360,127.71577934022801,72.28422065977199,85.0,17,20.0,20.0,1.0,True,0.1965151931079513,0.6084282146351325,0.2823338005070247,19.451747552542137,,pso,44
19,0.2823338005070247,380,127.71577934022801,72.28422065977199,85.0,17,20.0,20.0,1.0,True,0.1965151931079513,0.6084282146351325,0.2823338005070247,19.451747552542137,,pso,44
20,0.28227977148676753,400,127.59314134052045,72.40685865947955,85.0,17,20.0,20.0,1.0,True,0.19642077721698867,0.6085661805340207,0.28227977148676753,19.445727896637116,,pso,44
21,0.28227977148676753,420,127.59314134052045,72.40685865947955,85.0,17,20.0,20.0,1.0,True,0.19642077721698867,0.6085661805340207,0.28227977148676753,19.445727896637116,,pso,44
22,0.2822415715762941,440,127.51003353238539,72.48996646761461,85.0,17,20.0,20.0,1.0,True,0.19637685266253926,0.6086486895697429,0.2822415715762941,19.44200103982342,,pso,44
23,0.2822415715762941,460,127.51003353238539,72.48996646761461,85.0,17,20.0,20.0,1.0,True,0.19637685266253926,0.6086486895697429,0.2822415715762941,19.44200103982342,,pso,44
24,0.2822415715762941,480,127.51003353238539,72.48996646761461,85.0,17,20.0,20.0,1.0,True,0.19637685266253926,0.6086486895697429,0.2822415715762941,19.44200103982342,,pso,44
25,0.28224013509603096,500,127.50677201784981,72.49322798215019,85.0,17,20.0,20.0,1.0,True,0.1963743466369795,0.6086523553704513,0.28224013509603096,19.441841137743182,,pso,44
26,0.28224013509603096,520,127.50677201784981,72.49322798215019,85.0,17,20.0,20.0,1.0,True,0.1963743466369795,0.6086523553704513,0.28224013509603096,19.441841137743182,,pso,44
27,0.28224013509603096,540,127.50677201784981,72.49322798215019,85.0,17,20.0,20.0,1.0,True,0.1963743466369795,0.6086523553704513,0.28224013509603096,19.441841137743182,,pso,44
28,0.28224013509603096,560,127.50677201784981,72.49322798215019,85.0,17,20.0,20.0,1.0,True,0.1963743466369795,0.6086523553704513,0.28224013509603096,19.441841137743182,,pso,44
29,0.28224013509603096,580,127.50677201784981,72.49322798215019,85.0,17,20.0,20.0,1.0,True,0.1963743466369795,0.6086523553704513,0.28224013509603096,19.441841137743182,,pso,44
30,0.28224013509603096,600,127.50677201784981,72.49322798215019,85.0,17,20.0,20.0,1.0,True,0.1963743466369795,0.6086523553704513,0.28224013509603096,19.441841137743182,,pso,44
1,0.2867705715421119,20,141.4305849440772,58.5694150559228,90.0,18,15.0,30.0,2.0,True,0.1967313396465253,0.5897497227795035,0.2867705715421119,19.760193483929474,,pso,45
2,0.2867705715421119,40,141.4305849440772,58.5694150559228,90.0,18,15.0,30.0,2.0,True,0.1967313396465253,0.5897497227795035,0.2867705715421119,19.760193483929474,,pso,45
3,0.2867705715421119,60,141.4305849440772,58.5694150559228,90.0,18,15.0,30.0,2.0,True,0.1967313396465253,0.5897497227795035,0.2867705715421119,19.760193483929474,,pso,45
4,0.2867705715421119,80,141.4305849440772,58.5694150559228,90.0,18,15.0,30.0,2.0,True,0.1967313396465253,0.5897497227795035,0.2867705715421119,19.760193483929474,,pso,45
5,0.28541663052447225,100,149.96982009515935,50.03017990484065,95.0,19,15.0,30.0,2.0,True,0.19802372767181778,0.5776008777616569,0.28541663052447225,19.69861059776409,,pso,45
6,0.28541663052447225,120,149.96982009515935,50.03017990484065,95.0,19,15.0,30.0,2.0,True,0.19802372767181778,0.5776008777616569,0.28541663052447225,19.69861059776409,,pso,45
7,0.2849711872025935,140,148.96079698136796,51.03920301863204,95.0,19,15.0,30.0,2.0,True,0.196934992100807,0.5789285109528759,0.2849711872025935,19.6409790671708,,pso,45
8,0.2846607782875526,160,148.2419109755321,51.75808902446789,95.0,19,15.0,30.0,2.0,True,0.1962122881507963,0.5798229374860333,0.2846607782875526,19.601819421674293,,pso,45
9,0.2846607782875526,180,148.2419109755321,51.75808902446789,95.0,19,15.0,30.0,2.0,True,0.1962122881507963,0.5798229374860333,0.2846607782875526,19.601819421674293,,pso,45
10,0.2846607782875526,200,148.2419109755321,51.75808902446789,95.0,19,15.0,30.0,2.0,True,0.1962122881507963,0.5798229374860333,0.2846607782875526,19.601819421674293,,pso,45
11,0.28447914216928605,220,147.8208607836665,52.17913921633351,95.0,19,15.0,30.0,2.0,True,0.19580269359340732,0.5803378917175965,0.28447914216928605,19.579240330716203,,pso,45
12,0.28439207473468564,240,147.61727322769414,52.38272677230586,95.0,19,15.0,30.0,2.0,True,0.19564965131958645,0.5805528906683588,0.28439207473468564,19.569482975017625,,pso,45
13,0.28439207473468564,260,147.61727322769414,52.38272677230586,95.0,19,15.0,30.0,2.0,True,0.19564965131958645,0.5805528906683588,0.28439207473468564,19.569482975017625,,pso,45
14,0.28439207473468564,280,147.61727322769414,52.38272677230586,95.0,19,15.0,30.0,2.0,True,0.19564965131958645,0.5805528906683588,0.28439207473468564,19.569482975017625,,pso,45
15,0.2843453612851738,300,147.50947630237604,52.490523697623956,95.0,19,15.0,30.0,2.0,True,0.19557669444448386,0.5806624758494328,0.2843453612851738,19.564462837672863,,pso,45
16,0.2843453612851738,320,147.50947630237604,52.490523697623956,95.0,19,15.0,30.0,2.0,True,0.19557669444448386,0.5806624758494328,0.2843453612851738,19.564462837672863,,pso,45
17,0.2843453612851738,340,147.50947630237604,52.490523697623956,95.0,19,15.0,30.0,2.0,True,0.19557669444448386,0.5806624758494328,0.2843453612851738,19.564462837672863,,pso,45
18,0.2843453612851738,360,147.50947630237604,52.490523697623956,95.0,19,15.0,30.0,2.0,True,0.19557669444448386,0.5806624758494328,0.2843453612851738,19.564462837672863,,pso,45
19,0.2843453612851738,380,147.50947630237604,52.490523697623956,95.0,19,15.0,30.0,2.0,True,0.19557669444448386,0.5806624758494328,0.2843453612851738,19.564462837672863,,pso,45
20,0.2843134123961187,400,137.69343585528537,62.30656414471463,90.0,18,15.0,30.0,2.0,True,0.1949103594892355,0.5947673264597976,0.2843134123961187,19.546086046852434,,pso,45
21,0.2843134123961187,420,137.69343585528537,62.30656414471463,90.0,18,15.0,30.0,2.0,True,0.1949103594892355,0.5947673264597976,0.2843134123961187,19.546086046852434,,pso,45
22,0.2843134123961187,440,137.69343585528537,62.30656414471463,90.0,18,15.0,30.0,2.0,True,0.1949103594892355,0.5947673264597976,0.2843134123961187,19.546086046852434,,pso,45
23,0.2843134123961187,460,137.69343585528537,62.30656414471463,90.0,18,15.0,30.0,2.0,True,0.1949103594892355,0.5947673264597976,0.2843134123961187,19.546086046852434,,pso,45
24,0.2843134123961187,480,137.69343585528537,62.30656414471463,90.0,18,15.0,30.0,2.0,True,0.1949103594892355,0.5947673264597976,0.2843134123961187,19.546086046852434,,pso,45
25,0.2842892319705203,500,137.64216939056197,62.357830609438025,90.0,18,15.0,30.0,2.0,True,0.19487342473338343,0.5948265266116449,0.2842892319705203,19.543490473064757,,pso,45
26,0.2842892319705203,520,137.64216939056197,62.357830609438025,90.0,18,15.0,30.0,2.0,True,0.19487342473338343,0.5948265266116449,0.2842892319705203,19.543490473064757,,pso,45
27,0.2842892319705203,540,137.64216939056197,62.357830609438025,90.0,18,15.0,30.0,2.0,True,0.19487342473338343,0.5948265266116449,0.2842892319705203,19.543490473064757,,pso,45
28,0.2842892319705203,560,137.64216939056197,62.357830609438025,90.0,18,15.0,30.0,2.0,True,0.19487342473338343,0.5948265266116449,0.2842892319705203,19.543490473064757,,pso,45
29,0.2842892319705203,580,137.64216939056197,62.357830609438025,90.0,18,15.0,30.0,2.0,True,0.19487342473338343,0.5948265266116449,0.2842892319705203,19.543490473064757,,pso,45
30,0.28423074506964835,600,137.50672306788385,62.493276932116146,90.0,18,15.0,30.0,2.0,True,0.19478621294748,0.5949614348762992,0.28423074506964835,19.537341391366283,,pso,45
1,0.3187433491981319,20,124.39040731716477,75.60959268283523,100.0,20,25.0,50.0,2.0,True,0.11592506445904652,0.5573219199787606,0.3187433491981319,19.956658274259244,,pso,46
2,0.2869688422578528,40,146.18040468303576,53.81959531696424,90.0,18,35.0,35.0,1.0,True,0.19851201747440722,0.5965535385284072,0.2869688422578528,19.828135559981526,,pso,46
3,0.2869688422578528,60,146.18040468303576,53.81959531696424,90.0,18,35.0,35.0,1.0,True,0.19851201747440722,0.5965535385284072,0.2869688422578528,19.828135559981526,,pso,46
4,0.2869688422578528,80,146.18040468303576,53.81959531696424,90.0,18,35.0,35.0,1.0,True,0.19851201747440722,0.5965535385284072,0.2869688422578528,19.828135559981526,,pso,46
5,0.2869688422578528,100,146.18040468303576,53.81959531696424,90.0,18,35.0,35.0,1.0,True,0.19851201747440722,0.5965535385284072,0.2869688422578528,19.828135559981526,,pso,46
6,0.2869688422578528,120,146.18040468303576,53.81959531696424,90.0,18,35.0,35.0,1.0,True,0.19851201747440722,0.5965535385284072,0.2869688422578528,19.828135559981526,,pso,46
7,0.2869688422578528,140,146.18040468303576,53.81959531696424,90.0,18,35.0,35.0,1.0,True,0.19851201747440722,0.5965535385284072,0.2869688422578528,19.828135559981526,,pso,46
8,0.2855803657982302,160,149.5593135448779,50.44068645512209,95.0,19,25.0,25.0,1.0,True,0.19013562192450198,0.5822192881670287,0.2855803657982302,19.525397315329865,,pso,46
9,0.284640268852138,180,137.83658704256717,62.163412957432826,90.0,18,25.0,25.0,1.0,True,0.18958009065383238,0.5974954345080767,0.284640268852138,19.446391575970832,,pso,46
10,0.284640268852138,200,137.83658704256717,62.163412957432826,90.0,18,25.0,25.0,1.0,True,0.18958009065383238,0.5974954345080767,0.284640268852138,19.446391575970832,,pso,46
11,0.284640268852138,220,137.83658704256717,62.163412957432826,90.0,18,25.0,25.0,1.0,True,0.18958009065383238,0.5974954345080767,0.284640268852138,19.446391575970832,,pso,46
12,0.284640268852138,240,137.83658704256717,62.163412957432826,90.0,18,25.0,25.0,1.0,True,0.18958009065383238,0.5974954345080767,0.284640268852138,19.446391575970832,,pso,46
13,0.2810680739558966,260,142.65191909225632,57.34808090774368,90.0,18,25.0,25.0,1.0,True,0.19977921732984597,0.5993089430158051,0.2810680739558966,19.448166201685336,,pso,46
14,0.28102794731180664,280,142.55671181366293,57.44328818633707,90.0,18,25.0,25.0,1.0,True,0.19969766935217992,0.5994188939260819,0.28102794731180664,19.443400512330193,,pso,46
15,0.28102794731180664,300,142.55671181366293,57.44328818633707,90.0,18,25.0,25.0,1.0,True,0.19969766935217992,0.5994188939260819,0.28102794731180664,19.443400512330193,,pso,46
16,0.28102794731180664,320,142.55671181366293,57.44328818633707,90.0,18,25.0,25.0,1.0,True,0.19969766935217992,0.5994188939260819,0.28102794731180664,19.443400512330193,,pso,46
17,0.28102794731180664,340,142.55671181366293,57.44328818633707,90.0,18,25.0,25.0,1.0,True,0.19969766935217992,0.5994188939260819,0.28102794731180664,19.443400512330193,,pso,46
18,0.28102794731180664,360,142.55671181366293,57.44328818633707,90.0,18,25.0,25.0,1.0,True,0.19969766935217992,0.5994188939260819,0.28102794731180664,19.443400512330193,,pso,46
19,0.28102794731180664,380,142.55671181366293,57.44328818633707,90.0,18,25.0,25.0,1.0,True,0.19969766935217992,0.5994188939260819,0.28102794731180664,19.443400512330193,,pso,46
20,0.28102794731180664,400,142.55671181366293,57.44328818633707,90.0,18,25.0,25.0,1.0,True,0.19969766935217992,0.5994188939260819,0.28102794731180664,19.443400512330193,,pso,46
21,0.28102794731180664,420,142.55671181366293,57.44328818633707,90.0,18,25.0,25.0,1.0,True,0.19969766935217992,0.5994188939260819,0.28102794731180664,19.443400512330193,,pso,46
22,0.28102794731180664,440,142.55671181366293,57.44328818633707,90.0,18,25.0,25.0,1.0,True,0.19969766935217992,0.5994188939260819,0.28102794731180664,19.443400512330193,,pso,46
23,0.28102794731180664,460,142.55671181366293,57.44328818633707,90.0,18,25.0,25.0,1.0,True,0.19969766935217992,0.5994188939260819,0.28102794731180664,19.443400512330193,,pso,46
24,0.2810095766155975,480,142.5163041776412,57.48369582235881,90.0,18,25.0,25.0,1.0,True,0.19968781997537854,0.5994504769273591,0.2810095766155975,19.441867541121496,,pso,46
25,0.2810095766155975,500,142.5163041776412,57.48369582235881,90.0,18,25.0,25.0,1.0,True,0.19968781997537854,0.5994504769273591,0.2810095766155975,19.441867541121496,,pso,46
26,0.2810095766155975,520,142.5163041776412,57.48369582235881,90.0,18,25.0,25.0,1.0,True,0.19968781997537854,0.5994504769273591,0.2810095766155975,19.441867541121496,,pso,46
27,0.2810095766155975,540,142.5163041776412,57.48369582235881,90.0,18,25.0,25.0,1.0,True,0.19968781997537854,0.5994504769273591,0.2810095766155975,19.441867541121496,,pso,46
28,0.2810095766155975,560,142.5163041776412,57.48369582235881,90.0,18,25.0,25.0,1.0,True,0.19968781997537854,0.5994504769273591,0.2810095766155975,19.441867541121496,,pso,46
29,0.2810095766155975,580,142.5163041776412,57.48369582235881,90.0,18,25.0,25.0,1.0,True,0.19968781997537854,0.5994504769273591,0.2810095766155975,19.441867541121496,,pso,46
30,0.2810095766155975,600,142.5163041776412,57.48369582235881,90.0,18,25.0,25.0,1.0,True,0.19968781997537854,0.5994504769273591,0.2810095766155975,19.441867541121496,,pso,46
1,0.3127964919827006,20,151.11751838046422,48.88248161953578,100.0,20,45.0,90.0,2.0,True,0.15524965527076484,0.573019352920208,0.3127964919827006,20.50880502165948,,pso,47
2,0.29534371474380855,40,123.57960901414576,76.42039098585424,85.0,17,25.0,50.0,2.0,True,0.17749144946439438,0.6111434372276559,0.29534371474380855,19.882203844186886,,pso,47
3,0.2945971893782099,60,154.6204680076278,45.37953199237219,95.0,19,35.0,70.0,2.0,True,0.189878531504896,0.5899036060829231,0.2945971893782099,20.1438707035306,,pso,47
4,0.2937948716013117,80,147.0799696196636,52.920030380336414,90.0,18,30.0,60.0,2.0,True,0.1924319299483782,0.5989963339172377,0.2937948716013117,20.14982762800303,,pso,47
5,0.28969170768785096,100,146.14080307402816,53.859196925971844,90.0,18,25.0,50.0,2.0,True,0.19531492919601146,0.5987669333812141,0.28969170768785096,19.937796508057957,,pso,47
6,0.28969170768785096,120,146.14080307402816,53.859196925971844,90.0,18,25.0,50.0,2.0,True,0.19531492919601146,0.5987669333812141,0.28969170768785096,19.937796508057957,,pso,47
7,0.2844840942548176,140,143.1316609353908,56.86833906460919,90.0,18,20.0,40.0,2.0,True,0.19750828131649178,0.6006875069204926,0.2844840942548176,19.6290024326367,,pso,47
8,0.2844840942548176,160,143.1316609353908,56.86833906460919,90.0,18,20.0,40.0,2.0,True,0.19750828131649178,0.6006875069204926,0.2844840942548176,19.6290024326367,,pso,47
9,0.2844840942548176,180,143.1316609353908,56.86833906460919,90.0,18,20.0,40.0,2.0,True,0.19750828131649178,0.6006875069204926,0.2844840942548176,19.6290024326367,,pso,47
10,0.2844737731423566,200,143.10666666037213,56.89333333962787,90.0,18,20.0,40.0,2.0,True,0.19743122768792343,0.6007575110084705,0.2844737731423566,19.62640124638853,,pso,47
11,0.2844737731423566,220,143.10666666037213,56.89333333962787,90.0,18,20.0,40.0,2.0,True,0.19743122768792343,0.6007575110084705,0.2844737731423566,19.62640124638853,,pso,47
12,0.2843640857932628,240,142.85677420224732,57.14322579775268,90.0,18,20.0,40.0,2.0,True,0.1971954831558808,0.6010719003751918,0.2843640857932628,19.61299907262273,,pso,47
13,0.2843640857932628,260,142.85677420224732,57.14322579775268,90.0,18,20.0,40.0,2.0,True,0.1971954831558808,0.6010719003751918,0.2843640857932628,19.61299907262273,,pso,47
14,0.2842390654002976,280,142.57832616373426,57.42167383626574,90.0,18,20.0,40.0,2.0,True,0.1969980850850476,0.6013810649190173,0.2842390654002976,19.599422950984764,,pso,47
15,0.2842390654002976,300,142.57832616373426,57.42167383626574,90.0,18,20.0,40.0,2.0,True,0.1969980850850476,0.6013810649190173,0.2842390654002976,19.599422950984764,,pso,47
16,0.2842390654002976,320,142.57832616373426,57.42167383626574,90.0,18,20.0,40.0,2.0,True,0.1969980850850476,0.6013810649190173,0.2842390654002976,19.599422950984764,,pso,47
17,0.2842390654002976,340,142.57832616373426,57.42167383626574,90.0,18,20.0,40.0,2.0,True,0.1969980850850476,0.6013810649190173,0.2842390654002976,19.599422950984764,,pso,47
18,0.2842390654002976,360,142.57832616373426,57.42167383626574,90.0,18,20.0,40.0,2.0,True,0.1969980850850476,0.6013810649190173,0.2842390654002976,19.599422950984764,,pso,47
19,0.2842390654002976,380,142.57832616373426,57.42167383626574,90.0,18,20.0,40.0,2.0,True,0.1969980850850476,0.6013810649190173,0.2842390654002976,19.599422950984764,,pso,47
20,0.2842390654002976,400,142.57832616373426,57.42167383626574,90.0,18,20.0,40.0,2.0,True,0.1969980850850476,0.6013810649190173,0.2842390654002976,19.599422950984764,,pso,47
21,0.2842162750402303,420,142.52466778220634,57.475332217793664,90.0,18,20.0,40.0,2.0,True,0.19695203346739013,0.6014432761043204,0.2842162750402303,19.596722556238447,,pso,47
22,0.2842162750402303,440,142.52466778220634,57.475332217793664,90.0,18,20.0,40.0,2.0,True,0.19695203346739013,0.6014432761043204,0.2842162750402303,19.596722556238447,,pso,47
23,0.2842130718750858,460,142.51712574940478,57.482874250595216,90.0,18,20.0,40.0,2.0,True,0.19694556647194056,0.6014520161309329,0.2842130718750858,19.59634317853612,,pso,47
24,0.2842130718750858,480,142.51712574940478,57.482874250595216,90.0,18,20.0,40.0,2.0,True,0.19694556647194056,0.6014520161309329,0.2842130718750858,19.59634317853612,,pso,47
25,0.28420942217532674,500,142.50853220725054,57.49146779274946,90.0,18,20.0,40.0,2.0,True,0.19693819795137188,0.6014619746910583,0.28420942217532674,19.595910921476495,,pso,47
26,0.28420942217532674,520,142.50853220725054,57.49146779274946,90.0,18,20.0,40.0,2.0,True,0.19693819795137188,0.6014619746910583,0.28420942217532674,19.595910921476495,,pso,47
27,0.28420942217532674,540,142.50853220725054,57.49146779274946,90.0,18,20.0,40.0,2.0,True,0.19693819795137188,0.6014619746910583,0.28420942217532674,19.595910921476495,,pso,47
28,0.28420942217532674,560,142.50853220725054,57.49146779274946,90.0,18,20.0,40.0,2.0,True,0.19693819795137188,0.6014619746910583,0.28420942217532674,19.595910921476495,,pso,47
29,0.28420942217532674,580,142.50853220725054,57.49146779274946,90.0,18,20.0,40.0,2.0,True,0.19693819795137188,0.6014619746910583,0.28420942217532674,19.595910921476495,,pso,47
30,0.28420942217532674,600,142.50853220725054,57.49146779274946,90.0,18,20.0,40.0,2.0,True,0.19693819795137188,0.6014619746910583,0.28420942217532674,19.595910921476495,,pso,47
1,0.294319643872576,20,133.81433603761948,66.18566396238052,85.0,17,35.0,70.0,2.0,True,0.19341358016803087,0.6183271967754442,0.294319643872576,20.209804496217295,,pso,48
2,0.294319643872576,40,133.81433603761948,66.18566396238052,85.0,17,35.0,70.0,2.0,True,0.19341358016803087,0.6183271967754442,0.294319643872576,20.209804496217295,,pso,48
3,0.29142484348701686,60,130.17677631286102,69.82322368713898,85.0,17,40.0,40.0,1.0,True,0.1904276759209296,0.6102653086792207,0.29142484348701686,19.93364078580041,,pso,48
4,0.29142484348701686,80,130.17677631286102,69.82322368713898,85.0,17,40.0,40.0,1.0,True,0.1904276759209296,0.6102653086792207,0.29142484348701686,19.93364078580041,,pso,48
5,0.2886921139053312,100,155.86168632179158,44.13831367820842,95.0,19,40.0,40.0,1.0,True,0.19572790997387352,0.5845140865748811,0.2886921139053312,19.881884501844628,,pso,48
6,0.2873099889849334,120,144.30421337360153,55.69578662639847,90.0,18,40.0,40.0,1.0,True,0.19731848411345823,0.5997018750312028,0.2873099889849334,19.822551109796947,,pso,48
7,0.2851396923360246,140,143.5379777953292,56.4620222046708,90.0,18,35.0,35.0,1.0,True,0.1977381910290531,0.5999675471523647,0.2851396923360246,19.68207853503398,,pso,48
8,0.2831936582760865,160,143.27364479981853,56.72635520018147,90.0,18,30.0,30.0,1.0,True,0.19870807302303295,0.5995447698524035,0.2831936582760865,19.570485705054086,,pso,48
9,0.2831936582760865,180,143.27364479981853,56.72635520018147,90.0,18,30.0,30.0,1.0,True,0.19870807302303295,0.5995447698524035,0.2831936582760865,19.570485705054086,,pso,48
10,0.2831936582760865,200,143.27364479981853,56.72635520018147,90.0,18,30.0,30.0,1.0,True,0.19870807302303295,0.5995447698524035,0.2831936582760865,19.570485705054086,,pso,48
11,0.28305764518670856,220,142.95353897811364,57.04646102188636,90.0,18,30.0,30.0,1.0,True,0.19841535512256828,0.5999290570189336,0.28305764518670856,19.553924152989197,,pso,48
12,0.2830120306788476,240,142.8553480399932,57.1446519600068,90.0,18,30.0,30.0,1.0,True,0.19835863092693226,0.6000324993492135,0.2830120306788476,19.549318544691594,,pso,48
13,0.2830120306788476,260,142.8553480399932,57.1446519600068,90.0,18,30.0,30.0,1.0,True,0.19835863092693226,0.6000324993492135,0.2830120306788476,19.549318544691594,,pso,48
14,0.2830120306788476,280,142.8553480399932,57.1446519600068,90.0,18,30.0,30.0,1.0,True,0.19835863092693226,0.6000324993492135,0.2830120306788476,19.549318544691594,,pso,48
15,0.2830120306788476,300,142.8553480399932,57.1446519600068,90.0,18,30.0,30.0,1.0,True,0.19835863092693226,0.6000324993492135,0.2830120306788476,19.549318544691594,,pso,48
16,0.2830120306788476,320,142.8553480399932,57.1446519600068,90.0,18,30.0,30.0,1.0,True,0.19835863092693226,0.6000324993492135,0.2830120306788476,19.549318544691594,,pso,48
17,0.2830120306788476,340,142.8553480399932,57.1446519600068,90.0,18,30.0,30.0,1.0,True,0.19835863092693226,0.6000324993492135,0.2830120306788476,19.549318544691594,,pso,48
18,0.2830120306788476,360,142.8553480399932,57.1446519600068,90.0,18,30.0,30.0,1.0,True,0.19835863092693226,0.6000324993492135,0.2830120306788476,19.549318544691594,,pso,48
19,0.282907359263168,380,142.61990805284665,57.380091947153346,90.0,18,30.0,30.0,1.0,True,0.19808251748617758,0.6003740187391476,0.282907359263168,19.535239368731265,,pso,48
20,0.2811472570902747,400,142.83486065852054,57.16513934147946,90.0,18,25.0,25.0,1.0,True,0.19996832284481797,0.5990677752878498,0.2811472570902747,19.45829943021482,,pso,48
21,0.2811472570902747,420,142.83486065852054,57.16513934147946,90.0,18,25.0,25.0,1.0,True,0.19996832284481797,0.5990677752878498,0.2811472570902747,19.45829943021482,,pso,48
22,0.28104578823344734,440,142.59904433824403,57.40095566175597,90.0,18,25.0,25.0,1.0,True,0.1997339253371005,0.5993700069737948,0.28104578823344734,19.44551925445631,,pso,48
23,0.28104578823344734,460,142.59904433824403,57.40095566175597,90.0,18,25.0,25.0,1.0,True,0.1997339253371005,0.5993700069737948,0.28104578823344734,19.44551925445631,,pso,48
24,0.28104578823344734,480,142.59904433824403,57.40095566175597,90.0,18,25.0,25.0,1.0,True,0.1997339253371005,0.5993700069737948,0.28104578823344734,19.44551925445631,,pso,48
25,0.28100519709338373,500,142.50590982534902,57.49409017465098,90.0,18,25.0,25.0,1.0,True,0.19967891829966444,0.5994624791361847,0.28100519709338373,19.44134746425784,,pso,48
26,0.28100519709338373,520,142.50590982534902,57.49409017465098,90.0,18,25.0,25.0,1.0,True,0.19967891829966444,0.5994624791361847,0.28100519709338373,19.44134746425784,,pso,48
27,0.2810042828392578,540,142.5037399125742,57.49626008742581,90.0,18,25.0,25.0,1.0,True,0.19967706001645605,0.5994649847032009,0.2810042828392578,19.441238896250226,,pso,48
28,0.2810042828392578,560,142.5037399125742,57.49626008742581,90.0,18,25.0,25.0,1.0,True,0.19967706001645605,0.5994649847032009,0.2810042828392578,19.441238896250226,,pso,48
29,0.2810042828392578,580,142.5037399125742,57.49626008742581,90.0,18,25.0,25.0,1.0,True,0.19967706001645605,0.5994649847032009,0.2810042828392578,19.441238896250226,,pso,48
30,0.281003694452871,600,142.5023434179007,57.497656582099296,90.0,18,25.0,25.0,1.0,True,0.19967586408146637,0.5994665972154791,0.281003694452871,19.44116902542197,,pso,48
1,0.3287703430274735,20,72.57083845522725,127.42916154477275,80.0,16,20.0,40.0,2.0,True,0.13190472107430926,0.5727188273153321,0.3287703430274735,20.967971794138087,,pso,49
2,0.2932876691021269,40,136.57110395124388,63.428896048756116,85.0,17,30.0,60.0,2.0,True,0.1953357369791199,0.6136183111271971,0.2932876691021269,20.185963409692217,,pso,49
3,0.2932876691021269,60,136.57110395124388,63.428896048756116,85.0,17,30.0,60.0,2.0,True,0.1953357369791199,0.6136183111271971,0.2932876691021269,20.185963409692217,,pso,49
4,0.2858746493184256,80,145.56441242796086,54.43558757203914,90.0,18,20.0,40.0,2.0,True,0.1990111110958577,0.597556537791391,0.2858746493184256,19.762566251612405,,pso,49
5,0.2858746493184256,100,145.56441242796086,54.43558757203914,90.0,18,20.0,40.0,2.0,True,0.1990111110958577,0.597556537791391,0.2858746493184256,19.762566251612405,,pso,49
6,0.2847394296186494,120,153.27651422794065,46.72348577205935,95.0,19,20.0,40.0,2.0,True,0.19682321988092288,0.5868023451635352,0.2847394296186494,19.630990172586593,,pso,49
7,0.2847394296186494,140,153.27651422794065,46.72348577205935,95.0,19,20.0,40.0,2.0,True,0.19682321988092288,0.5868023451635352,0.2847394296186494,19.630990172586593,,pso,49
8,0.2841123352649805,160,117.72274537065712,82.27725462934288,80.0,16,15.0,30.0,2.0,True,0.1997250458898373,0.6234776355299919,0.2841123352649805,19.6509552603596,,pso,49
9,0.2841123352649805,180,117.72274537065712,82.27725462934288,80.0,16,15.0,30.0,2.0,True,0.1997250458898373,0.6234776355299919,0.2841123352649805,19.6509552603596,,pso,49
10,0.2841123352649805,200,117.72274537065712,82.27725462934288,80.0,16,15.0,30.0,2.0,True,0.1997250458898373,0.6234776355299919,0.2841123352649805,19.6509552603596,,pso,49
11,0.2841123352649805,220,117.72274537065712,82.27725462934288,80.0,16,15.0,30.0,2.0,True,0.1997250458898373,0.6234776355299919,0.2841123352649805,19.6509552603596,,pso,49
12,0.28408775807490905,240,132.6696429902746,67.33035700972539,85.0,17,20.0,40.0,2.0,True,0.19953336275768996,0.6153372431013517,0.28408775807490905,19.650486294575074,,pso,49
13,0.28408775807490905,260,132.6696429902746,67.33035700972539,85.0,17,20.0,40.0,2.0,True,0.19953336275768996,0.6153372431013517,0.28408775807490905,19.650486294575074,,pso,49
14,0.28408775807490905,280,132.6696429902746,67.33035700972539,85.0,17,20.0,40.0,2.0,True,0.19953336275768996,0.6153372431013517,0.28408775807490905,19.650486294575074,,pso,49
15,0.28408775807490905,300,132.6696429902746,67.33035700972539,85.0,17,20.0,40.0,2.0,True,0.19953336275768996,0.6153372431013517,0.28408775807490905,19.650486294575074,,pso,49
16,0.28408775807490905,320,132.6696429902746,67.33035700972539,85.0,17,20.0,40.0,2.0,True,0.19953336275768996,0.6153372431013517,0.28408775807490905,19.650486294575074,,pso,49
17,0.2840642976312834,340,132.61547566461326,67.38452433538674,85.0,17,20.0,40.0,2.0,True,0.19948890262008462,0.6154003663187246,0.2840642976312834,19.647767557031415,,pso,49
18,0.2840642976312834,360,132.61547566461326,67.38452433538674,85.0,17,20.0,40.0,2.0,True,0.19948890262008462,0.6154003663187246,0.2840642976312834,19.647767557031415,,pso,49
19,0.2840642976312834,380,132.61547566461326,67.38452433538674,85.0,17,20.0,40.0,2.0,True,0.19948890262008462,0.6154003663187246,0.2840642976312834,19.647767557031415,,pso,49
20,0.2840642976312834,400,132.61547566461326,67.38452433538674,85.0,17,20.0,40.0,2.0,True,0.19948890262008462,0.6154003663187246,0.2840642976312834,19.647767557031415,,pso,49
21,0.2840642976312834,420,132.61547566461326,67.38452433538674,85.0,17,20.0,40.0,2.0,True,0.19948890262008462,0.6154003663187246,0.2840642976312834,19.647767557031415,,pso,49
22,0.2840642976312834,440,132.61547566461326,67.38452433538674,85.0,17,20.0,40.0,2.0,True,0.19948890262008462,0.6154003663187246,0.2840642976312834,19.647767557031415,,pso,49
23,0.2840642976312834,460,132.61547566461326,67.38452433538674,85.0,17,20.0,40.0,2.0,True,0.19948890262008462,0.6154003663187246,0.2840642976312834,19.647767557031415,,pso,49
24,0.2840642976312834,480,132.61547566461326,67.38452433538674,85.0,17,20.0,40.0,2.0,True,0.19948890262008462,0.6154003663187246,0.2840642976312834,19.647767557031415,,pso,49
25,0.2840642976312834,500,132.61547566461326,67.38452433538674,85.0,17,20.0,40.0,2.0,True,0.19948890262008462,0.6154003663187246,0.2840642976312834,19.647767557031415,,pso,49
26,0.2840642976312834,520,132.61547566461326,67.38452433538674,85.0,17,20.0,40.0,2.0,True,0.19948890262008462,0.6154003663187246,0.2840642976312834,19.647767557031415,,pso,49
27,0.2840456021963678,540,132.5722843840156,67.4277156159844,85.0,17,20.0,40.0,2.0,True,0.19945342764852703,0.6154506987388781,0.2840456021963678,19.645600122923067,,pso,49
28,0.2840456021963678,560,132.5722843840156,67.4277156159844,85.0,17,20.0,40.0,2.0,True,0.19945342764852703,0.6154506987388781,0.2840456021963678,19.645600122923067,,pso,49
29,0.2840456021963678,580,132.5722843840156,67.4277156159844,85.0,17,20.0,40.0,2.0,True,0.19945342764852703,0.6154506987388781,0.2840456021963678,19.645600122923067,,pso,49
30,0.2840456021963678,600,132.5722843840156,67.4277156159844,85.0,17,20.0,40.0,2.0,True,0.19945342764852703,0.6154506987388781,0.2840456021963678,19.645600122923067,,pso,49
1,0.30202178945617403,20,115.76593445902992,84.23406554097008,85.0,17,35.0,35.0,1.0,True,0.16230657244819716,0.5997757206638288,0.30202178945617403,19.961045430200276,,pso,50
2,0.2893203126405486,40,121.90855887056989,78.09144112943011,80.0,16,30.0,30.0,1.0,True,0.19619574529753464,0.6202718289057929,0.2893203126405486,19.929336632708907,,pso,50
3,0.2893203126405486,60,121.90855887056989,78.09144112943011,80.0,16,30.0,30.0,1.0,True,0.19619574529753464,0.6202718289057929,0.2893203126405486,19.929336632708907,,pso,50
4,0.28882310430481933,80,114.31762954849019,85.68237045150981,80.0,16,25.0,25.0,1.0,True,0.18918197089508093,0.6193744659789159,0.28882310430481933,19.721173072774384,,pso,50
5,0.2870515165937413,100,129.28597593311923,70.71402406688077,85.0,17,30.0,30.0,1.0,True,0.19252081897022025,0.6097830654972931,0.2870515165937413,19.683417044410874,,pso,50
6,0.28644101195455224,120,118.24616753767748,81.75383246232252,80.0,16,30.0,30.0,1.0,True,0.1965325569945945,0.6246733782278225,0.28644101195455224,19.739149020553636,,pso,50
7,0.28644101195455224,140,118.24616753767748,81.75383246232252,80.0,16,30.0,30.0,1.0,True,0.1965325569945945,0.6246733782278225,0.28644101195455224,19.739149020553636,,pso,50
8,0.28475132269439746,160,128.5127447161793,71.4872552838207,85.0,17,25.0,25.0,1.0,True,0.19325247857065217,0.6099119826754819,0.28475132269439746,19.54199679195656,,pso,50
9,0.28475132269439746,180,128.5127447161793,71.4872552838207,85.0,17,25.0,25.0,1.0,True,0.19325247857065217,0.6099119826754819,0.28475132269439746,19.54199679195656,,pso,50
10,0.28475132269439746,200,128.5127447161793,71.4872552838207,85.0,17,25.0,25.0,1.0,True,0.19325247857065217,0.6099119826754819,0.28475132269439746,19.54199679195656,,pso,50
11,0.2845333166729361,220,128.0349397105739,71.9650602894261,85.0,17,25.0,25.0,1.0,True,0.1929345991598687,0.6104268500341331,0.2845333166729361,19.51926117199092,,pso,50
12,0.2823805242435931,240,127.82014725761974,72.17985274238026,85.0,17,20.0,20.0,1.0,True,0.19668289246467704,0.6082425391496507,0.2823805242435931,19.45905622442738,,pso,50
13,0.2823805242435931,260,127.82014725761974,72.17985274238026,85.0,17,20.0,20.0,1.0,True,0.19668289246467704,0.6082425391496507,0.2823805242435931,19.45905622442738,,pso,50
14,0.2823805242435931,280,127.82014725761974,72.17985274238026,85.0,17,20.0,20.0,1.0,True,0.19668289246467704,0.6082425391496507,0.2823805242435931,19.45905622442738,,pso,50
15,0.2823554191349109,300,127.7647066811994,72.2352933188006,85.0,17,20.0,20.0,1.0,True,0.196597613128556,0.6083389767019619,0.2823554191349109,19.455243440374723,,pso,50
16,0.2823554191349109,320,127.7647066811994,72.2352933188006,85.0,17,20.0,20.0,1.0,True,0.196597613128556,0.6083389767019619,0.2823554191349109,19.455243440374723,,pso,50
17,0.28234534071680056,340,127.74197007343659,72.25802992656341,85.0,17,20.0,20.0,1.0,True,0.19658025115553196,0.608364572897551,0.28234534071680056,19.45412633178343,,pso,50
18,0.28227651122959113,360,127.58573984432113,72.41426015567887,85.0,17,20.0,20.0,1.0,True,0.19641508136372923,0.6085745054028882,0.28227651122959113,19.44536473776154,,pso,50
19,0.28227651122959113,380,127.58573984432113,72.41426015567887,85.0,17,20.0,20.0,1.0,True,0.19641508136372923,0.6085745054028882,0.28227651122959113,19.44536473776154,,pso,50
20,0.28227651122959113,400,127.58573984432113,72.41426015567887,85.0,17,20.0,20.0,1.0,True,0.19641508136372923,0.6085745054028882,0.28227651122959113,19.44536473776154,,pso,50
21,0.28226646839997394,420,127.56293981691113,72.43706018308887,85.0,17,20.0,20.0,1.0,True,0.19639753597385537,0.6086001498446671,0.28226646839997394,19.44424610310437,,pso,50
22,0.28226646839997394,440,127.56293981691113,72.43706018308887,85.0,17,20.0,20.0,1.0,True,0.19639753597385537,0.6086001498446671,0.28226646839997394,19.44424610310437,,pso,50
23,0.2822467378073736,460,127.52176325435926,72.47823674564074,85.0,17,20.0,20.0,1.0,True,0.19638586546105788,0.608635505871602,0.2822467378073736,19.442576128129218,,pso,50
24,0.28224315298063013,480,127.51362407384251,72.48637592615749,85.0,17,20.0,20.0,1.0,True,0.19637961151679975,0.6086446539570627,0.28224315298063013,19.442177075314493,,pso,50
25,0.2822405396744963,500,127.50769061124579,72.49230938875421,85.0,17,20.0,20.0,1.0,True,0.19637505244826053,0.6086513229113637,0.2822405396744963,19.441886173372424,,pso,50
26,0.2822386345916298,520,127.50336511701279,72.49663488298721,85.0,17,20.0,20.0,1.0,True,0.19637172891749408,0.608656184579049,0.2822386345916298,19.441674109874157,,pso,50
27,0.2822372457954161,540,127.50021183171692,72.49978816828308,85.0,17,20.0,20.0,1.0,True,0.1963693060796139,0.6086597287347917,0.2822372457954161,19.441519517718916,,pso,50
28,0.2822372457954161,560,127.50021183171692,72.49978816828308,85.0,17,20.0,20.0,1.0,True,0.1963693060796139,0.6086597287347917,0.2822372457954161,19.441519517718916,,pso,50
29,0.2822372457954161,580,127.50021183171692,72.49978816828308,85.0,17,20.0,20.0,1.0,True,0.1963693060796139,0.6086597287347917,0.2822372457954161,19.441519517718916,,pso,50
30,0.2822372457954161,600,127.50021183171692,72.49978816828308,85.0,17,20.0,20.0,1.0,True,0.1963693060796139,0.6086597287347917,0.2822372457954161,19.441519517718916,,pso,50
1,0.30282512168376735,20,111.21151336486639,88.78848663513361,80.0,16,45.0,45.0,1.0,True,0.1739071982210697,0.6167083809025072,0.30282512168376735,20.298038088383244,,pso,51
2,0.288448089576393,40,118.2951036584749,81.7048963415251,80.0,16,35.0,35.0,1.0,True,0.1952741695413854,0.6254395142579791,0.288448089576393,19.847358039549686,,pso,51
3,0.288448089576393,60,118.2951036584749,81.7048963415251,80.0,16,35.0,35.0,1.0,True,0.1952741695413854,0.6254395142579791,0.288448089576393,19.847358039549686,,pso,51
4,0.28681017775273315,80,131.30539326830046,68.69460673169954,85.0,17,25.0,25.0,1.0,True,0.19335111283618886,0.6065737051221157,0.28681017775273315,19.68632450834256,,pso,51
5,0.28533157658717495,100,120.04519711637697,79.95480288362303,80.0,16,25.0,25.0,1.0,True,0.19908992749480517,0.6217320750725625,0.28533157658717495,19.724581138278275,,pso,51
6,0.283408095380169,120,130.01026658383148,69.98973341616852,85.0,17,20.0,20.0,1.0,True,0.1984898645834059,0.6055478415298546,0.283408095380169,19.57454143104828,,pso,51
7,0.283408095380169,140,130.01026658383148,69.98973341616852,85.0,17,20.0,20.0,1.0,True,0.1984898645834059,0.6055478415298546,0.283408095380169,19.57454143104828,,pso,51
8,0.283408095380169,160,130.01026658383148,69.98973341616852,85.0,17,20.0,20.0,1.0,True,0.1984898645834059,0.6055478415298546,0.283408095380169,19.57454143104828,,pso,51
9,0.283408095380169,180,130.01026658383148,69.98973341616852,85.0,17,20.0,20.0,1.0,True,0.1984898645834059,0.6055478415298546,0.283408095380169,19.57454143104828,,pso,51
10,0.283408095380169,200,130.01026658383148,69.98973341616852,85.0,17,20.0,20.0,1.0,True,0.1984898645834059,0.6055478415298546,0.283408095380169,19.57454143104828,,pso,51
11,0.2823297017689678,220,127.70647688113331,72.29352311886669,85.0,17,20.0,20.0,1.0,True,0.196508017192912,0.608438690186881,0.2823297017689678,19.451290514652687,,pso,51
12,0.2823297017689678,240,127.70647688113331,72.29352311886669,85.0,17,20.0,20.0,1.0,True,0.196508017192912,0.608438690186881,0.2823297017689678,19.451290514652687,,pso,51
13,0.2823297017689678,260,127.70647688113331,72.29352311886669,85.0,17,20.0,20.0,1.0,True,0.196508017192912,0.608438690186881,0.2823297017689678,19.451290514652687,,pso,51
14,0.28227027656114084,280,127.57158551443437,72.42841448556563,85.0,17,20.0,20.0,1.0,True,0.19640418904620807,0.6085904255543061,0.28227027656114084,19.44467027469491,,pso,51
15,0.28227027656114084,300,127.57158551443437,72.42841448556563,85.0,17,20.0,20.0,1.0,True,0.19640418904620807,0.6085904255543061,0.28227027656114084,19.44467027469491,,pso,51
16,0.28227027656114084,320,127.57158551443437,72.42841448556563,85.0,17,20.0,20.0,1.0,True,0.19640418904620807,0.6085904255543061,0.28227027656114084,19.44467027469491,,pso,51
17,0.28227027656114084,340,127.57158551443437,72.42841448556563,85.0,17,20.0,20.0,1.0,True,0.19640418904620807,0.6085904255543061,0.28227027656114084,19.44467027469491,,pso,51
18,0.28226397339725584,360,127.55727532132136,72.44272467867864,85.0,17,20.0,20.0,1.0,True,0.19639317706339995,0.6086065210136464,0.28226397339725584,19.443968201344084,,pso,51
19,0.28226397339725584,380,127.55727532132136,72.44272467867864,85.0,17,20.0,20.0,1.0,True,0.19639317706339995,0.6086065210136464,0.28226397339725584,19.443968201344084,,pso,51
20,0.28226397339725584,400,127.55727532132136,72.44272467867864,85.0,17,20.0,20.0,1.0,True,0.19639317706339995,0.6086065210136464,0.28226397339725584,19.443968201344084,,pso,51
21,0.28226397339725584,420,127.55727532132136,72.44272467867864,85.0,17,20.0,20.0,1.0,True,0.19639317706339995,0.6086065210136464,0.28226397339725584,19.443968201344084,,pso,51
22,0.28226397339725584,440,127.55727532132136,72.44272467867864,85.0,17,20.0,20.0,1.0,True,0.19639317706339995,0.6086065210136464,0.28226397339725584,19.443968201344084,,pso,51
23,0.282250807094679,460,127.52738244371287,72.47261755628713,85.0,17,20.0,20.0,1.0,True,0.19637020569218017,0.6086401196426646,0.282250807094679,19.442502496319527,,pso,51
24,0.282250807094679,480,127.52738244371287,72.47261755628713,85.0,17,20.0,20.0,1.0,True,0.19637020569218017,0.6086401196426646,0.282250807094679,19.442502496319527,,pso,51
25,0.282250807094679,500,127.52738244371287,72.47261755628713,85.0,17,20.0,20.0,1.0,True,0.19637020569218017,0.6086401196426646,0.282250807094679,19.442502496319527,,pso,51
26,0.282250807094679,520,127.52738244371287,72.47261755628713,85.0,17,20.0,20.0,1.0,True,0.19637020569218017,0.6086401196426646,0.282250807094679,19.442502496319527,,pso,51
27,0.282250807094679,540,127.52738244371287,72.47261755628713,85.0,17,20.0,20.0,1.0,True,0.19637020569218017,0.6086401196426646,0.282250807094679,19.442502496319527,,pso,51
28,0.282250807094679,560,127.52738244371287,72.47261755628713,85.0,17,20.0,20.0,1.0,True,0.19637020569218017,0.6086401196426646,0.282250807094679,19.442502496319527,,pso,51
29,0.282250807094679,580,127.52738244371287,72.47261755628713,85.0,17,20.0,20.0,1.0,True,0.19637020569218017,0.6086401196426646,0.282250807094679,19.442502496319527,,pso,51
30,0.2822458736852574,600,127.51980131646708,72.48019868353292,85.0,17,20.0,20.0,1.0,True,0.1963843579484378,0.6086377110045965,0.2822458736852574,19.442479935918275,,pso,51
1,0.3229360654127701,20,110.05847851495862,89.94152148504138,100.0,20,20.0,20.0,1.0,True,0.10740545158260104,0.5358967363537522,0.3229360654127701,20.019488870028702,,pso,52
2,0.29718051413246505,40,109.74885077418855,90.25114922581145,80.0,16,35.0,35.0,1.0,True,0.17770415198965459,0.6167294089970116,0.29718051413246505,20.010046532008566,,pso,52
3,0.28777366616481614,60,120.46696153366257,79.53303846633743,80.0,16,30.0,30.0,1.0,True,0.19733173764922293,0.6221067133433336,0.28777366616481614,19.850887332312514,,pso,52
4,0.28492437714829266,80,138.4619467661954,61.53805323380459,90.0,18,25.0,25.0,1.0,True,0.19012445702437308,0.5967331952131733,0.28492437714829266,19.47913802249019,,pso,52
5,0.2845211202256605,100,128.00756751037602,71.99243248962398,85.0,17,25.0,25.0,1.0,True,0.1929124084353502,0.6104586647047298,0.2845211202256605,19.517885716213804,,pso,52
6,0.2845211202256605,120,128.00756751037602,71.99243248962398,85.0,17,25.0,25.0,1.0,True,0.1929124084353502,0.6104586647047298,0.2845211202256605,19.517885716213804,,pso,52
7,0.2845211202256605,140,128.00756751037602,71.99243248962398,85.0,17,25.0,25.0,1.0,True,0.1929124084353502,0.6104586647047298,0.2845211202256605,19.517885716213804,,pso,52
8,0.2845211202256605,160,128.00756751037602,71.99243248962398,85.0,17,25.0,25.0,1.0,True,0.1929124084353502,0.6104586647047298,0.2845211202256605,19.517885716213804,,pso,52
9,0.2845211202256605,180,128.00756751037602,71.99243248962398,85.0,17,25.0,25.0,1.0,True,0.1929124084353502,0.6104586647047298,0.2845211202256605,19.517885716213804,,pso,52
10,0.2845211202256605,200,128.00756751037602,71.99243248962398,85.0,17,25.0,25.0,1.0,True,0.1929124084353502,0.6104586647047298,0.2845211202256605,19.517885716213804,,pso,52
11,0.284376496468857,220,127.68859402978468,72.31140597021532,85.0,17,25.0,25.0,1.0,True,0.19265715246303877,0.6108338802365734,0.284376496468857,19.501725019596748,,pso,52
12,0.284376496468857,240,127.68859402978468,72.31140597021532,85.0,17,25.0,25.0,1.0,True,0.19265715246303877,0.6108338802365734,0.284376496468857,19.501725019596748,,pso,52
13,0.284376496468857,260,127.68859402978468,72.31140597021532,85.0,17,25.0,25.0,1.0,True,0.19265715246303877,0.6108338802365734,0.284376496468857,19.501725019596748,,pso,52
14,0.284376496468857,280,127.68859402978468,72.31140597021532,85.0,17,25.0,25.0,1.0,True,0.19265715246303877,0.6108338802365734,0.284376496468857,19.501725019596748,,pso,52
15,0.284376496468857,300,127.68859402978468,72.31140597021532,85.0,17,25.0,25.0,1.0,True,0.19265715246303877,0.6108338802365734,0.284376496468857,19.501725019596748,,pso,52
16,0.284376496468857,320,127.68859402978468,72.31140597021532,85.0,17,25.0,25.0,1.0,True,0.19265715246303877,0.6108338802365734,0.284376496468857,19.501725019596748,,pso,52
17,0.284376496468857,340,127.68859402978468,72.31140597021532,85.0,17,25.0,25.0,1.0,True,0.19265715246303877,0.6108338802365734,0.284376496468857,19.501725019596748,,pso,52
18,0.284376496468857,360,127.68859402978468,72.31140597021532,85.0,17,25.0,25.0,1.0,True,0.19265715246303877,0.6108338802365734,0.284376496468857,19.501725019596748,,pso,52
19,0.28234961265407943,380,127.75166501103978,72.24833498896022,85.0,17,20.0,20.0,1.0,True,0.19658772641483355,0.6083536586256549,0.28234961265407943,19.454602657751874,,pso,52
20,0.28234961265407943,400,127.75166501103978,72.24833498896022,85.0,17,20.0,20.0,1.0,True,0.19658772641483355,0.6083536586256549,0.28234961265407943,19.454602657751874,,pso,52
21,0.28234961265407943,420,127.75166501103978,72.24833498896022,85.0,17,20.0,20.0,1.0,True,0.19658772641483355,0.6083536586256549,0.28234961265407943,19.454602657751874,,pso,52
22,0.2822742449736328,440,127.58059489093412,72.41940510906588,85.0,17,20.0,20.0,1.0,True,0.19641112208670408,0.6085802922142465,0.2822742449736328,19.445112303373733,,pso,52
23,0.2822742449736328,460,127.58059489093412,72.41940510906588,85.0,17,20.0,20.0,1.0,True,0.19641112208670408,0.6085802922142465,0.2822742449736328,19.445112303373733,,pso,52
24,0.2822742449736328,480,127.58059489093412,72.41940510906588,85.0,17,20.0,20.0,1.0,True,0.19641112208670408,0.6085802922142465,0.2822742449736328,19.445112303373733,,pso,52
25,0.28225321467158887,500,127.53284874360924,72.46715125639076,85.0,17,20.0,20.0,1.0,True,0.19637440550781615,0.6086339762359232,0.28225321467158887,19.442770490199404,,pso,52
26,0.28225321467158887,520,127.53284874360924,72.46715125639076,85.0,17,20.0,20.0,1.0,True,0.19637440550781615,0.6086339762359232,0.28225321467158887,19.442770490199404,,pso,52
27,0.28225321467158887,540,127.53284874360924,72.46715125639076,85.0,17,20.0,20.0,1.0,True,0.19637440550781615,0.6086339762359232,0.28225321467158887,19.442770490199404,,pso,52
28,0.28224545143623037,560,127.51884262267535,72.48115737732465,85.0,17,20.0,20.0,1.0,True,0.19638362130980255,0.6086387885347876,0.28224545143623037,19.44243293219892,,pso,52
29,0.2822447539736059,580,127.51725906759152,72.48274093240848,85.0,17,20.0,20.0,1.0,True,0.19638240454461722,0.6086405683819368,0.2822447539736059,19.442355292570976,,pso,52
30,0.2822447539736059,600,127.51725906759152,72.48274093240848,85.0,17,20.0,20.0,1.0,True,0.19638240454461722,0.6086405683819368,0.2822447539736059,19.442355292570976,,pso,52
1,0.33815225842108965,20,97.58741863112155,102.41258136887845,100.0,20,35.0,35.0,1.0,True,0.07706086844943563,0.5347227318553525,0.33815225842108965,20.2748519901068,,pso,53
2,0.29225050700782934,40,139.3617357469112,60.638264253088806,95.0,19,15.0,30.0,2.0,True,0.1775849624227804,0.5746662590461282,0.29225050700782934,19.667264540969214,,pso,53
3,0.29225050700782934,60,139.3617357469112,60.638264253088806,95.0,19,15.0,30.0,2.0,True,0.1775849624227804,0.5746662590461282,0.29225050700782934,19.667264540969214,,pso,53
4,0.29225050700782934,80,139.3617357469112,60.638264253088806,95.0,19,15.0,30.0,2.0,True,0.1775849624227804,0.5746662590461282,0.29225050700782934,19.667264540969214,,pso,53
5,0.29225050700782934,100,139.3617357469112,60.638264253088806,95.0,19,15.0,30.0,2.0,True,0.1775849624227804,0.5746662590461282,0.29225050700782934,19.667264540969214,,pso,53
6,0.29182803785078665,120,133.30145713131986,66.69854286868014,95.0,19,10.0,20.0,2.0,True,0.18133515443287757,0.5649191653759099,0.29182803785078665,19.721150279754738,,pso,53
7,0.2876172678621524,140,147.31132395067488,52.688676049325124,90.0,18,20.0,40.0,2.0,True,0.19792427760308914,0.5953955285049337,0.2876172678621524,19.856431307847558,,pso,53
8,0.284728754618847,160,153.25091346559745,46.74908653440255,95.0,19,20.0,40.0,2.0,True,0.19680153174417597,0.5868309352056356,0.284728754618847,19.62972194932015,,pso,53
9,0.284728754618847,180,153.25091346559745,46.74908653440255,95.0,19,20.0,40.0,2.0,True,0.19680153174417597,0.5868309352056356,0.284728754618847,19.62972194932015,,pso,53
10,0.284696972510813,200,162.69361969884667,37.306380301153325,100.0,20,20.0,40.0,2.0,True,0.19663114730889253,0.5742919432360272,0.284696972510813,19.624727071954187,,pso,53
11,0.284696972510813,220,162.69361969884667,37.306380301153325,100.0,20,20.0,40.0,2.0,True,0.19663114730889253,0.5742919432360272,0.284696972510813,19.624727071954187,,pso,53
12,0.284696972510813,240,162.69361969884667,37.306380301153325,100.0,20,20.0,40.0,2.0,True,0.19663114730889253,0.5742919432360272,0.284696972510813,19.624727071954187,,pso,53
13,0.284696972510813,260,162.69361969884667,37.306380301153325,100.0,20,20.0,40.0,2.0,True,0.19663114730889253,0.5742919432360272,0.284696972510813,19.624727071954187,,pso,53
14,0.284696972510813,280,162.69361969884667,37.306380301153325,100.0,20,20.0,40.0,2.0,True,0.19663114730889253,0.5742919432360272,0.284696972510813,19.624727071954187,,pso,53
15,0.284696972510813,300,162.69361969884667,37.306380301153325,100.0,20,20.0,40.0,2.0,True,0.19663114730889253,0.5742919432360272,0.284696972510813,19.624727071954187,,pso,53
16,0.2846695508407514,320,157.94858090056806,42.05141909943194,100.0,20,15.0,30.0,2.0,True,0.19884393602825062,0.5657049040311322,0.2846695508407514,19.667601469876875,,pso,53
17,0.2846695508407514,340,157.94858090056806,42.05141909943194,100.0,20,15.0,30.0,2.0,True,0.19884393602825062,0.5657049040311322,0.2846695508407514,19.667601469876875,,pso,53
18,0.2846695508407514,360,157.94858090056806,42.05141909943194,100.0,20,15.0,30.0,2.0,True,0.19884393602825062,0.5657049040311322,0.2846695508407514,19.667601469876875,,pso,53
19,0.2846695508407514,380,157.94858090056806,42.05141909943194,100.0,20,15.0,30.0,2.0,True,0.19884393602825062,0.5657049040311322,0.2846695508407514,19.667601469876875,,pso,53
20,0.2846695508407514,400,157.94858090056806,42.05141909943194,100.0,20,15.0,30.0,2.0,True,0.19884393602825062,0.5657049040311322,0.2846695508407514,19.667601469876875,,pso,53
21,0.2846695508407514,420,157.94858090056806,42.05141909943194,100.0,20,15.0,30.0,2.0,True,0.19884393602825062,0.5657049040311322,0.2846695508407514,19.667601469876875,,pso,53
22,0.2846695508407514,440,157.94858090056806,42.05141909943194,100.0,20,15.0,30.0,2.0,True,0.19884393602825062,0.5657049040311322,0.2846695508407514,19.667601469876875,,pso,53
23,0.2846695508407514,460,157.94858090056806,42.05141909943194,100.0,20,15.0,30.0,2.0,True,0.19884393602825062,0.5657049040311322,0.2846695508407514,19.667601469876875,,pso,53
24,0.2846695508407514,480,157.94858090056806,42.05141909943194,100.0,20,15.0,30.0,2.0,True,0.19884393602825062,0.5657049040311322,0.2846695508407514,19.667601469876875,,pso,53
25,0.2845820661709858,500,157.74762566571684,42.25237433428316,100.0,20,15.0,30.0,2.0,True,0.19863533702596978,0.5659597305228171,0.2845820661709858,19.656335050385056,,pso,53
26,0.2845820661709858,520,157.74762566571684,42.25237433428316,100.0,20,15.0,30.0,2.0,True,0.19863533702596978,0.5659597305228171,0.2845820661709858,19.656335050385056,,pso,53
27,0.2845820661709858,540,157.74762566571684,42.25237433428316,100.0,20,15.0,30.0,2.0,True,0.19863533702596978,0.5659597305228171,0.2845820661709858,19.656335050385056,,pso,53
28,0.2845820661709858,560,157.74762566571684,42.25237433428316,100.0,20,15.0,30.0,2.0,True,0.19863533702596978,0.5659597305228171,0.2845820661709858,19.656335050385056,,pso,53
29,0.284514727109193,580,157.58980895216865,42.41019104783135,100.0,20,15.0,30.0,2.0,True,0.19850039013030676,0.5661362486718831,0.284514727109193,19.6483134880523,,pso,53
30,0.2844998002720484,600,157.55454357975293,42.44545642024707,100.0,20,15.0,30.0,2.0,True,0.1984445446213909,0.566193658648199,0.2844998002720484,19.645898296799995,,pso,53
1,0.32101009548200155,20,79.49927277669401,120.50072722330599,75.0,15,15.0,60.0,4.0,True,0.15359259224936686,0.606793283273064,0.32101009548200155,20.99775946336425,,pso,54
2,0.3182723669790782,40,84.72340257793557,115.27659742206443,85.0,17,5.0,20.0,4.0,True,0.15898555387959182,0.5456884660709765,0.3182723669790782,20.930928498506,,pso,54
3,0.28794743033832254,60,117.62168460625571,82.37831539374429,85.0,17,10.0,20.0,2.0,True,0.190485959954596,0.5949126384890926,0.28794743033832254,19.67991925497259,,pso,54
4,0.2875929578918438,80,137.2240776363547,62.77592236364529,90.0,18,10.0,20.0,2.0,True,0.19947413669101718,0.5784398905372056,0.2875929578918438,19.876461563706204,,pso,54
5,0.2875929578918438,100,137.2240776363547,62.77592236364529,90.0,18,10.0,20.0,2.0,True,0.19947413669101718,0.5784398905372056,0.2875929578918438,19.876461563706204,,pso,54
6,0.2875929578918438,120,137.2240776363547,62.77592236364529,90.0,18,10.0,20.0,2.0,True,0.19947413669101718,0.5784398905372056,0.2875929578918438,19.876461563706204,,pso,54
7,0.2875929578918438,140,137.2240776363547,62.77592236364529,90.0,18,10.0,20.0,2.0,True,0.19947413669101718,0.5784398905372056,0.2875929578918438,19.876461563706204,,pso,54
8,0.2875929578918438,160,137.2240776363547,62.77592236364529,90.0,18,10.0,20.0,2.0,True,0.19947413669101718,0.5784398905372056,0.2875929578918438,19.876461563706204,,pso,54
9,0.2875929578918438,180,137.2240776363547,62.77592236364529,90.0,18,10.0,20.0,2.0,True,0.19947413669101718,0.5784398905372056,0.2875929578918438,19.876461563706204,,pso,54
10,0.2847734305281588,200,128.94438618567466,71.05561381432534,85.0,17,15.0,30.0,2.0,True,0.1976463959206393,0.6072819851142051,0.2847734305281588,19.64507489909815,,pso,54
11,0.2847734305281588,220,128.94438618567466,71.05561381432534,85.0,17,15.0,30.0,2.0,True,0.1976463959206393,0.6072819851142051,0.2847734305281588,19.64507489909815,,pso,54
12,0.2847734305281588,240,128.94438618567466,71.05561381432534,85.0,17,15.0,30.0,2.0,True,0.1976463959206393,0.6072819851142051,0.2847734305281588,19.64507489909815,,pso,54
13,0.2847734305281588,260,128.94438618567466,71.05561381432534,85.0,17,15.0,30.0,2.0,True,0.1976463959206393,0.6072819851142051,0.2847734305281588,19.64507489909815,,pso,54
14,0.2841363626679844,280,127.5414229179652,72.4585770820348,85.0,17,15.0,30.0,2.0,True,0.1964466299968858,0.6089881118636226,0.2841363626679844,19.571634357259065,,pso,54
15,0.2841363626679844,300,127.5414229179652,72.4585770820348,85.0,17,15.0,30.0,2.0,True,0.1964466299968858,0.6089881118636226,0.2841363626679844,19.571634357259065,,pso,54
16,0.2841363626679844,320,127.5414229179652,72.4585770820348,85.0,17,15.0,30.0,2.0,True,0.1964466299968858,0.6089881118636226,0.2841363626679844,19.571634357259065,,pso,54
17,0.2841363626679844,340,127.5414229179652,72.4585770820348,85.0,17,15.0,30.0,2.0,True,0.1964466299968858,0.6089881118636226,0.2841363626679844,19.571634357259065,,pso,54
18,0.2841363626679844,360,127.5414229179652,72.4585770820348,85.0,17,15.0,30.0,2.0,True,0.1964466299968858,0.6089881118636226,0.2841363626679844,19.571634357259065,,pso,54
19,0.2841363626679844,380,127.5414229179652,72.4585770820348,85.0,17,15.0,30.0,2.0,True,0.1964466299968858,0.6089881118636226,0.2841363626679844,19.571634357259065,,pso,54
20,0.2841363626679844,400,127.5414229179652,72.4585770820348,85.0,17,15.0,30.0,2.0,True,0.1964466299968858,0.6089881118636226,0.2841363626679844,19.571634357259065,,pso,54
21,0.2841363626679844,420,127.5414229179652,72.4585770820348,85.0,17,15.0,30.0,2.0,True,0.1964466299968858,0.6089881118636226,0.2841363626679844,19.571634357259065,,pso,54
22,0.2841363626679844,440,127.5414229179652,72.4585770820348,85.0,17,15.0,30.0,2.0,True,0.1964466299968858,0.6089881118636226,0.2841363626679844,19.571634357259065,,pso,54
23,0.2839333484788259,460,132.92197730515437,67.07802269484563,90.0,18,15.0,15.0,1.0,True,0.19453392198991448,0.5862300873219812,0.2839333484788259,19.506995940730764,,pso,54
24,0.2839333484788259,480,132.92197730515437,67.07802269484563,90.0,18,15.0,15.0,1.0,True,0.19453392198991448,0.5862300873219812,0.2839333484788259,19.506995940730764,,pso,54
25,0.2839333484788259,500,132.92197730515437,67.07802269484563,90.0,18,15.0,15.0,1.0,True,0.19453392198991448,0.5862300873219812,0.2839333484788259,19.506995940730764,,pso,54
26,0.2839006909265093,520,132.84779796806728,67.15220203193272,90.0,18,15.0,15.0,1.0,True,0.19444590091218025,0.5863331301756548,0.2839006909265093,19.502613261856062,,pso,54
27,0.2839006909265093,540,132.84779796806728,67.15220203193272,90.0,18,15.0,15.0,1.0,True,0.19444590091218025,0.5863331301756548,0.2839006909265093,19.502613261856062,,pso,54
28,0.2838562772551851,560,132.75355393617397,67.24644606382603,90.0,18,15.0,15.0,1.0,True,0.19442081853212342,0.5864081961081408,0.2838562772551851,19.49890421546062,,pso,54
29,0.2838562772551851,580,132.75355393617397,67.24644606382603,90.0,18,15.0,15.0,1.0,True,0.19442081853212342,0.5864081961081408,0.2838562772551851,19.49890421546062,,pso,54
30,0.2838562772551851,600,132.75355393617397,67.24644606382603,90.0,18,15.0,15.0,1.0,True,0.19442081853212342,0.5864081961081408,0.2838562772551851,19.49890421546062,,pso,54
1,0.29471786811605777,20,146.67157632215586,53.32842367784414,95.0,19,35.0,35.0,1.0,True,0.17619793863634073,0.5798018188886689,0.29471786811605777,19.81052369805647,,pso,55
2,0.2862059395942522,40,126.32416709154407,73.67583290845593,85.0,17,15.0,15.0,1.0,True,0.19623557347327783,0.5960805575187537,0.2862059395942522,19.705953560989258,,pso,55
3,0.28586166043968075,60,140.23601829114838,59.76398170885162,90.0,18,25.0,25.0,1.0,True,0.1914266234357768,0.5944897890925077,0.28586166043968075,19.575160318227255,,pso,55
4,0.28332096417833813,80,152.78607019617766,47.21392980382234,95.0,19,30.0,30.0,1.0,True,0.19636507801800954,0.5869755419584012,0.28332096417833813,19.52466983786902,,pso,55
5,0.28320900142204675,100,143.30481254148452,56.69518745851548,90.0,18,30.0,30.0,1.0,True,0.19869119369857666,0.5995360036209488,0.28320900142204675,19.57116407548276,,pso,55
6,0.28320900142204675,120,143.30481254148452,56.69518745851548,90.0,18,30.0,30.0,1.0,True,0.19869119369857666,0.5995360036209488,0.28320900142204675,19.57116407548276,,pso,55
7,0.28320900142204675,140,143.30481254148452,56.69518745851548,90.0,18,30.0,30.0,1.0,True,0.19869119369857666,0.5995360036209488,0.28320900142204675,19.57116407548276,,pso,55
8,0.28320900142204675,160,143.30481254148452,56.69518745851548,90.0,18,30.0,30.0,1.0,True,0.19869119369857666,0.5995360036209488,0.28320900142204675,19.57116407548276,,pso,55
9,0.28320900142204675,180,143.30481254148452,56.69518745851548,90.0,18,30.0,30.0,1.0,True,0.19869119369857666,0.5995360036209488,0.28320900142204675,19.57116407548276,,pso,55
10,0.28320900142204675,200,143.30481254148452,56.69518745851548,90.0,18,30.0,30.0,1.0,True,0.19869119369857666,0.5995360036209488,0.28320900142204675,19.57116407548276,,pso,55
11,0.2831996996784037,220,143.28292760148733,56.71707239851267,90.0,18,30.0,30.0,1.0,True,0.19867163458014558,0.5995619303947842,0.2831996996784037,19.570042372802824,,pso,55
12,0.2831996996784037,240,143.28292760148733,56.71707239851267,90.0,18,30.0,30.0,1.0,True,0.19867163458014558,0.5995619303947842,0.2831996996784037,19.570042372802824,,pso,55
13,0.28299290719158876,260,142.81551366749594,57.184486332504065,90.0,18,30.0,30.0,1.0,True,0.19835965943440004,0.6000580268049888,0.28299290719158876,19.547986042392058,,pso,55
14,0.28293313422279454,280,142.68116299785933,57.31883700214067,90.0,18,30.0,30.0,1.0,True,0.19813769561493172,0.6003015646162737,0.28293313422279454,19.538367051038964,,pso,55
15,0.28292783020703777,300,142.66855836694222,57.33144163305778,90.0,18,30.0,30.0,1.0,True,0.19812633686531717,0.6003164768204071,0.28292783020703777,19.537723295605208,,pso,55
16,0.2828631578331513,320,142.51884189086985,57.48115810913015,90.0,18,30.0,30.0,1.0,True,0.1980224441396893,0.6004746808906372,0.2828631578331513,19.53069469283119,,pso,55
17,0.2828631578331513,340,142.51884189086985,57.48115810913015,90.0,18,30.0,30.0,1.0,True,0.1980224441396893,0.6004746808906372,0.2828631578331513,19.53069469283119,,pso,55
18,0.2828631578331513,360,142.51884189086985,57.48115810913015,90.0,18,30.0,30.0,1.0,True,0.1980224441396893,0.6004746808906372,0.2828631578331513,19.53069469283119,,pso,55
19,0.2828614353322834,380,142.51474693927483,57.48525306072517,90.0,18,30.0,30.0,1.0,True,0.19801875905032004,0.600479521884151,0.2828614353322834,19.530485788570036,,pso,55
20,0.2828614353322834,400,142.51474693927483,57.48525306072517,90.0,18,30.0,30.0,1.0,True,0.19801875905032004,0.600479521884151,0.2828614353322834,19.530485788570036,,pso,55
21,0.2828614353322834,420,142.51474693927483,57.48525306072517,90.0,18,30.0,30.0,1.0,True,0.19801875905032004,0.600479521884151,0.2828614353322834,19.530485788570036,,pso,55
22,0.2828614353322834,440,142.51474693927483,57.48525306072517,90.0,18,30.0,30.0,1.0,True,0.19801875905032004,0.600479521884151,0.2828614353322834,19.530485788570036,,pso,55
23,0.2828614353322834,460,142.51474693927483,57.48525306072517,90.0,18,30.0,30.0,1.0,True,0.19801875905032004,0.600479521884151,0.2828614353322834,19.530485788570036,,pso,55
24,0.2810931901824475,480,142.71150880316057,57.28849119683943,90.0,18,25.0,25.0,1.0,True,0.19983034586900672,0.5992400697640557,0.2810931901824475,19.45115171444421,,pso,55
25,0.28103615520877484,500,142.57618770038732,57.42381229961268,90.0,18,25.0,25.0,1.0,True,0.19971434928156503,0.5993964025496648,0.28103615520877484,19.444375237199505,,pso,55
26,0.28103615520877484,520,142.57618770038732,57.42381229961268,90.0,18,25.0,25.0,1.0,True,0.19971434928156503,0.5993964025496648,0.28103615520877484,19.444375237199505,,pso,55
27,0.28103379066945416,540,142.57057713339873,57.42942286660127,90.0,18,25.0,25.0,1.0,True,0.19970954410977432,0.5994028818117307,0.28103379066945416,19.44409443328328,,pso,55
28,0.2810309364092385,560,142.56380448765984,57.43619551234016,90.0,18,25.0,25.0,1.0,True,0.19970374373730237,0.5994107030794763,0.2810309364092385,19.443755476440163,,pso,55
29,0.2810309364092385,580,142.56380448765984,57.43619551234016,90.0,18,25.0,25.0,1.0,True,0.19970374373730237,0.5994107030794763,0.2810309364092385,19.443755476440163,,pso,55
30,0.28101697892792665,600,142.5338723974735,57.46612760252651,90.0,18,25.0,25.0,1.0,True,0.19970286568163093,0.5994301911570487,0.28101697892792665,19.44274660665283,,pso,55
1,0.3069041603361858,20,97.59623206070134,102.40376793929866,75.0,15,35.0,70.0,2.0,True,0.17528429177311972,0.6372266996704807,0.3069041603361858,20.610598408521888,,pso,56
2,0.29823187019703945,40,112.08365110569312,87.91634889430688,75.0,15,30.0,60.0,2.0,True,0.19564739739338052,0.6387072617896721,0.29823187019703945,20.534278736655747,,pso,56
3,0.29823187019703945,60,112.08365110569312,87.91634889430688,75.0,15,30.0,60.0,2.0,True,0.19564739739338052,0.6387072617896721,0.29823187019703945,20.534278736655747,,pso,56
4,0.29346038812274977,80,110.99635842281647,89.00364157718353,75.0,15,25.0,50.0,2.0,True,0.19940338764979032,0.6382777611822475,0.29346038812274977,20.298617850027437,,pso,56
5,0.2882932345967709,100,128.84478788570237,71.15521211429763,85.0,17,20.0,40.0,2.0,True,0.1905921216312268,0.6116021850512987,0.2882932345967709,19.720533856119665,,pso,56
6,0.287609536179509,120,122.26497368824434,77.73502631175566,80.0,16,15.0,30.0,2.0,True,0.1995319771927025,0.6179713471915919,0.287609536179509,19.888436779712084,,pso,56
7,0.2844933366233108,140,128.33722502357313,71.66277497642687,85.0,17,15.0,30.0,2.0,True,0.19708389499086507,0.6080630367034974,0.2844933366233108,19.611864424462816,,pso,56
8,0.2842931109577706,160,122.87166309175745,77.12833690824255,85.0,17,10.0,20.0,2.0,True,0.1997493845246285,0.597790599017476,0.2842931109577706,19.65533018886485,,pso,56
9,0.2842931109577706,180,122.87166309175745,77.12833690824255,85.0,17,10.0,20.0,2.0,True,0.1997493845246285,0.597790599017476,0.2842931109577706,19.65533018886485,,pso,56
10,0.2842931109577706,200,122.87166309175745,77.12833690824255,85.0,17,10.0,20.0,2.0,True,0.1997493845246285,0.597790599017476,0.2842931109577706,19.65533018886485,,pso,56
11,0.2842931109577706,220,122.87166309175745,77.12833690824255,85.0,17,10.0,20.0,2.0,True,0.1997493845246285,0.597790599017476,0.2842931109577706,19.65533018886485,,pso,56
12,0.2842931109577706,240,122.87166309175745,77.12833690824255,85.0,17,10.0,20.0,2.0,True,0.1997493845246285,0.597790599017476,0.2842931109577706,19.65533018886485,,pso,56
13,0.2841714996691735,260,117.85454285179608,82.14545714820392,80.0,16,15.0,30.0,2.0,True,0.19986734461926717,0.6232939369742432,0.2841714996691735,19.658541578374695,,pso,56
14,0.2841714996691735,280,117.85454285179608,82.14545714820392,80.0,16,15.0,30.0,2.0,True,0.19986734461926717,0.6232939369742432,0.2841714996691735,19.658541578374695,,pso,56
15,0.2841714996691735,300,117.85454285179608,82.14545714820392,80.0,16,15.0,30.0,2.0,True,0.19986734461926717,0.6232939369742432,0.2841714996691735,19.658541578374695,,pso,56
16,0.2841714996691735,320,117.85454285179608,82.14545714820392,80.0,16,15.0,30.0,2.0,True,0.19986734461926717,0.6232939369742432,0.2841714996691735,19.658541578374695,,pso,56
17,0.2841714996691735,340,117.85454285179608,82.14545714820392,80.0,16,15.0,30.0,2.0,True,0.19986734461926717,0.6232939369742432,0.2841714996691735,19.658541578374695,,pso,56
18,0.2841714996691735,360,117.85454285179608,82.14545714820392,80.0,16,15.0,30.0,2.0,True,0.19986734461926717,0.6232939369742432,0.2841714996691735,19.658541578374695,,pso,56
19,0.2841714996691735,380,117.85454285179608,82.14545714820392,80.0,16,15.0,30.0,2.0,True,0.19986734461926717,0.6232939369742432,0.2841714996691735,19.658541578374695,,pso,56
20,0.28415271838782297,400,117.81450980544061,82.18549019455939,80.0,16,15.0,30.0,2.0,True,0.19983328545177223,0.6233447782708731,0.28415271838782297,19.656393083356996,,pso,56
21,0.28405660294603524,420,117.6004467622328,82.3995532377672,80.0,16,15.0,30.0,2.0,True,0.1996377441790273,0.6236154066101318,0.28405660294603524,19.644949372934157,,pso,56
22,0.28405660294603524,440,117.6004467622328,82.3995532377672,80.0,16,15.0,30.0,2.0,True,0.1996377441790273,0.6236154066101318,0.28405660294603524,19.644949372934157,,pso,56
23,0.28405660294603524,460,117.6004467622328,82.3995532377672,80.0,16,15.0,30.0,2.0,True,0.1996377441790273,0.6236154066101318,0.28405660294603524,19.644949372934157,,pso,56
24,0.28405660294603524,480,117.6004467622328,82.3995532377672,80.0,16,15.0,30.0,2.0,True,0.1996377441790273,0.6236154066101318,0.28405660294603524,19.644949372934157,,pso,56
25,0.28405660294603524,500,117.6004467622328,82.3995532377672,80.0,16,15.0,30.0,2.0,True,0.1996377441790273,0.6236154066101318,0.28405660294603524,19.644949372934157,,pso,56
26,0.28405660294603524,520,117.6004467622328,82.3995532377672,80.0,16,15.0,30.0,2.0,True,0.1996377441790273,0.6236154066101318,0.28405660294603524,19.644949372934157,,pso,56
27,0.28405660294603524,540,117.6004467622328,82.3995532377672,80.0,16,15.0,30.0,2.0,True,0.1996377441790273,0.6236154066101318,0.28405660294603524,19.644949372934157,,pso,56
28,0.28405660294603524,560,117.6004467622328,82.3995532377672,80.0,16,15.0,30.0,2.0,True,0.1996377441790273,0.6236154066101318,0.28405660294603524,19.644949372934157,,pso,56
29,0.28405660294603524,580,117.6004467622328,82.3995532377672,80.0,16,15.0,30.0,2.0,True,0.1996377441790273,0.6236154066101318,0.28405660294603524,19.644949372934157,,pso,56
30,0.28405660294603524,600,117.6004467622328,82.3995532377672,80.0,16,15.0,30.0,2.0,True,0.1996377441790273,0.6236154066101318,0.28405660294603524,19.644949372934157,,pso,56
1,0.3074732549698454,20,105.3395578509253,94.6604421490747,85.0,17,10.0,40.0,4.0,True,0.1597885145661932,0.5841019146154666,0.3074732549698454,20.24788562943553,,pso,57
2,0.2971138707155167,40,131.56791374022296,68.43208625977704,85.0,17,30.0,60.0,2.0,True,0.18539538433407887,0.6112605173367888,0.2971138707155167,20.198440681972087,,pso,57
3,0.2891619247406476,60,109.99753903885227,90.00246096114773,80.0,16,10.0,20.0,2.0,True,0.1957942893268979,0.605511772824731,0.2891619247406476,19.89442141386596,,pso,57
4,0.2849665183181297,80,139.15753903885226,60.84246096114774,90.0,18,15.0,30.0,2.0,True,0.1965617279832721,0.5927391068749224,0.2849665183181297,19.63160398251431,,pso,57
5,0.2849665183181297,100,139.15753903885226,60.84246096114774,90.0,18,15.0,30.0,2.0,True,0.1965617279832721,0.5927391068749224,0.2849665183181297,19.63160398251431,,pso,57
6,0.2849665183181297,120,139.15753903885226,60.84246096114774,90.0,18,15.0,30.0,2.0,True,0.1965617279832721,0.5927391068749224,0.2849665183181297,19.63160398251431,,pso,57
7,0.2849665183181297,140,139.15753903885226,60.84246096114774,90.0,18,15.0,30.0,2.0,True,0.1965617279832721,0.5927391068749224,0.2849665183181297,19.63160398251431,,pso,57
8,0.2843989733611701,160,128.12810829879703,71.87189170120297,85.0,17,15.0,30.0,2.0,True,0.19690753819670542,0.6083137007731292,0.2843989733611701,19.601036956016458,,pso,57
9,0.2843989733611701,180,128.12810829879703,71.87189170120297,85.0,17,15.0,30.0,2.0,True,0.19690753819670542,0.6083137007731292,0.2843989733611701,19.601036956016458,,pso,57
10,0.2843989733611701,200,128.12810829879703,71.87189170120297,85.0,17,15.0,30.0,2.0,True,0.19690753819670542,0.6083137007731292,0.2843989733611701,19.601036956016458,,pso,57
11,0.2843989733611701,220,128.12810829879703,71.87189170120297,85.0,17,15.0,30.0,2.0,True,0.19690753819670542,0.6083137007731292,0.2843989733611701,19.601036956016458,,pso,57
12,0.28403551650472614,240,132.5454789657403,67.4545210342597,85.0,17,20.0,40.0,2.0,True,0.1993818734006832,0.6155161554433349,0.28403551650472614,19.64316303239215,,pso,57
13,0.28403551650472614,260,132.5454789657403,67.4545210342597,85.0,17,20.0,40.0,2.0,True,0.1993818734006832,0.6155161554433349,0.28403551650472614,19.64316303239215,,pso,57
14,0.28403551650472614,280,132.5454789657403,67.4545210342597,85.0,17,20.0,40.0,2.0,True,0.1993818734006832,0.6155161554433349,0.28403551650472614,19.64316303239215,,pso,57
15,0.28403551650472614,300,132.5454789657403,67.4545210342597,85.0,17,20.0,40.0,2.0,True,0.1993818734006832,0.6155161554433349,0.28403551650472614,19.64316303239215,,pso,57
16,0.28403551650472614,320,132.5454789657403,67.4545210342597,85.0,17,20.0,40.0,2.0,True,0.1993818734006832,0.6155161554433349,0.28403551650472614,19.64316303239215,,pso,57
17,0.284016708540679,340,132.50301386904178,67.49698613095822,85.0,17,20.0,40.0,2.0,True,0.19934661363549358,0.6155671038373017,0.284016708540679,19.640986152407528,,pso,57
18,0.284016708540679,360,132.50301386904178,67.49698613095822,85.0,17,20.0,40.0,2.0,True,0.19934661363549358,0.6155671038373017,0.284016708540679,19.640986152407528,,pso,57
19,0.284016708540679,380,132.50301386904178,67.49698613095822,85.0,17,20.0,40.0,2.0,True,0.19934661363549358,0.6155671038373017,0.284016708540679,19.640986152407528,,pso,57
20,0.284016708540679,400,132.50301386904178,67.49698613095822,85.0,17,20.0,40.0,2.0,True,0.19934661363549358,0.6155671038373017,0.284016708540679,19.640986152407528,,pso,57
21,0.284016708540679,420,132.50301386904178,67.49698613095822,85.0,17,20.0,40.0,2.0,True,0.19934661363549358,0.6155671038373017,0.284016708540679,19.640986152407528,,pso,57
22,0.284016708540679,440,132.50301386904178,67.49698613095822,85.0,17,20.0,40.0,2.0,True,0.19934661363549358,0.6155671038373017,0.284016708540679,19.640986152407528,,pso,57
23,0.284016708540679,460,132.50301386904178,67.49698613095822,85.0,17,20.0,40.0,2.0,True,0.19934661363549358,0.6155671038373017,0.284016708540679,19.640986152407528,,pso,57
24,0.2840163961262439,480,132.5022911146021,67.49770888539791,85.0,17,20.0,40.0,2.0,True,0.19934601353813206,0.615567950150054,0.2840163961262439,19.64094976963736,,pso,57
25,0.2840163961262439,500,132.5022911146021,67.49770888539791,85.0,17,20.0,40.0,2.0,True,0.19934601353813206,0.615567950150054,0.2840163961262439,19.64094976963736,,pso,57
26,0.2840163961262439,520,132.5022911146021,67.49770888539791,85.0,17,20.0,40.0,2.0,True,0.19934601353813206,0.615567950150054,0.2840163961262439,19.64094976963736,,pso,57
27,0.2840163961262439,540,132.5022911146021,67.49770888539791,85.0,17,20.0,40.0,2.0,True,0.19934601353813206,0.615567950150054,0.2840163961262439,19.64094976963736,,pso,57
28,0.2840163961262439,560,132.5022911146021,67.49770888539791,85.0,17,20.0,40.0,2.0,True,0.19934601353813206,0.615567950150054,0.2840163961262439,19.64094976963736,,pso,57
29,0.2840163961262439,580,132.5022911146021,67.49770888539791,85.0,17,20.0,40.0,2.0,True,0.19934601353813206,0.615567950150054,0.2840163961262439,19.64094976963736,,pso,57
30,0.2840163961262439,600,132.5022911146021,67.49770888539791,85.0,17,20.0,40.0,2.0,True,0.19934601353813206,0.615567950150054,0.2840163961262439,19.64094976963736,,pso,57
1,0.3297198986805681,20,105.31442993203606,94.68557006796394,95.0,19,25.0,50.0,2.0,True,0.09940422407540536,0.5574063862000825,0.3297198986805681,20.262851902905155,,pso,58
2,0.2859425498477007,40,154.70383378933042,45.29616621066958,95.0,19,35.0,35.0,1.0,True,0.19669694189294815,0.5855201500601888,0.2859425498477007,19.715100062122453,,pso,58
3,0.2859425498477007,60,154.70383378933042,45.29616621066958,95.0,19,35.0,35.0,1.0,True,0.19669694189294815,0.5855201500601888,0.2859425498477007,19.715100062122453,,pso,58
4,0.2859425498477007,80,154.70383378933042,45.29616621066958,95.0,19,35.0,35.0,1.0,True,0.19669694189294815,0.5855201500601888,0.2859425498477007,19.715100062122453,,pso,58
5,0.2859425498477007,100,154.70383378933042,45.29616621066958,95.0,19,35.0,35.0,1.0,True,0.19669694189294815,0.5855201500601888,0.2859425498477007,19.715100062122453,,pso,58
6,0.2859425498477007,120,154.70383378933042,45.29616621066958,95.0,19,35.0,35.0,1.0,True,0.19669694189294815,0.5855201500601888,0.2859425498477007,19.715100062122453,,pso,58
7,0.2859425498477007,140,154.70383378933042,45.29616621066958,95.0,19,35.0,35.0,1.0,True,0.19669694189294815,0.5855201500601888,0.2859425498477007,19.715100062122453,,pso,58
8,0.28490282788070376,160,155.62979584434737,44.37020415565263,95.0,19,30.0,30.0,1.0,True,0.1980579267347325,0.5834854460606891,0.28490282788070376,19.676290653586907,,pso,58
9,0.28490282788070376,180,155.62979584434737,44.37020415565263,95.0,19,30.0,30.0,1.0,True,0.1980579267347325,0.5834854460606891,0.28490282788070376,19.676290653586907,,pso,58
10,0.28426478969052965,200,154.93160485765407,45.068395142345935,95.0,19,30.0,30.0,1.0,True,0.19801455881425678,0.5845804721467139,0.28426478969052965,19.630896763895368,,pso,58
11,0.2841693306713524,220,154.71679362151187,45.28320637848813,95.0,19,30.0,30.0,1.0,True,0.19781741867400252,0.5848449447497142,0.2841693306713524,19.619394226740226,,pso,58
12,0.28353262662951956,240,153.25832267289107,46.74167732710893,95.0,19,30.0,30.0,1.0,True,0.1966764285293165,0.58647379440914,0.28353262662951956,19.547129300859677,,pso,58
13,0.28353262662951956,260,153.25832267289107,46.74167732710893,95.0,19,30.0,30.0,1.0,True,0.1966764285293165,0.58647379440914,0.28353262662951956,19.547129300859677,,pso,58
14,0.2833679172285443,280,152.89050795169095,47.10949204830905,95.0,19,30.0,30.0,1.0,True,0.196454428843619,0.5868490594370414,0.2833679172285443,19.53014995196122,,pso,58
15,0.2832223266313598,300,152.5454411521135,47.45455884788649,95.0,19,30.0,30.0,1.0,True,0.19607525237369702,0.5873046635442173,0.2832223266313598,19.51079988196343,,pso,58
16,0.28150805450423116,320,152.87123208392006,47.12876791607994,95.0,19,25.0,25.0,1.0,True,0.19890019966849293,0.5854135385237637,0.28150805450423116,19.459295286054306,,pso,58
17,0.2813681359884039,340,152.53451707037252,47.465482929627484,95.0,19,25.0,25.0,1.0,True,0.19852456698728457,0.585857788416367,0.2813681359884039,19.44043155262146,,pso,58
18,0.2813681359884039,360,152.53451707037252,47.465482929627484,95.0,19,25.0,25.0,1.0,True,0.19852456698728457,0.585857788416367,0.2813681359884039,19.44043155262146,,pso,58
19,0.2813681359884039,380,152.53451707037252,47.465482929627484,95.0,19,25.0,25.0,1.0,True,0.19852456698728457,0.585857788416367,0.2813681359884039,19.44043155262146,,pso,58
20,0.2813681359884039,400,152.53451707037252,47.465482929627484,95.0,19,25.0,25.0,1.0,True,0.19852456698728457,0.585857788416367,0.2813681359884039,19.44043155262146,,pso,58
21,0.2813681359884039,420,152.53451707037252,47.465482929627484,95.0,19,25.0,25.0,1.0,True,0.19852456698728457,0.585857788416367,0.2813681359884039,19.44043155262146,,pso,58
22,0.28135751814203575,440,152.50852792720661,47.491472072793385,95.0,19,25.0,25.0,1.0,True,0.1985023780069528,0.5858866266420756,0.28135751814203575,19.43915761106615,,pso,58
23,0.28135751814203575,460,152.50852792720661,47.491472072793385,95.0,19,25.0,25.0,1.0,True,0.1985023780069528,0.5858866266420756,0.28135751814203575,19.43915761106615,,pso,58
24,0.28135751814203575,480,152.50852792720661,47.491472072793385,95.0,19,25.0,25.0,1.0,True,0.1985023780069528,0.5858866266420756,0.28135751814203575,19.43915761106615,,pso,58
25,0.28135751814203575,500,152.50852792720661,47.491472072793385,95.0,19,25.0,25.0,1.0,True,0.1985023780069528,0.5858866266420756,0.28135751814203575,19.43915761106615,,pso,58
26,0.28135751814203575,520,152.50852792720661,47.491472072793385,95.0,19,25.0,25.0,1.0,True,0.1985023780069528,0.5858866266420756,0.28135751814203575,19.43915761106615,,pso,58
27,0.28135751814203575,540,152.50852792720661,47.491472072793385,95.0,19,25.0,25.0,1.0,True,0.1985023780069528,0.5858866266420756,0.28135751814203575,19.43915761106615,,pso,58
28,0.28135751814203575,560,152.50852792720661,47.491472072793385,95.0,19,25.0,25.0,1.0,True,0.1985023780069528,0.5858866266420756,0.28135751814203575,19.43915761106615,,pso,58
29,0.28135751814203575,580,152.50852792720661,47.491472072793385,95.0,19,25.0,25.0,1.0,True,0.1985023780069528,0.5858866266420756,0.28135751814203575,19.43915761106615,,pso,58
30,0.28135751814203575,600,152.50852792720661,47.491472072793385,95.0,19,25.0,25.0,1.0,True,0.1985023780069528,0.5858866266420756,0.28135751814203575,19.43915761106615,,pso,58
1,0.2918397588200693,20,117.54943173327285,82.45056826672715,90.0,18,5.0,10.0,2.0,True,0.18678757155253806,0.5655141704280549,0.2918397588200693,19.848144518943293,,pso,59
2,0.2918397588200693,40,117.54943173327285,82.45056826672715,90.0,18,5.0,10.0,2.0,True,0.18678757155253806,0.5655141704280549,0.2918397588200693,19.848144518943293,,pso,59
3,0.2918397588200693,60,117.54943173327285,82.45056826672715,90.0,18,5.0,10.0,2.0,True,0.18678757155253806,0.5655141704280549,0.2918397588200693,19.848144518943293,,pso,59
4,0.288618466083739,80,123.84309202072657,76.15690797927343,90.0,18,5.0,10.0,2.0,True,0.19695853489561532,0.5670592015730079,0.288618466083739,19.877801275641104,,pso,59
5,0.28433239480227934,100,132.7831599857709,67.21684001422909,90.0,18,10.0,20.0,2.0,True,0.1985149538170601,0.5840783122129206,0.28433239480227934,19.627219624583045,,pso,59
6,0.28433239480227934,120,132.7831599857709,67.21684001422909,90.0,18,10.0,20.0,2.0,True,0.1985149538170601,0.5840783122129206,0.28433239480227934,19.627219624583045,,pso,59
7,0.28433239480227934,140,132.7831599857709,67.21684001422909,90.0,18,10.0,20.0,2.0,True,0.1985149538170601,0.5840783122129206,0.28433239480227934,19.627219624583045,,pso,59
8,0.28433239480227934,160,132.7831599857709,67.21684001422909,90.0,18,10.0,20.0,2.0,True,0.1985149538170601,0.5840783122129206,0.28433239480227934,19.627219624583045,,pso,59
9,0.28433239480227934,180,132.7831599857709,67.21684001422909,90.0,18,10.0,20.0,2.0,True,0.1985149538170601,0.5840783122129206,0.28433239480227934,19.627219624583045,,pso,59
10,0.28433239480227934,200,132.7831599857709,67.21684001422909,90.0,18,10.0,20.0,2.0,True,0.1985149538170601,0.5840783122129206,0.28433239480227934,19.627219624583045,,pso,59
11,0.28433239480227934,220,132.7831599857709,67.21684001422909,90.0,18,10.0,20.0,2.0,True,0.1985149538170601,0.5840783122129206,0.28433239480227934,19.627219624583045,,pso,59
12,0.28433239480227934,240,132.7831599857709,67.21684001422909,90.0,18,10.0,20.0,2.0,True,0.1985149538170601,0.5840783122129206,0.28433239480227934,19.627219624583045,,pso,59
13,0.28433239480227934,260,132.7831599857709,67.21684001422909,90.0,18,10.0,20.0,2.0,True,0.1985149538170601,0.5840783122129206,0.28433239480227934,19.627219624583045,,pso,59
14,0.28433239480227934,280,132.7831599857709,67.21684001422909,90.0,18,10.0,20.0,2.0,True,0.1985149538170601,0.5840783122129206,0.28433239480227934,19.627219624583045,,pso,59
15,0.284239515065998,300,132.56951512843463,67.43048487156537,90.0,18,10.0,20.0,2.0,True,0.19818676787525324,0.5844264859588321,0.284239515065998,19.612768624512718,,pso,59
16,0.28414453086282276,320,133.3895163671946,66.6104836328054,90.0,18,15.0,15.0,1.0,True,0.19497863847109254,0.5856484035775817,0.28414453086282276,19.53239393844907,,pso,59
17,0.28414453086282276,340,133.3895163671946,66.6104836328054,90.0,18,15.0,15.0,1.0,True,0.19497863847109254,0.5856484035775817,0.28414453086282276,19.53239393844907,,pso,59
18,0.28414453086282276,360,133.3895163671946,66.6104836328054,90.0,18,15.0,15.0,1.0,True,0.19497863847109254,0.5856484035775817,0.28414453086282276,19.53239393844907,,pso,59
19,0.28414453086282276,380,133.3895163671946,66.6104836328054,90.0,18,15.0,15.0,1.0,True,0.19497863847109254,0.5856484035775817,0.28414453086282276,19.53239393844907,,pso,59
20,0.28410506036184086,400,133.3007424726132,66.6992575273868,90.0,18,15.0,15.0,1.0,True,0.19486139837645794,0.5857810866656714,0.28410506036184086,19.52682636075298,,pso,59
21,0.28410506036184086,420,133.3007424726132,66.6992575273868,90.0,18,15.0,15.0,1.0,True,0.19486139837645794,0.5857810866656714,0.28410506036184086,19.52682636075298,,pso,59
22,0.28410506036184086,440,133.3007424726132,66.6992575273868,90.0,18,15.0,15.0,1.0,True,0.19486139837645794,0.5857810866656714,0.28410506036184086,19.52682636075298,,pso,59
23,0.284070576352202,460,133.22629865522947,66.77370134477053,90.0,18,15.0,15.0,1.0,True,0.19482433304846425,0.5858511950086164,0.284070576352202,19.52353091278261,,pso,59
24,0.2837815248443918,480,132.589247860095,67.41075213990499,90.0,18,15.0,15.0,1.0,True,0.19429401591589635,0.5865931614856372,0.2837815248443918,19.490642534576985,,pso,59
25,0.28375593614425326,500,132.52778025296908,67.47221974703092,90.0,18,15.0,15.0,1.0,True,0.19419471666121343,0.5866942624416612,0.28375593614425326,19.486493404188053,,pso,59
26,0.28375593614425326,520,132.52778025296908,67.47221974703092,90.0,18,15.0,15.0,1.0,True,0.19419471666121343,0.5866942624416612,0.28375593614425326,19.486493404188053,,pso,59
27,0.2837554957018309,540,132.5267667183067,67.4732332816933,90.0,18,15.0,15.0,1.0,True,0.19419389345197843,0.5866953822247396,0.2837554957018309,19.486443178196375,,pso,59
28,0.2837554957018309,560,132.5267667183067,67.4732332816933,90.0,18,15.0,15.0,1.0,True,0.19419389345197843,0.5866953822247396,0.2837554957018309,19.486443178196375,,pso,59
29,0.2837554957018309,580,132.5267667183067,67.4732332816933,90.0,18,15.0,15.0,1.0,True,0.19419389345197843,0.5866953822247396,0.2837554957018309,19.486443178196375,,pso,59
30,0.2837554957018309,600,132.5267667183067,67.4732332816933,90.0,18,15.0,15.0,1.0,True,0.19419389345197843,0.5866953822247396,0.2837554957018309,19.486443178196375,,pso,59
1,0.2959384938326014,20,94.51259512716734,105.48740487283266,80.0,16,5.0,5.0,1.0,True,0.19421693996006936,0.5768525841069094,0.2959384938326014,20.31220773602551,,pso,60
2,0.29213516069084383,40,97.7312341488506,102.2687658511494,75.0,15,25.0,25.0,1.0,True,0.18913443702081437,0.6281131037450094,0.29213516069084383,19.946227682946965,,pso,60
3,0.29213516069084383,60,97.7312341488506,102.2687658511494,75.0,15,25.0,25.0,1.0,True,0.18913443702081437,0.6281131037450094,0.29213516069084383,19.946227682946965,,pso,60
4,0.29010495203917575,80,105.84602460244164,94.15397539755836,75.0,15,25.0,25.0,1.0,True,0.19720996740627367,0.6298593102443988,0.29010495203917575,20.007570219802464,,pso,60
5,0.29010495203917575,100,105.84602460244164,94.15397539755836,75.0,15,25.0,25.0,1.0,True,0.19720996740627367,0.6298593102443988,0.29010495203917575,20.007570219802464,,pso,60
6,0.2865109096877161,120,118.39614031449781,81.60385968550219,80.0,16,30.0,30.0,1.0,True,0.19663965733820754,0.6245018782528327,0.2865109096877161,19.746608058891823,,pso,60
7,0.2865109096877161,140,118.39614031449781,81.60385968550219,80.0,16,30.0,30.0,1.0,True,0.19663965733820754,0.6245018782528327,0.2865109096877161,19.746608058891823,,pso,60
8,0.2825324026486585,160,128.15878525736747,71.84121474263253,85.0,17,20.0,20.0,1.0,True,0.19695598309823212,0.6078463695480796,0.2825324026486585,19.476189273555274,,pso,60
9,0.2825324026486585,180,128.15878525736747,71.84121474263253,85.0,17,20.0,20.0,1.0,True,0.19695598309823212,0.6078463695480796,0.2825324026486585,19.476189273555274,,pso,60
10,0.2825324026486585,200,128.15878525736747,71.84121474263253,85.0,17,20.0,20.0,1.0,True,0.19695598309823212,0.6078463695480796,0.2825324026486585,19.476189273555274,,pso,60
11,0.2825324026486585,220,128.15878525736747,71.84121474263253,85.0,17,20.0,20.0,1.0,True,0.19695598309823212,0.6078463695480796,0.2825324026486585,19.476189273555274,,pso,60
12,0.2825324026486585,240,128.15878525736747,71.84121474263253,85.0,17,20.0,20.0,1.0,True,0.19695598309823212,0.6078463695480796,0.2825324026486585,19.476189273555274,,pso,60
13,0.2825324026486585,260,128.15878525736747,71.84121474263253,85.0,17,20.0,20.0,1.0,True,0.19695598309823212,0.6078463695480796,0.2825324026486585,19.476189273555274,,pso,60
14,0.2822945234258816,280,127.62663012588366,72.37336987411634,85.0,17,20.0,20.0,1.0,True,0.1964465495893553,0.6085285137090143,0.2822945234258816,19.44737117309383,,pso,60
15,0.2822945234258816,300,127.62663012588366,72.37336987411634,85.0,17,20.0,20.0,1.0,True,0.1964465495893553,0.6085285137090143,0.2822945234258816,19.44737117309383,,pso,60
16,0.2822945234258816,320,127.62663012588366,72.37336987411634,85.0,17,20.0,20.0,1.0,True,0.1964465495893553,0.6085285137090143,0.2822945234258816,19.44737117309383,,pso,60
17,0.2822945234258816,340,127.62663012588366,72.37336987411634,85.0,17,20.0,20.0,1.0,True,0.1964465495893553,0.6085285137090143,0.2822945234258816,19.44737117309383,,pso,60
18,0.2822945234258816,360,127.62663012588366,72.37336987411634,85.0,17,20.0,20.0,1.0,True,0.1964465495893553,0.6085285137090143,0.2822945234258816,19.44737117309383,,pso,60
19,0.2822945234258816,380,127.62663012588366,72.37336987411634,85.0,17,20.0,20.0,1.0,True,0.1964465495893553,0.6085285137090143,0.2822945234258816,19.44737117309383,,pso,60
20,0.2822945234258816,400,127.62663012588366,72.37336987411634,85.0,17,20.0,20.0,1.0,True,0.1964465495893553,0.6085285137090143,0.2822945234258816,19.44737117309383,,pso,60
21,0.2822945234258816,420,127.62663012588366,72.37336987411634,85.0,17,20.0,20.0,1.0,True,0.1964465495893553,0.6085285137090143,0.2822945234258816,19.44737117309383,,pso,60
22,0.2822945234258816,440,127.62663012588366,72.37336987411634,85.0,17,20.0,20.0,1.0,True,0.1964465495893553,0.6085285137090143,0.2822945234258816,19.44737117309383,,pso,60
23,0.28225424901609025,460,127.53519716209473,72.46480283790527,85.0,17,20.0,20.0,1.0,True,0.19637620983489834,0.6086313369204395,0.28225424901609025,19.44288562674063,,pso,60
24,0.28225424901609025,480,127.53519716209473,72.46480283790527,85.0,17,20.0,20.0,1.0,True,0.19637620983489834,0.6086313369204395,0.28225424901609025,19.44288562674063,,pso,60
25,0.28224101958810316,500,127.50878025076825,72.49121974923175,85.0,17,20.0,20.0,1.0,True,0.19637588968619243,0.6086500982038575,0.28224101958810316,19.441939595031837,,pso,60
26,0.28224101958810316,520,127.50878025076825,72.49121974923175,85.0,17,20.0,20.0,1.0,True,0.19637588968619243,0.6086500982038575,0.28224101958810316,19.441939595031837,,pso,60
27,0.28224101958810316,540,127.50878025076825,72.49121974923175,85.0,17,20.0,20.0,1.0,True,0.19637588968619243,0.6086500982038575,0.28224101958810316,19.441939595031837,,pso,60
28,0.28224101958810316,560,127.50878025076825,72.49121974923175,85.0,17,20.0,20.0,1.0,True,0.19637588968619243,0.6086500982038575,0.28224101958810316,19.441939595031837,,pso,60
29,0.28224101958810316,580,127.50878025076825,72.49121974923175,85.0,17,20.0,20.0,1.0,True,0.19637588968619243,0.6086500982038575,0.28224101958810316,19.441939595031837,,pso,60
30,0.28224101958810316,600,127.50878025076825,72.49121974923175,85.0,17,20.0,20.0,1.0,True,0.19637588968619243,0.6086500982038575,0.28224101958810316,19.441939595031837,,pso,60
1,0.292810049022829,20,114.6254759564704,85.3745240435296,85.0,17,10.0,20.0,2.0,True,0.1832103687402494,0.5890883285263393,0.292810049022829,19.83386398252628,,pso,61
2,0.292810049022829,40,114.6254759564704,85.3745240435296,85.0,17,10.0,20.0,2.0,True,0.1832103687402494,0.5890883285263393,0.292810049022829,19.83386398252628,,pso,61
3,0.292810049022829,60,114.6254759564704,85.3745240435296,85.0,17,10.0,20.0,2.0,True,0.1832103687402494,0.5890883285263393,0.292810049022829,19.83386398252628,,pso,61
4,0.28978814502228717,80,130.9278222021467,69.0721777978533,85.0,17,20.0,40.0,2.0,True,0.19107264248160397,0.6089233602890841,0.28978814502228717,19.83461711579413,,pso,61
5,0.28633077206862173,100,155.86954749661646,44.13045250338354,95.0,19,20.0,40.0,2.0,True,0.19844097907024016,0.5832777792414223,0.28633077206862173,19.781389285957157,,pso,61
6,0.28512087255634994,120,149.3048682684859,50.695131731514095,95.0,19,15.0,30.0,2.0,True,0.19733836648260547,0.5784573782735654,0.28512087255634994,19.661227337675268,,pso,61
7,0.28512087255634994,140,149.3048682684859,50.695131731514095,95.0,19,15.0,30.0,2.0,True,0.19733836648260547,0.5784573782735654,0.28512087255634994,19.661227337675268,,pso,61
8,0.28512087255634994,160,149.3048682684859,50.695131731514095,95.0,19,15.0,30.0,2.0,True,0.19733836648260547,0.5784573782735654,0.28512087255634994,19.661227337675268,,pso,61
9,0.28512087255634994,180,149.3048682684859,50.695131731514095,95.0,19,15.0,30.0,2.0,True,0.19733836648260547,0.5784573782735654,0.28512087255634994,19.661227337675268,,pso,61
10,0.28476691351360334,200,162.85552063478607,37.144479365213925,100.0,20,20.0,40.0,2.0,True,0.19675921699688387,0.5741126579164192,0.28476691351360334,19.632770363046937,,pso,61
11,0.28475964897352585,220,143.76178245546737,56.23821754453263,90.0,18,20.0,40.0,2.0,True,0.1980943335502302,0.5999054201927333,0.28475964897352585,19.662517042283632,,pso,61
12,0.28475964897352585,240,143.76178245546737,56.23821754453263,90.0,18,20.0,40.0,2.0,True,0.1980943335502302,0.5999054201927333,0.28475964897352585,19.662517042283632,,pso,61
13,0.28475964897352585,260,143.76178245546737,56.23821754453263,90.0,18,20.0,40.0,2.0,True,0.1980943335502302,0.5999054201927333,0.28475964897352585,19.662517042283632,,pso,61
14,0.28475964897352585,280,143.76178245546737,56.23821754453263,90.0,18,20.0,40.0,2.0,True,0.1980943335502302,0.5999054201927333,0.28475964897352585,19.662517042283632,,pso,61
15,0.28475964897352585,300,143.76178245546737,56.23821754453263,90.0,18,20.0,40.0,2.0,True,0.1980943335502302,0.5999054201927333,0.28475964897352585,19.662517042283632,,pso,61
16,0.28475964897352585,320,143.76178245546737,56.23821754453263,90.0,18,20.0,40.0,2.0,True,0.1980943335502302,0.5999054201927333,0.28475964897352585,19.662517042283632,,pso,61
17,0.2842407991153782,340,142.58240787883784,57.41759212116216,90.0,18,20.0,40.0,2.0,True,0.19700158975311666,0.6013763315387517,0.2842407991153782,19.59962842369104,,pso,61
18,0.2842407991153782,360,142.58240787883784,57.41759212116216,90.0,18,20.0,40.0,2.0,True,0.19700158975311666,0.6013763315387517,0.2842407991153782,19.59962842369104,,pso,61
19,0.2842407991153782,380,142.58240787883784,57.41759212116216,90.0,18,20.0,40.0,2.0,True,0.19700158975311666,0.6013763315387517,0.2842407991153782,19.59962842369104,,pso,61
20,0.2842407991153782,400,142.58240787883784,57.41759212116216,90.0,18,20.0,40.0,2.0,True,0.19700158975311666,0.6013763315387517,0.2842407991153782,19.59962842369104,,pso,61
21,0.2842407991153782,420,142.58240787883784,57.41759212116216,90.0,18,20.0,40.0,2.0,True,0.19700158975311666,0.6013763315387517,0.2842407991153782,19.59962842369104,,pso,61
22,0.2842407991153782,440,142.58240787883784,57.41759212116216,90.0,18,20.0,40.0,2.0,True,0.19700158975311666,0.6013763315387517,0.2842407991153782,19.59962842369104,,pso,61
23,0.2842204972302043,460,142.53460901791453,57.46539098208547,90.0,18,20.0,40.0,2.0,True,0.19696055781330532,0.6014317557799019,0.2842204972302043,19.597222634971843,,pso,61
24,0.2842204972302043,480,142.53460901791453,57.46539098208547,90.0,18,20.0,40.0,2.0,True,0.19696055781330532,0.6014317557799019,0.2842204972302043,19.597222634971843,,pso,61
25,0.2842103358139502,500,142.51068346235357,57.48931653764643,90.0,18,20.0,40.0,2.0,True,0.1969400425317586,0.6014594817256543,0.2842103358139502,19.596019128737993,,pso,61
26,0.2842103358139502,520,142.51068346235357,57.48931653764643,90.0,18,20.0,40.0,2.0,True,0.1969400425317586,0.6014594817256543,0.2842103358139502,19.596019128737993,,pso,61
27,0.2842103358139502,540,142.51068346235357,57.48931653764643,90.0,18,20.0,40.0,2.0,True,0.1969400425317586,0.6014594817256543,0.2842103358139502,19.596019128737993,,pso,61
28,0.2842103358139502,560,142.51068346235357,57.48931653764643,90.0,18,20.0,40.0,2.0,True,0.1969400425317586,0.6014594817256543,0.2842103358139502,19.596019128737993,,pso,61
29,0.2842103358139502,580,142.51068346235357,57.48931653764643,90.0,18,20.0,40.0,2.0,True,0.1969400425317586,0.6014594817256543,0.2842103358139502,19.596019128737993,,pso,61
30,0.2842103358139502,600,142.51068346235357,57.48931653764643,90.0,18,20.0,40.0,2.0,True,0.1969400425317586,0.6014594817256543,0.2842103358139502,19.596019128737993,,pso,61
1,0.30268857068836075,20,103.04700099626262,96.95299900373738,75.0,15,35.0,70.0,2.0,True,0.18471862452814752,0.6410948677422319,0.30268857068836075,20.563215990915978,,pso,62
2,0.29468963163903517,40,111.30642236137423,88.69357763862577,85.0,17,5.0,10.0,2.0,True,0.19006715303630606,0.5727400820498786,0.29468963163903517,20.12355530230399,,pso,62
3,0.29112141303558614,60,127.74372874728535,72.25627125271465,85.0,17,25.0,50.0,2.0,True,0.18689103321802036,0.6145655804479976,0.29112141303558614,19.825618991483477,,pso,62
4,0.2875290953634077,80,142.1862905652169,57.81370943478311,90.0,18,15.0,30.0,2.0,True,0.19648401128135543,0.5886613640945371,0.2875290953634077,19.806413051139614,,pso,62
5,0.2875290953634077,100,142.1862905652169,57.81370943478311,90.0,18,15.0,30.0,2.0,True,0.19648401128135543,0.5886613640945371,0.2875290953634077,19.806413051139614,,pso,62
6,0.28515861423511357,120,154.25794780811134,45.74205219188866,95.0,19,20.0,40.0,2.0,True,0.19802087397178825,0.5854147246814969,0.28515861423511357,19.68950454361455,,pso,62
7,0.28515861423511357,140,154.25794780811134,45.74205219188866,95.0,19,20.0,40.0,2.0,True,0.19802087397178825,0.5854147246814969,0.28515861423511357,19.68950454361455,,pso,62
8,0.28457188225836827,160,152.90241778791207,47.09758221208793,95.0,19,20.0,40.0,2.0,True,0.19656873113010676,0.5872043029380122,0.28457188225836827,19.61299866835192,,pso,62
9,0.28457188225836827,180,152.90241778791207,47.09758221208793,95.0,19,20.0,40.0,2.0,True,0.19656873113010676,0.5872043029380122,0.28457188225836827,19.61299866835192,,pso,62
10,0.28457188225836827,200,152.90241778791207,47.09758221208793,95.0,19,20.0,40.0,2.0,True,0.19656873113010676,0.5872043029380122,0.28457188225836827,19.61299866835192,,pso,62
11,0.28457188225836827,220,152.90241778791207,47.09758221208793,95.0,19,20.0,40.0,2.0,True,0.19656873113010676,0.5872043029380122,0.28457188225836827,19.61299866835192,,pso,62
12,0.28449150472307916,240,152.7131894290245,47.28681057097549,95.0,19,20.0,40.0,2.0,True,0.1963903127143969,0.5874332335883812,0.28449150472307916,19.603052808003365,,pso,62
13,0.2844808538683793,260,152.68730261680534,47.31269738319466,95.0,19,20.0,40.0,2.0,True,0.1963679441159547,0.5874622067449544,0.2844808538683793,19.601771042699678,,pso,62
14,0.2844808538683793,280,152.68730261680534,47.31269738319466,95.0,19,20.0,40.0,2.0,True,0.1963679441159547,0.5874622067449544,0.2844808538683793,19.601771042699678,,pso,62
15,0.2844808538683793,300,152.68730261680534,47.31269738319466,95.0,19,20.0,40.0,2.0,True,0.1963679441159547,0.5874622067449544,0.2844808538683793,19.601771042699678,,pso,62
16,0.28441061487168423,320,142.9629451039273,57.0370548960727,90.0,18,20.0,40.0,2.0,True,0.19733434193597232,0.6009092696182117,0.28441061487168423,19.61964016452101,,pso,62
17,0.28441061487168423,340,142.9629451039273,57.0370548960727,90.0,18,20.0,40.0,2.0,True,0.19733434193597232,0.6009092696182117,0.28441061487168423,19.61964016452101,,pso,62
18,0.28441061487168423,360,142.9629451039273,57.0370548960727,90.0,18,20.0,40.0,2.0,True,0.19733434193597232,0.6009092696182117,0.28441061487168423,19.61964016452101,,pso,62
19,0.28441061487168423,380,142.9629451039273,57.0370548960727,90.0,18,20.0,40.0,2.0,True,0.19733434193597232,0.6009092696182117,0.28441061487168423,19.61964016452101,,pso,62
20,0.28441061487168423,400,142.9629451039273,57.0370548960727,90.0,18,20.0,40.0,2.0,True,0.19733434193597232,0.6009092696182117,0.28441061487168423,19.61964016452101,,pso,62
21,0.28437175880905763,420,142.87483973682978,57.125160263170216,90.0,18,20.0,40.0,2.0,True,0.1972111154144222,0.6010508764281062,0.28437175880905763,19.61391187364563,,pso,62
22,0.2842447449592227,440,142.59169754045956,57.40830245954044,90.0,18,20.0,40.0,2.0,True,0.19700956619328983,0.6013655587386224,0.2842447449592227,19.600096075421515,,pso,62
23,0.2842447449592227,460,142.59169754045956,57.40830245954044,90.0,18,20.0,40.0,2.0,True,0.19700956619328983,0.6013655587386224,0.2842447449592227,19.600096075421515,,pso,62
24,0.284240597373354,480,142.58193291559868,57.418067084401315,90.0,18,20.0,40.0,2.0,True,0.19700118193590269,0.6013768823321232,0.284240597373354,19.599604513972118,,pso,62
25,0.284240597373354,500,142.58193291559868,57.418067084401315,90.0,18,20.0,40.0,2.0,True,0.19700118193590269,0.6013768823321232,0.284240597373354,19.599604513972118,,pso,62
26,0.284240597373354,520,142.58193291559868,57.418067084401315,90.0,18,20.0,40.0,2.0,True,0.19700118193590269,0.6013768823321232,0.284240597373354,19.599604513972118,,pso,62
27,0.283194328999949,540,139.1595374190489,60.84046258095111,90.0,18,20.0,20.0,1.0,True,0.1958858537400351,0.5927184156432982,0.283194328999949,19.496407165749478,,pso,62
28,0.283194328999949,560,139.1595374190489,60.84046258095111,90.0,18,20.0,20.0,1.0,True,0.1958858537400351,0.5927184156432982,0.283194328999949,19.496407165749478,,pso,62
29,0.283194328999949,580,139.1595374190489,60.84046258095111,90.0,18,20.0,20.0,1.0,True,0.1958858537400351,0.5927184156432982,0.283194328999949,19.496407165749478,,pso,62
30,0.2829844632567858,600,138.7073425773237,61.292657422676314,90.0,18,20.0,20.0,1.0,True,0.1955724816347484,0.5932202195618517,0.2829844632567858,19.474164158046705,,pso,62
1,0.29605582009038145,20,125.92580616321307,74.07419383678693,80.0,16,35.0,70.0,2.0,True,0.1976345330381866,0.630320506957477,0.29605582009038145,20.436870995334846,,pso,63
2,0.29605582009038145,40,125.92580616321307,74.07419383678693,80.0,16,35.0,70.0,2.0,True,0.1976345330381866,0.630320506957477,0.29605582009038145,20.436870995334846,,pso,63
3,0.29474406075198883,60,124.33602705047612,75.66397294952388,80.0,16,35.0,70.0,2.0,True,0.19777090540521117,0.6323555708337092,0.29474406075198883,20.349761992583325,,pso,63
4,0.29474406075198883,80,124.33602705047612,75.66397294952388,80.0,16,35.0,70.0,2.0,True,0.19777090540521117,0.6323555708337092,0.29474406075198883,20.349761992583325,,pso,63
5,0.285263671067719,100,129.98121224366082,70.01878775633918,85.0,17,15.0,30.0,2.0,True,0.19864437934468263,0.6058957147712889,0.285263671067719,19.70369218782087,,pso,63
6,0.285263671067719,120,129.98121224366082,70.01878775633918,85.0,17,15.0,30.0,2.0,True,0.19864437934468263,0.6058957147712889,0.285263671067719,19.70369218782087,,pso,63
7,0.285263671067719,140,129.98121224366082,70.01878775633918,85.0,17,15.0,30.0,2.0,True,0.19864437934468263,0.6058957147712889,0.285263671067719,19.70369218782087,,pso,63
8,0.285263671067719,160,129.98121224366082,70.01878775633918,85.0,17,15.0,30.0,2.0,True,0.19864437934468263,0.6058957147712889,0.285263671067719,19.70369218782087,,pso,63
9,0.2841183013998195,180,117.73583579968978,82.26416420031022,80.0,16,15.0,30.0,2.0,True,0.19973439352916503,0.6234628874129214,0.2841183013998195,19.6515983168717,,pso,63
10,0.2841183013998195,200,117.73583579968978,82.26416420031022,80.0,16,15.0,30.0,2.0,True,0.19973439352916503,0.6234628874129214,0.2841183013998195,19.6515983168717,,pso,63
11,0.2841183013998195,220,117.73583579968978,82.26416420031022,80.0,16,15.0,30.0,2.0,True,0.19973439352916503,0.6234628874129214,0.2841183013998195,19.6515983168717,,pso,63
12,0.2841183013998195,240,117.73583579968978,82.26416420031022,80.0,16,15.0,30.0,2.0,True,0.19973439352916503,0.6234628874129214,0.2841183013998195,19.6515983168717,,pso,63
13,0.2841183013998195,260,117.73583579968978,82.26416420031022,80.0,16,15.0,30.0,2.0,True,0.19973439352916503,0.6234628874129214,0.2841183013998195,19.6515983168717,,pso,63
14,0.2841183013998195,280,117.73583579968978,82.26416420031022,80.0,16,15.0,30.0,2.0,True,0.19973439352916503,0.6234628874129214,0.2841183013998195,19.6515983168717,,pso,63
15,0.2841183013998195,300,117.73583579968978,82.26416420031022,80.0,16,15.0,30.0,2.0,True,0.19973439352916503,0.6234628874129214,0.2841183013998195,19.6515983168717,,pso,63
16,0.2841183013998195,320,117.73583579968978,82.26416420031022,80.0,16,15.0,30.0,2.0,True,0.19973439352916503,0.6234628874129214,0.2841183013998195,19.6515983168717,,pso,63
17,0.2841183013998195,340,117.73583579968978,82.26416420031022,80.0,16,15.0,30.0,2.0,True,0.19973439352916503,0.6234628874129214,0.2841183013998195,19.6515983168717,,pso,63
18,0.2841183013998195,360,117.73583579968978,82.26416420031022,80.0,16,15.0,30.0,2.0,True,0.19973439352916503,0.6234628874129214,0.2841183013998195,19.6515983168717,,pso,63
19,0.2841183013998195,380,117.73583579968978,82.26416420031022,80.0,16,15.0,30.0,2.0,True,0.19973439352916503,0.6234628874129214,0.2841183013998195,19.6515983168717,,pso,63
20,0.2841183013998195,400,117.73583579968978,82.26416420031022,80.0,16,15.0,30.0,2.0,True,0.19973439352916503,0.6234628874129214,0.2841183013998195,19.6515983168717,,pso,63
21,0.2841183013998195,420,117.73583579968978,82.26416420031022,80.0,16,15.0,30.0,2.0,True,0.19973439352916503,0.6234628874129214,0.2841183013998195,19.6515983168717,,pso,63
22,0.2841183013998195,440,117.73583579968978,82.26416420031022,80.0,16,15.0,30.0,2.0,True,0.19973439352916503,0.6234628874129214,0.2841183013998195,19.6515983168717,,pso,63
23,0.28406289920181854,460,117.6142645876087,82.3857354123913,80.0,16,15.0,30.0,2.0,True,0.19964760452118271,0.6235998425195429,0.28406289920181854,19.64562775180182,,pso,63
24,0.28406289920181854,480,117.6142645876087,82.3857354123913,80.0,16,15.0,30.0,2.0,True,0.19964760452118271,0.6235998425195429,0.28406289920181854,19.64562775180182,,pso,63
25,0.28406289920181854,500,117.6142645876087,82.3857354123913,80.0,16,15.0,30.0,2.0,True,0.19964760452118271,0.6235998425195429,0.28406289920181854,19.64562775180182,,pso,63
26,0.28406289920181854,520,117.6142645876087,82.3857354123913,80.0,16,15.0,30.0,2.0,True,0.19964760452118271,0.6235998425195429,0.28406289920181854,19.64562775180182,,pso,63
27,0.28406289920181854,540,117.6142645876087,82.3857354123913,80.0,16,15.0,30.0,2.0,True,0.19964760452118271,0.6235998425195429,0.28406289920181854,19.64562775180182,,pso,63
28,0.2840208008930016,560,117.52087658433285,82.47912341566715,80.0,16,15.0,30.0,2.0,True,0.19957418274658478,0.6237091577445836,0.2840208008930016,19.64091367470942,,pso,63
29,0.2840208008930016,580,117.52087658433285,82.47912341566715,80.0,16,15.0,30.0,2.0,True,0.19957418274658478,0.6237091577445836,0.2840208008930016,19.64091367470942,,pso,63
30,0.2840208008930016,600,117.52087658433285,82.47912341566715,80.0,16,15.0,30.0,2.0,True,0.19957418274658478,0.6237091577445836,0.2840208008930016,19.64091367470942,,pso,63
1,0.30159385420762364,20,113.88290889316472,86.11709110683528,75.0,15,45.0,90.0,2.0,True,0.1994357603245477,0.6506687795714601,0.30159385420762364,20.870620010241204,,pso,64
2,0.30159385420762364,40,113.88290889316472,86.11709110683528,75.0,15,45.0,90.0,2.0,True,0.1994357603245477,0.6506687795714601,0.30159385420762364,20.870620010241204,,pso,64
3,0.2874356716859018,60,132.84374021716437,67.15625978283563,85.0,17,25.0,50.0,2.0,True,0.19688243511355555,0.6168272329462695,0.2874356716859018,19.818975739582786,,pso,64
4,0.2874356716859018,80,132.84374021716437,67.15625978283563,85.0,17,25.0,50.0,2.0,True,0.19688243511355555,0.6168272329462695,0.2874356716859018,19.818975739582786,,pso,64
5,0.28712634024688466,100,119.69928046220241,80.30071953779759,80.0,16,30.0,30.0,1.0,True,0.19763347262029313,0.6229479876993355,0.28712634024688466,19.81361958473304,,pso,64
6,0.28618764257296314,120,123.05192093319823,76.94807906680177,85.0,17,20.0,20.0,1.0,True,0.18699355086946143,0.6054506723292457,0.28618764257296314,19.485873608516954,,pso,64
7,0.28549013392201344,140,125.6405012511484,74.3594987488516,85.0,17,15.0,15.0,1.0,True,0.19682637880437967,0.5968588600719,0.28549013392201344,19.671106815345208,,pso,64
8,0.28254171912696197,160,128.17947248097354,71.82052751902646,85.0,17,20.0,20.0,1.0,True,0.1969715303075466,0.6078229811458978,0.28254171912696197,19.47721058197088,,pso,64
9,0.28246515165581737,180,128.00838704442262,71.99161295557738,85.0,17,20.0,20.0,1.0,True,0.19684190614267136,0.6080162038181333,0.28246515165581737,19.46877308108899,,pso,64
10,0.28246515165581737,200,128.00838704442262,71.99161295557738,85.0,17,20.0,20.0,1.0,True,0.19684190614267136,0.6080162038181333,0.28246515165581737,19.46877308108899,,pso,64
11,0.28246515165581737,220,128.00838704442262,71.99161295557738,85.0,17,20.0,20.0,1.0,True,0.19684190614267136,0.6080162038181333,0.28246515165581737,19.46877308108899,,pso,64
12,0.2823985096051671,240,127.86047102984246,72.13952897015754,85.0,17,20.0,20.0,1.0,True,0.19671352240667805,0.6081970421849838,0.2823985096051671,19.461041519086724,,pso,64
13,0.2823985096051671,260,127.86047102984246,72.13952897015754,85.0,17,20.0,20.0,1.0,True,0.19671352240667805,0.6081970421849838,0.2823985096051671,19.461041519086724,,pso,64
14,0.2823985096051671,280,127.86047102984246,72.13952897015754,85.0,17,20.0,20.0,1.0,True,0.19671352240667805,0.6081970421849838,0.2823985096051671,19.461041519086724,,pso,64
15,0.28233577712817687,300,127.72026540706696,72.27973459293304,85.0,17,20.0,20.0,1.0,True,0.19651865370126095,0.6084231628499173,0.28233577712817687,19.4519679625245,,pso,64
16,0.28233577712817687,320,127.72026540706696,72.27973459293304,85.0,17,20.0,20.0,1.0,True,0.19651865370126095,0.6084231628499173,0.28233577712817687,19.4519679625245,,pso,64
17,0.2822725272237785,340,127.57669514886206,72.42330485113794,85.0,17,20.0,20.0,1.0,True,0.19640812108079922,0.608584678468119,0.2822725272237785,19.444920967811903,,pso,64
18,0.2822685604805276,360,127.5676894998325,72.4323105001675,85.0,17,20.0,20.0,1.0,True,0.1964011909565791,0.6085948076156885,0.2822685604805276,19.44447912838054,,pso,64
19,0.2822685604805276,380,127.5676894998325,72.4323105001675,85.0,17,20.0,20.0,1.0,True,0.1964011909565791,0.6085948076156885,0.2822685604805276,19.44447912838054,,pso,64
20,0.2822685604805276,400,127.5676894998325,72.4323105001675,85.0,17,20.0,20.0,1.0,True,0.1964011909565791,0.6085948076156885,0.2822685604805276,19.44447912838054,,pso,64
21,0.2822685604805276,420,127.5676894998325,72.4323105001675,85.0,17,20.0,20.0,1.0,True,0.1964011909565791,0.6085948076156885,0.2822685604805276,19.44447912838054,,pso,64
22,0.2822685604805276,440,127.5676894998325,72.4323105001675,85.0,17,20.0,20.0,1.0,True,0.1964011909565791,0.6085948076156885,0.2822685604805276,19.44447912838054,,pso,64
23,0.2822685604805276,460,127.5676894998325,72.4323105001675,85.0,17,20.0,20.0,1.0,True,0.1964011909565791,0.6085948076156885,0.2822685604805276,19.44447912838054,,pso,64
24,0.2822685604805276,480,127.5676894998325,72.4323105001675,85.0,17,20.0,20.0,1.0,True,0.1964011909565791,0.6085948076156885,0.2822685604805276,19.44447912838054,,pso,64
25,0.28224717630721446,500,127.52275883957162,72.47724116042838,85.0,17,20.0,20.0,1.0,True,0.19638663045020946,0.6086343868770561,0.28224717630721446,19.442624941124876,,pso,64
26,0.28224717630721446,520,127.52275883957162,72.47724116042838,85.0,17,20.0,20.0,1.0,True,0.19638663045020946,0.6086343868770561,0.28224717630721446,19.442624941124876,,pso,64
27,0.28224717630721446,540,127.52275883957162,72.47724116042838,85.0,17,20.0,20.0,1.0,True,0.19638663045020946,0.6086343868770561,0.28224717630721446,19.442624941124876,,pso,64
28,0.28224717630721446,560,127.52275883957162,72.47724116042838,85.0,17,20.0,20.0,1.0,True,0.19638663045020946,0.6086343868770561,0.28224717630721446,19.442624941124876,,pso,64
29,0.2822389299944859,580,127.50403583192406,72.49596416807594,85.0,17,20.0,20.0,1.0,True,0.19637224426540745,0.6086554307246143,0.2822389299944859,19.441706992403372,,pso,64
30,0.2822389299944859,600,127.50403583192406,72.49596416807594,85.0,17,20.0,20.0,1.0,True,0.19637224426540745,0.6086554307246143,0.2822389299944859,19.441706992403372,,pso,64
1,0.30022973406821263,20,89.97107539789755,110.02892460210245,70.0,14,40.0,40.0,1.0,True,0.1985025995723937,0.6389015288289225,0.30022973406821263,20.746668421436755,,pso,65
2,0.30022973406821263,40,89.97107539789755,110.02892460210245,70.0,14,40.0,40.0,1.0,True,0.1985025995723937,0.6389015288289225,0.30022973406821263,20.746668421436755,,pso,65
3,0.30022973406821263,60,89.97107539789755,110.02892460210245,70.0,14,40.0,40.0,1.0,True,0.1985025995723937,0.6389015288289225,0.30022973406821263,20.746668421436755,,pso,65
4,0.28809651939143477,80,117.54048504650689,82.45951495349311,80.0,16,35.0,35.0,1.0,True,0.19477923955497473,0.626267957967931,0.28809651939143477,19.81087625143369,,pso,65
5,0.28809651939143477,100,117.54048504650689,82.45951495349311,80.0,16,35.0,35.0,1.0,True,0.19477923955497473,0.626267957967931,0.28809651939143477,19.81087625143369,,pso,65
6,0.28809651939143477,120,117.54048504650689,82.45951495349311,80.0,16,35.0,35.0,1.0,True,0.19477923955497473,0.626267957967931,0.28809651939143477,19.81087625143369,,pso,65
7,0.28809651939143477,140,117.54048504650689,82.45951495349311,80.0,16,35.0,35.0,1.0,True,0.19477923955497473,0.626267957967931,0.28809651939143477,19.81087625143369,,pso,65
8,0.28799858930862765,160,112.60860208573098,87.39139791426902,80.0,16,25.0,25.0,1.0,True,0.187906674348299,0.6213960952638226,0.28799858930862765,19.633669196123208,,pso,65
9,0.28799858930862765,180,112.60860208573098,87.39139791426902,80.0,16,25.0,25.0,1.0,True,0.187906674348299,0.6213960952638226,0.28799858930862765,19.633669196123208,,pso,65
10,0.287812013648081,200,130.40212092257818,69.59787907742182,85.0,17,30.0,30.0,1.0,True,0.19264189700332013,0.6085245226728165,0.287812013648081,19.738778221424866,,pso,65
11,0.2844525693121395,220,118.2434209414895,81.7565790585105,80.0,16,25.0,25.0,1.0,True,0.19786950035200898,0.6238295214184375,0.2844525693121395,19.633748409653492,,pso,65
12,0.283225805137464,240,129.6336806770846,70.36631932291539,85.0,17,20.0,20.0,1.0,True,0.19815851251215957,0.606036563165652,0.283225805137464,19.55379215481372,,pso,65
13,0.283225805137464,260,129.6336806770846,70.36631932291539,85.0,17,20.0,20.0,1.0,True,0.19815851251215957,0.606036563165652,0.283225805137464,19.55379215481372,,pso,65
14,0.28287191051856975,280,128.9065832964246,71.0934167035754,85.0,17,20.0,20.0,1.0,True,0.1976176595820285,0.6069190941920999,0.28287191051856975,19.515788454105934,,pso,65
15,0.28287191051856975,300,128.9065832964246,71.0934167035754,85.0,17,20.0,20.0,1.0,True,0.1976176595820285,0.6069190941920999,0.28287191051856975,19.515788454105934,,pso,65
16,0.28287191051856975,320,128.9065832964246,71.0934167035754,85.0,17,20.0,20.0,1.0,True,0.1976176595820285,0.6069190941920999,0.28287191051856975,19.515788454105934,,pso,65
17,0.28287191051856975,340,128.9065832964246,71.0934167035754,85.0,17,20.0,20.0,1.0,True,0.1976176595820285,0.6069190941920999,0.28287191051856975,19.515788454105934,,pso,65
18,0.28235037146883857,360,127.75338708392518,72.24661291607482,85.0,17,20.0,20.0,1.0,True,0.19658905422859377,0.6083517199673092,0.28235037146883857,19.454687267410918,,pso,65
19,0.28235037146883857,380,127.75338708392518,72.24661291607482,85.0,17,20.0,20.0,1.0,True,0.19658905422859377,0.6083517199673092,0.28235037146883857,19.454687267410918,,pso,65
20,0.28235037146883857,400,127.75338708392518,72.24661291607482,85.0,17,20.0,20.0,1.0,True,0.19658905422859377,0.6083517199673092,0.28235037146883857,19.454687267410918,,pso,65
21,0.28235037146883857,420,127.75338708392518,72.24661291607482,85.0,17,20.0,20.0,1.0,True,0.19658905422859377,0.6083517199673092,0.28235037146883857,19.454687267410918,,pso,65
22,0.28235037146883857,440,127.75338708392518,72.24661291607482,85.0,17,20.0,20.0,1.0,True,0.19658905422859377,0.6083517199673092,0.28235037146883857,19.454687267410918,,pso,65
23,0.28235037146883857,460,127.75338708392518,72.24661291607482,85.0,17,20.0,20.0,1.0,True,0.19658905422859377,0.6083517199673092,0.28235037146883857,19.454687267410918,,pso,65
24,0.2823086609403532,480,127.65872039227155,72.34127960772845,85.0,17,20.0,20.0,1.0,True,0.19647124712105235,0.6084924177129661,0.2823086609403532,19.448946085169602,,pso,65
25,0.2823086609403532,500,127.65872039227155,72.34127960772845,85.0,17,20.0,20.0,1.0,True,0.19647124712105235,0.6084924177129661,0.2823086609403532,19.448946085169602,,pso,65
26,0.2822515961495439,520,127.529173964699,72.470826035301,85.0,17,20.0,20.0,1.0,True,0.1963715821320944,0.6086381062071942,0.2822515961495439,19.44259032783466,,pso,65
27,0.2822515961495439,540,127.529173964699,72.470826035301,85.0,17,20.0,20.0,1.0,True,0.1963715821320944,0.6086381062071942,0.2822515961495439,19.44259032783466,,pso,65
28,0.2822515961495439,560,127.529173964699,72.470826035301,85.0,17,20.0,20.0,1.0,True,0.1963715821320944,0.6086381062071942,0.2822515961495439,19.44259032783466,,pso,65
29,0.2822515961495439,580,127.529173964699,72.470826035301,85.0,17,20.0,20.0,1.0,True,0.1963715821320944,0.6086381062071942,0.2822515961495439,19.44259032783466,,pso,65
30,0.2822515961495439,600,127.529173964699,72.470826035301,85.0,17,20.0,20.0,1.0,True,0.1963715821320944,0.6086381062071942,0.2822515961495439,19.44259032783466,,pso,65
1,0.30884573949165656,20,133.030282049974,66.969717950026,95.0,19,35.0,70.0,2.0,True,0.14845817960663207,0.5840139810023325,0.30884573949165656,20.082782589643504,,pso,66
2,0.2929055770364158,40,156.1764361912518,43.82356380874819,95.0,19,30.0,60.0,2.0,True,0.19173157912715458,0.5866524227110403,0.2929055770364158,20.073421946100815,,pso,66
3,0.2881540555066214,60,163.37768843881,36.62231156119,100.0,20,25.0,50.0,2.0,True,0.1922474341176341,0.5762614279183269,0.2881540555066214,19.760149801477436,,pso,66
4,0.2881540555066214,80,163.37768843881,36.62231156119,100.0,20,25.0,50.0,2.0,True,0.1922474341176341,0.5762614279183269,0.2881540555066214,19.760149801477436,,pso,66
5,0.2881540555066214,100,163.37768843881,36.62231156119,100.0,20,25.0,50.0,2.0,True,0.1922474341176341,0.5762614279183269,0.2881540555066214,19.760149801477436,,pso,66
6,0.2881540555066214,120,163.37768843881,36.62231156119,100.0,20,25.0,50.0,2.0,True,0.1922474341176341,0.5762614279183269,0.2881540555066214,19.760149801477436,,pso,66
7,0.2871979857573079,140,166.6320640922404,33.3679359077596,100.0,20,20.0,40.0,2.0,True,0.197891497737196,0.5697175980269137,0.2871979857573079,19.82923691890736,,pso,66
8,0.2852381532638854,160,154.44810434010094,45.55189565989906,95.0,19,20.0,40.0,2.0,True,0.19825235384932663,0.5851514201981297,0.2852381532638854,19.700687087295766,,pso,66
9,0.2852381532638854,180,154.44810434010094,45.55189565989906,95.0,19,20.0,40.0,2.0,True,0.19825235384932663,0.5851514201981297,0.2852381532638854,19.700687087295766,,pso,66
10,0.2852381532638854,200,154.44810434010094,45.55189565989906,95.0,19,20.0,40.0,2.0,True,0.19825235384932663,0.5851514201981297,0.2852381532638854,19.700687087295766,,pso,66
11,0.2852381532638854,220,154.44810434010094,45.55189565989906,95.0,19,20.0,40.0,2.0,True,0.19825235384932663,0.5851514201981297,0.2852381532638854,19.700687087295766,,pso,66
12,0.2852381532638854,240,154.44810434010094,45.55189565989906,95.0,19,20.0,40.0,2.0,True,0.19825235384932663,0.5851514201981297,0.2852381532638854,19.700687087295766,,pso,66
13,0.2852381532638854,260,154.44810434010094,45.55189565989906,95.0,19,20.0,40.0,2.0,True,0.19825235384932663,0.5851514201981297,0.2852381532638854,19.700687087295766,,pso,66
14,0.284812834042046,280,153.45094048843995,46.549059511560046,95.0,19,20.0,40.0,2.0,True,0.19701305711317546,0.5865749307916989,0.284812834042046,19.640726496381433,,pso,66
15,0.284812834042046,300,153.45094048843995,46.549059511560046,95.0,19,20.0,40.0,2.0,True,0.19701305711317546,0.5865749307916989,0.284812834042046,19.640726496381433,,pso,66
16,0.28478926109638764,320,153.39442855743312,46.605571442566884,95.0,19,20.0,40.0,2.0,True,0.19696509574285628,0.5866380994073638,0.28478926109638764,19.637923068971652,,pso,66
17,0.28457088838693,340,152.9000244376258,47.0999755623742,95.0,19,20.0,40.0,2.0,True,0.19656668389628326,0.5872069839126741,0.28457088838693,19.61287999051035,,pso,66
18,0.28457088838693,360,152.9000244376258,47.0999755623742,95.0,19,20.0,40.0,2.0,True,0.19656668389628326,0.5872069839126741,0.28457088838693,19.61287999051035,,pso,66
19,0.2844913727726824,380,152.7128687314708,47.28713126852921,95.0,19,20.0,40.0,2.0,True,0.19639003559613352,0.5874335925209665,0.2844913727726824,19.6030369281408,,pso,66
20,0.2844913727726824,400,152.7128687314708,47.28713126852921,95.0,19,20.0,40.0,2.0,True,0.19639003559613352,0.5874335925209665,0.2844913727726824,19.6030369281408,,pso,66
21,0.2844913727726824,420,152.7128687314708,47.28713126852921,95.0,19,20.0,40.0,2.0,True,0.19639003559613352,0.5874335925209665,0.2844913727726824,19.6030369281408,,pso,66
22,0.28443730128412487,440,152.58767681969786,47.41232318030214,95.0,19,20.0,40.0,2.0,True,0.19631913654766828,0.5875528822366374,0.28443730128412487,19.59753401639509,,pso,66
23,0.28443730128412487,460,152.58767681969786,47.41232318030214,95.0,19,20.0,40.0,2.0,True,0.19631913654766828,0.5875528822366374,0.28443730128412487,19.59753401639509,,pso,66
24,0.2844284612103734,480,152.56619208946404,47.43380791053596,95.0,19,20.0,40.0,2.0,True,0.19630061430333845,0.5875769054900822,0.2844284612103734,19.59647141687295,,pso,66
25,0.2844284612103734,500,152.56619208946404,47.43380791053596,95.0,19,20.0,40.0,2.0,True,0.19630061430333845,0.5875769054900822,0.2844284612103734,19.59647141687295,,pso,66
26,0.2844284612103734,520,152.56619208946404,47.43380791053596,95.0,19,20.0,40.0,2.0,True,0.19630061430333845,0.5875769054900822,0.2844284612103734,19.59647141687295,,pso,66
27,0.2844132635504515,540,152.52925533375614,47.47074466624386,95.0,19,20.0,40.0,2.0,True,0.19626879764743596,0.5876181889619381,0.2844132635504515,19.59464537339975,,pso,66
28,0.2844132635504515,560,152.52925533375614,47.47074466624386,95.0,19,20.0,40.0,2.0,True,0.19626879764743596,0.5876181889619381,0.2844132635504515,19.59464537339975,,pso,66
29,0.2844132635504515,580,152.52925533375614,47.47074466624386,95.0,19,20.0,40.0,2.0,True,0.19626879764743596,0.5876181889619381,0.2844132635504515,19.59464537339975,,pso,66
30,0.2844132635504515,600,152.52925533375614,47.47074466624386,95.0,19,20.0,40.0,2.0,True,0.19626879764743596,0.5876181889619381,0.2844132635504515,19.59464537339975,,pso,66
1,0.3439401196594138,20,65.72839408258069,134.27160591741932,65.0,13,30.0,120.0,4.0,True,0.16791576800803212,0.6409920558831174,0.3439401196594138,22.920554673797746,,pso,67
2,0.3106704026232887,40,79.60739040416932,120.39260959583068,70.0,14,25.0,50.0,2.0,True,0.1827190869700287,0.6270199065786894,0.3106704026232887,21.05455631058033,,pso,67
3,0.3009613293014114,60,82.88883899823237,117.11116100176763,70.0,14,20.0,40.0,2.0,True,0.1920004222469277,0.633786322957733,0.3009613293014114,20.627445688217463,,pso,67
4,0.2947520889925198,80,107.77305870438087,92.22694129561913,75.0,15,30.0,60.0,2.0,True,0.19643321987880502,0.6436997697342591,0.2947520889925198,20.31438806446139,,pso,67
5,0.2947520889925198,100,107.77305870438087,92.22694129561913,75.0,15,30.0,60.0,2.0,True,0.19643321987880502,0.6436997697342591,0.2947520889925198,20.31438806446139,,pso,67
6,0.2947520889925198,120,107.77305870438087,92.22694129561913,75.0,15,30.0,60.0,2.0,True,0.19643321987880502,0.6436997697342591,0.2947520889925198,20.31438806446139,,pso,67
7,0.2947520889925198,140,107.77305870438087,92.22694129561913,75.0,15,30.0,60.0,2.0,True,0.19643321987880502,0.6436997697342591,0.2947520889925198,20.31438806446139,,pso,67
8,0.2924794266890295,160,116.15832362201982,83.84167637798018,80.0,16,30.0,30.0,1.0,True,0.18701308325761007,0.6181471713045108,0.2924794266890295,19.918881032153767,,pso,67
9,0.2924794266890295,180,116.15832362201982,83.84167637798018,80.0,16,30.0,30.0,1.0,True,0.18701308325761007,0.6181471713045108,0.2924794266890295,19.918881032153767,,pso,67
10,0.2924794266890295,200,116.15832362201982,83.84167637798018,80.0,16,30.0,30.0,1.0,True,0.18701308325761007,0.6181471713045108,0.2924794266890295,19.918881032153767,,pso,67
11,0.2862393676425585,220,127.53709074695261,72.46290925304739,85.0,17,30.0,30.0,1.0,True,0.19105103539018092,0.611929468977688,0.2862393676425585,19.59154477998784,,pso,67
12,0.2862393676425585,240,127.53709074695261,72.46290925304739,85.0,17,30.0,30.0,1.0,True,0.19105103539018092,0.611929468977688,0.2862393676425585,19.59154477998784,,pso,67
13,0.2862393676425585,260,127.53709074695261,72.46290925304739,85.0,17,30.0,30.0,1.0,True,0.19105103539018092,0.611929468977688,0.2862393676425585,19.59154477998784,,pso,67
14,0.2862393676425585,280,127.53709074695261,72.46290925304739,85.0,17,30.0,30.0,1.0,True,0.19105103539018092,0.611929468977688,0.2862393676425585,19.59154477998784,,pso,67
15,0.2844597915765109,300,127.86990757468145,72.13009242531855,85.0,17,25.0,25.0,1.0,True,0.19280086070589605,0.610618637196613,0.2844597915765109,19.51097140517164,,pso,67
16,0.28438115881506737,320,127.69919235496593,72.30080764503407,85.0,17,25.0,25.0,1.0,True,0.1926658354728058,0.6108216110333433,0.28438115881506737,19.502255345084084,,pso,67
17,0.2843395195480933,340,127.60453498482329,72.39546501517671,85.0,17,25.0,25.0,1.0,True,0.19258835080753353,0.6109311488912323,0.2843395195480933,19.49752093919011,,pso,67
18,0.28429989932778754,360,127.51787985599553,72.48212014400447,85.0,17,25.0,25.0,1.0,True,0.19252723407297637,0.6110279758789202,0.28429989932778754,19.49329834711588,,pso,67
19,0.28429989932778754,380,127.51787985599553,72.48212014400447,85.0,17,25.0,25.0,1.0,True,0.19252723407297637,0.6110279758789202,0.28429989932778754,19.49329834711588,,pso,67
20,0.28429989932778754,400,127.51787985599553,72.48212014400447,85.0,17,25.0,25.0,1.0,True,0.19252723407297637,0.6110279758789202,0.28429989932778754,19.49329834711588,,pso,67
21,0.28429989932778754,420,127.51787985599553,72.48212014400447,85.0,17,25.0,25.0,1.0,True,0.19252723407297637,0.6110279758789202,0.28429989932778754,19.49329834711588,,pso,67
22,0.28429989932778754,440,127.51787985599553,72.48212014400447,85.0,17,25.0,25.0,1.0,True,0.19252723407297637,0.6110279758789202,0.28429989932778754,19.49329834711588,,pso,67
23,0.28429989932778754,460,127.51787985599553,72.48212014400447,85.0,17,25.0,25.0,1.0,True,0.19252723407297637,0.6110279758789202,0.28429989932778754,19.49329834711588,,pso,67
24,0.28429989932778754,480,127.51787985599553,72.48212014400447,85.0,17,25.0,25.0,1.0,True,0.19252723407297637,0.6110279758789202,0.28429989932778754,19.49329834711588,,pso,67
25,0.28429989932778754,500,127.51787985599553,72.48212014400447,85.0,17,25.0,25.0,1.0,True,0.19252723407297637,0.6110279758789202,0.28429989932778754,19.49329834711588,,pso,67
26,0.28429989932778754,520,127.51787985599553,72.48212014400447,85.0,17,25.0,25.0,1.0,True,0.19252723407297637,0.6110279758789202,0.28429989932778754,19.49329834711588,,pso,67
27,0.28429989932778754,540,127.51787985599553,72.48212014400447,85.0,17,25.0,25.0,1.0,True,0.19252723407297637,0.6110279758789202,0.28429989932778754,19.49329834711588,,pso,67
28,0.28429989932778754,560,127.51787985599553,72.48212014400447,85.0,17,25.0,25.0,1.0,True,0.19252723407297637,0.6110279758789202,0.28429989932778754,19.49329834711588,,pso,67
29,0.28429989932778754,580,127.51787985599553,72.48212014400447,85.0,17,25.0,25.0,1.0,True,0.19252723407297637,0.6110279758789202,0.28429989932778754,19.49329834711588,,pso,67
30,0.28429989932778754,600,127.51787985599553,72.48212014400447,85.0,17,25.0,25.0,1.0,True,0.19252723407297637,0.6110279758789202,0.28429989932778754,19.49329834711588,,pso,67
1,0.3181191632380298,20,101.8406005440124,98.1593994559876,75.0,15,25.0,100.0,4.0,True,0.16755638469745293,0.6372277274371795,0.3181191632380298,21.16733254963013,,pso,68
2,0.3035728998251268,40,102.90906547760025,97.09093452239975,75.0,15,20.0,80.0,4.0,True,0.18283669210624529,0.6428169161764548,0.3035728998251268,20.574540199470544,,pso,68
3,0.295688637334812,60,109.6411147137437,90.3588852862563,75.0,15,30.0,60.0,2.0,True,0.19767448125942033,0.6414845216433313,0.295688637334812,20.4109046377369,,pso,68
4,0.2926879319291417,80,109.18631163336624,90.81368836663376,80.0,16,15.0,30.0,2.0,True,0.18178525523496078,0.6151284413970324,0.2926879319291417,19.79989193120483,,pso,68
5,0.28775375798212444,100,117.82521203117696,82.17478796882304,80.0,16,20.0,40.0,2.0,True,0.19452354044164524,0.6265518514971041,0.28775375798212444,19.779458814650457,,pso,68
6,0.28775375798212444,120,117.82521203117696,82.17478796882304,80.0,16,20.0,40.0,2.0,True,0.19452354044164524,0.6265518514971041,0.28775375798212444,19.779458814650457,,pso,68
7,0.28775375798212444,140,117.82521203117696,82.17478796882304,80.0,16,20.0,40.0,2.0,True,0.19452354044164524,0.6265518514971041,0.28775375798212444,19.779458814650457,,pso,68
8,0.2841419964945601,160,117.79098795706449,82.20901204293551,80.0,16,15.0,30.0,2.0,True,0.19981648864540674,0.623371276922161,0.2841419964945601,19.65523724944231,,pso,68
9,0.2841419964945601,180,117.79098795706449,82.20901204293551,80.0,16,15.0,30.0,2.0,True,0.19981648864540674,0.623371276922161,0.2841419964945601,19.65523724944231,,pso,68
10,0.2841419964945601,200,117.79098795706449,82.20901204293551,80.0,16,15.0,30.0,2.0,True,0.19981648864540674,0.623371276922161,0.2841419964945601,19.65523724944231,,pso,68
11,0.2841419964945601,220,117.79098795706449,82.20901204293551,80.0,16,15.0,30.0,2.0,True,0.19981648864540674,0.623371276922161,0.2841419964945601,19.65523724944231,,pso,68
12,0.2841419964945601,240,117.79098795706449,82.20901204293551,80.0,16,15.0,30.0,2.0,True,0.19981648864540674,0.623371276922161,0.2841419964945601,19.65523724944231,,pso,68
13,0.2841419964945601,260,117.79098795706449,82.20901204293551,80.0,16,15.0,30.0,2.0,True,0.19981648864540674,0.623371276922161,0.2841419964945601,19.65523724944231,,pso,68
14,0.28405880075503015,280,117.60527013518164,82.39472986481836,80.0,16,15.0,30.0,2.0,True,0.19964118608937184,0.6236099736703258,0.28405880075503015,19.64518617004457,,pso,68
15,0.28405880075503015,300,117.60527013518164,82.39472986481836,80.0,16,15.0,30.0,2.0,True,0.19964118608937184,0.6236099736703258,0.28405880075503015,19.64518617004457,,pso,68
16,0.28405880075503015,320,117.60527013518164,82.39472986481836,80.0,16,15.0,30.0,2.0,True,0.19964118608937184,0.6236099736703258,0.28405880075503015,19.64518617004457,,pso,68
17,0.28401542915929623,340,117.50904539908397,82.49095460091603,80.0,16,15.0,30.0,2.0,True,0.19956570822323907,0.6237224698029512,0.28401542915929623,19.640333480410888,,pso,68
18,0.28401542915929623,360,117.50904539908397,82.49095460091603,80.0,16,15.0,30.0,2.0,True,0.19956570822323907,0.6237224698029512,0.28401542915929623,19.640333480410888,,pso,68
19,0.28401542915929623,380,117.50904539908397,82.49095460091603,80.0,16,15.0,30.0,2.0,True,0.19956570822323907,0.6237224698029512,0.28401542915929623,19.640333480410888,,pso,68
20,0.28401542915929623,400,117.50904539908397,82.49095460091603,80.0,16,15.0,30.0,2.0,True,0.19956570822323907,0.6237224698029512,0.28401542915929623,19.640333480410888,,pso,68
21,0.28401542915929623,420,117.50904539908397,82.49095460091603,80.0,16,15.0,30.0,2.0,True,0.19956570822323907,0.6237224698029512,0.28401542915929623,19.640333480410888,,pso,68
22,0.28401542915929623,440,117.50904539908397,82.49095460091603,80.0,16,15.0,30.0,2.0,True,0.19956570822323907,0.6237224698029512,0.28401542915929623,19.640333480410888,,pso,68
23,0.284012612479002,460,117.50284158993487,82.49715841006513,80.0,16,15.0,30.0,2.0,True,0.19956126458874246,0.6237294501238368,0.284012612479002,19.640029259192247,,pso,68
24,0.284012612479002,480,117.50284158993487,82.49715841006513,80.0,16,15.0,30.0,2.0,True,0.19956126458874246,0.6237294501238368,0.284012612479002,19.640029259192247,,pso,68
25,0.284012612479002,500,117.50284158993487,82.49715841006513,80.0,16,15.0,30.0,2.0,True,0.19956126458874246,0.6237294501238368,0.284012612479002,19.640029259192247,,pso,68
26,0.284012612479002,520,117.50284158993487,82.49715841006513,80.0,16,15.0,30.0,2.0,True,0.19956126458874246,0.6237294501238368,0.284012612479002,19.640029259192247,,pso,68
27,0.284012612479002,540,117.50284158993487,82.49715841006513,80.0,16,15.0,30.0,2.0,True,0.19956126458874246,0.6237294501238368,0.284012612479002,19.640029259192247,,pso,68
28,0.284012612479002,560,117.50284158993487,82.49715841006513,80.0,16,15.0,30.0,2.0,True,0.19956126458874246,0.6237294501238368,0.284012612479002,19.640029259192247,,pso,68
29,0.284012612479002,580,117.50284158993487,82.49715841006513,80.0,16,15.0,30.0,2.0,True,0.19956126458874246,0.6237294501238368,0.284012612479002,19.640029259192247,,pso,68
30,0.284012612479002,600,117.50284158993487,82.49715841006513,80.0,16,15.0,30.0,2.0,True,0.19956126458874246,0.6237294501238368,0.284012612479002,19.640029259192247,,pso,68
1,0.3033799326327893,20,116.07447504313497,83.92552495686503,75.0,15,45.0,90.0,2.0,True,0.19888548101052617,0.6482253546721269,0.3033799326327893,20.979898635931683,,pso,69
2,0.2921107170568189,40,108.00483060082175,91.99516939917825,80.0,16,15.0,30.0,2.0,True,0.1811125009909222,0.6163443107662435,0.2921107170568189,19.744562294540515,,pso,69
3,0.291864853867889,60,112.42186570288061,87.57813429711939,80.0,16,10.0,20.0,2.0,True,0.19328110780582147,0.6028048536615399,0.291864853867889,20.01789335024356,,pso,69
4,0.28790264008258865,80,118.13574608252935,81.86425391747065,80.0,16,20.0,40.0,2.0,True,0.19478740293009383,0.6261520885776569,0.28790264008258865,19.79629626656818,,pso,69
5,0.28790264008258865,100,118.13574608252935,81.86425391747065,80.0,16,20.0,40.0,2.0,True,0.19478740293009383,0.6261520885776569,0.28790264008258865,19.79629626656818,,pso,69
6,0.2850577313441591,120,129.54755328442636,70.45244671557364,85.0,17,15.0,30.0,2.0,True,0.19826416391673254,0.6064486124374411,0.2850577313441591,19.680016041903304,,pso,69
7,0.2850577313441591,140,129.54755328442636,70.45244671557364,85.0,17,15.0,30.0,2.0,True,0.19826416391673254,0.6064486124374411,0.2850577313441591,19.680016041903304,,pso,69
8,0.2850577313441591,160,129.54755328442636,70.45244671557364,85.0,17,15.0,30.0,2.0,True,0.19826416391673254,0.6064486124374411,0.2850577313441591,19.680016041903304,,pso,69
9,0.2846743543433614,180,128.72981542586646,71.27018457413354,85.0,17,15.0,30.0,2.0,True,0.19746088759222472,0.6075478303555941,0.2846743543433614,19.63365748307562,,pso,69
10,0.2843183211702304,200,127.94807956129709,72.05192043870291,85.0,17,15.0,30.0,2.0,True,0.1967686328123861,0.608518596720184,0.2843183211702304,19.59207368967124,,pso,69
11,0.28415901433319773,220,127.59264076840161,72.40735923159839,85.0,17,15.0,30.0,2.0,True,0.19648645280239366,0.6089301443198425,0.28415901433319773,19.574169406912876,,pso,69
12,0.28415901433319773,240,127.59264076840161,72.40735923159839,85.0,17,15.0,30.0,2.0,True,0.19648645280239366,0.6089301443198425,0.28415901433319773,19.574169406912876,,pso,69
13,0.28415901433319773,260,127.59264076840161,72.40735923159839,85.0,17,15.0,30.0,2.0,True,0.19648645280239366,0.6089301443198425,0.28415901433319773,19.574169406912876,,pso,69
14,0.28415901433319773,280,127.59264076840161,72.40735923159839,85.0,17,15.0,30.0,2.0,True,0.19648645280239366,0.6089301443198425,0.28415901433319773,19.574169406912876,,pso,69
15,0.28415901433319773,300,127.59264076840161,72.40735923159839,85.0,17,15.0,30.0,2.0,True,0.19648645280239366,0.6089301443198425,0.28415901433319773,19.574169406912876,,pso,69
16,0.28415901433319773,320,127.59264076840161,72.40735923159839,85.0,17,15.0,30.0,2.0,True,0.19648645280239366,0.6089301443198425,0.28415901433319773,19.574169406912876,,pso,69
17,0.28415901433319773,340,127.59264076840161,72.40735923159839,85.0,17,15.0,30.0,2.0,True,0.19648645280239366,0.6089301443198425,0.28415901433319773,19.574169406912876,,pso,69
18,0.28415901433319773,360,127.59264076840161,72.40735923159839,85.0,17,15.0,30.0,2.0,True,0.19648645280239366,0.6089301443198425,0.28415901433319773,19.574169406912876,,pso,69
19,0.28415901433319773,380,127.59264076840161,72.40735923159839,85.0,17,15.0,30.0,2.0,True,0.19648645280239366,0.6089301443198425,0.28415901433319773,19.574169406912876,,pso,69
20,0.28415901433319773,400,127.59264076840161,72.40735923159839,85.0,17,15.0,30.0,2.0,True,0.19648645280239366,0.6089301443198425,0.28415901433319773,19.574169406912876,,pso,69
21,0.2841068992029406,420,117.71081771417187,82.28918228582813,80.0,16,15.0,30.0,2.0,True,0.19971652876046325,0.6234910736284515,0.2841068992029406,19.650369350576785,,pso,69
22,0.2841068992029406,440,117.71081771417187,82.28918228582813,80.0,16,15.0,30.0,2.0,True,0.19971652876046325,0.6234910736284515,0.2841068992029406,19.650369350576785,,pso,69
23,0.2841068992029406,460,117.71081771417187,82.28918228582813,80.0,16,15.0,30.0,2.0,True,0.19971652876046325,0.6234910736284515,0.2841068992029406,19.650369350576785,,pso,69
24,0.2841068992029406,480,117.71081771417187,82.28918228582813,80.0,16,15.0,30.0,2.0,True,0.19971652876046325,0.6234910736284515,0.2841068992029406,19.650369350576785,,pso,69
25,0.2841068992029406,500,117.71081771417187,82.28918228582813,80.0,16,15.0,30.0,2.0,True,0.19971652876046325,0.6234910736284515,0.2841068992029406,19.650369350576785,,pso,69
26,0.2841068992029406,520,117.71081771417187,82.28918228582813,80.0,16,15.0,30.0,2.0,True,0.19971652876046325,0.6234910736284515,0.2841068992029406,19.650369350576785,,pso,69
27,0.2841068992029406,540,117.71081771417187,82.28918228582813,80.0,16,15.0,30.0,2.0,True,0.19971652876046325,0.6234910736284515,0.2841068992029406,19.650369350576785,,pso,69
28,0.2841068992029406,560,117.71081771417187,82.28918228582813,80.0,16,15.0,30.0,2.0,True,0.19971652876046325,0.6234910736284515,0.2841068992029406,19.650369350576785,,pso,69
29,0.2841068992029406,580,117.71081771417187,82.28918228582813,80.0,16,15.0,30.0,2.0,True,0.19971652876046325,0.6234910736284515,0.2841068992029406,19.650369350576785,,pso,69
30,0.2841068992029406,600,117.71081771417187,82.28918228582813,80.0,16,15.0,30.0,2.0,True,0.19971652876046325,0.6234910736284515,0.2841068992029406,19.650369350576785,,pso,69
1,0.28753446328974025,20,117.78434657047931,82.21565342952069,85.0,17,15.0,15.0,1.0,True,0.1867965339809455,0.5968389041109818,0.28753446328974025,19.56661373520699,,pso,70
2,0.28590338323220615,40,112.64078390273268,87.35921609726732,80.0,16,20.0,20.0,1.0,True,0.19118789715466708,0.6192945080462662,0.28590338323220615,19.56770591327341,,pso,70
3,0.28590338323220615,60,112.64078390273268,87.35921609726732,80.0,16,20.0,20.0,1.0,True,0.19118789715466708,0.6192945080462662,0.28590338323220615,19.56770591327341,,pso,70
4,0.28309766055272884,80,129.3665698988354,70.6334301011646,85.0,17,20.0,20.0,1.0,True,0.19793819214719563,0.6063717588039028,0.28309766055272884,19.53946409128832,,pso,70
5,0.28309766055272884,100,129.3665698988354,70.6334301011646,85.0,17,20.0,20.0,1.0,True,0.19793819214719563,0.6063717588039028,0.28309766055272884,19.53946409128832,,pso,70
6,0.28309766055272884,120,129.3665698988354,70.6334301011646,85.0,17,20.0,20.0,1.0,True,0.19793819214719563,0.6063717588039028,0.28309766055272884,19.53946409128832,,pso,70
7,0.2822586457597394,140,127.5451796015235,72.4548203984765,85.0,17,20.0,20.0,1.0,True,0.19638387958483253,0.6086201179630378,0.2822586457597394,19.443375049612435,,pso,70
8,0.2822586457597394,160,127.5451796015235,72.4548203984765,85.0,17,20.0,20.0,1.0,True,0.19638387958483253,0.6086201179630378,0.2822586457597394,19.443375049612435,,pso,70
9,0.2822586457597394,180,127.5451796015235,72.4548203984765,85.0,17,20.0,20.0,1.0,True,0.19638387958483253,0.6086201179630378,0.2822586457597394,19.443375049612435,,pso,70
10,0.2822586457597394,200,127.5451796015235,72.4548203984765,85.0,17,20.0,20.0,1.0,True,0.19638387958483253,0.6086201179630378,0.2822586457597394,19.443375049612435,,pso,70
11,0.2822586457597394,220,127.5451796015235,72.4548203984765,85.0,17,20.0,20.0,1.0,True,0.19638387958483253,0.6086201179630378,0.2822586457597394,19.443375049612435,,pso,70
12,0.2822586457597394,240,127.5451796015235,72.4548203984765,85.0,17,20.0,20.0,1.0,True,0.19638387958483253,0.6086201179630378,0.2822586457597394,19.443375049612435,,pso,70
13,0.2822586457597394,260,127.5451796015235,72.4548203984765,85.0,17,20.0,20.0,1.0,True,0.19638387958483253,0.6086201179630378,0.2822586457597394,19.443375049612435,,pso,70
14,0.2822586457597394,280,127.5451796015235,72.4548203984765,85.0,17,20.0,20.0,1.0,True,0.19638387958483253,0.6086201179630378,0.2822586457597394,19.443375049612435,,pso,70
15,0.2822586457597394,300,127.5451796015235,72.4548203984765,85.0,17,20.0,20.0,1.0,True,0.19638387958483253,0.6086201179630378,0.2822586457597394,19.443375049612435,,pso,70
16,0.2822586457597394,320,127.5451796015235,72.4548203984765,85.0,17,20.0,20.0,1.0,True,0.19638387958483253,0.6086201179630378,0.2822586457597394,19.443375049612435,,pso,70
17,0.2822586457597394,340,127.5451796015235,72.4548203984765,85.0,17,20.0,20.0,1.0,True,0.19638387958483253,0.6086201179630378,0.2822586457597394,19.443375049612435,,pso,70
18,0.2822586457597394,360,127.5451796015235,72.4548203984765,85.0,17,20.0,20.0,1.0,True,0.19638387958483253,0.6086201179630378,0.2822586457597394,19.443375049612435,,pso,70
19,0.2822586457597394,380,127.5451796015235,72.4548203984765,85.0,17,20.0,20.0,1.0,True,0.19638387958483253,0.6086201179630378,0.2822586457597394,19.443375049612435,,pso,70
20,0.2822586457597394,400,127.5451796015235,72.4548203984765,85.0,17,20.0,20.0,1.0,True,0.19638387958483253,0.6086201179630378,0.2822586457597394,19.443375049612435,,pso,70
21,0.28225051843044235,420,127.52672704041791,72.47327295958209,85.0,17,20.0,20.0,1.0,True,0.19636970214167368,0.6086408562303193,0.28225051843044235,19.442470364513785,,pso,70
22,0.282245087298421,440,127.51801586598245,72.48198413401755,85.0,17,20.0,20.0,1.0,True,0.19638298604965587,0.608639717773409,0.282245087298421,19.44239239734642,,pso,70
23,0.282245087298421,460,127.51801586598245,72.48198413401755,85.0,17,20.0,20.0,1.0,True,0.19638298604965587,0.608639717773409,0.282245087298421,19.44239239734642,,pso,70
24,0.2822396736610216,480,127.50572433012941,72.49427566987059,85.0,17,20.0,20.0,1.0,True,0.19637354163606455,0.6086535329259537,0.2822396736610216,19.441789773228013,,pso,70
25,0.2822396736610216,500,127.50572433012941,72.49427566987059,85.0,17,20.0,20.0,1.0,True,0.19637354163606455,0.6086535329259537,0.2822396736610216,19.441789773228013,,pso,70
26,0.2822396736610216,520,127.50572433012941,72.49427566987059,85.0,17,20.0,20.0,1.0,True,0.19637354163606455,0.6086535329259537,0.2822396736610216,19.441789773228013,,pso,70
27,0.2822396736610216,540,127.50572433012941,72.49427566987059,85.0,17,20.0,20.0,1.0,True,0.19637354163606455,0.6086535329259537,0.2822396736610216,19.441789773228013,,pso,70
28,0.2822396736610216,560,127.50572433012941,72.49427566987059,85.0,17,20.0,20.0,1.0,True,0.19637354163606455,0.6086535329259537,0.2822396736610216,19.441789773228013,,pso,70
29,0.2822396736610216,580,127.50572433012941,72.49427566987059,85.0,17,20.0,20.0,1.0,True,0.19637354163606455,0.6086535329259537,0.2822396736610216,19.441789773228013,,pso,70
30,0.2822396736610216,600,127.50572433012941,72.49427566987059,85.0,17,20.0,20.0,1.0,True,0.19637354163606455,0.6086535329259537,0.2822396736610216,19.441789773228013,,pso,70
1,0.3112689411051448,20,122.68695792140232,77.31304207859768,95.0,19,45.0,45.0,1.0,True,0.13391789360833833,0.5756548339081805,0.3112689411051448,19.896475265992475,,pso,71
2,0.2935135543581574,40,130.77527077977217,69.22472922022783,90.0,18,15.0,30.0,2.0,True,0.1772233895405097,0.5861657445347103,0.2935135543581574,19.743867110634167,,pso,71
3,0.29245613045113367,60,150.3232177228231,49.6767822771769,95.0,19,25.0,50.0,2.0,True,0.18414607177529657,0.585153862816349,0.29245613045113367,19.85177700623363,,pso,71
4,0.289866925005378,80,136.3969757282546,63.6030242717454,85.0,17,25.0,50.0,2.0,True,0.19771513096023333,0.6124163324676508,0.289866925005378,20.008069634226207,,pso,71
5,0.28799420450099683,100,143.75804663540538,56.24195336459462,90.0,18,25.0,50.0,2.0,True,0.19465096330242784,0.6019003003138406,0.28799420450099683,19.804137541215272,,pso,71
6,0.28498917004556257,120,144.27184911032396,55.728150889676044,90.0,18,20.0,40.0,2.0,True,0.19853383614471853,0.5992841311812898,0.28498917004556257,19.6893229477266,,pso,71
7,0.28498917004556257,140,144.27184911032396,55.728150889676044,90.0,18,20.0,40.0,2.0,True,0.19853383614471853,0.5992841311812898,0.28498917004556257,19.6893229477266,,pso,71
8,0.28498917004556257,160,144.27184911032396,55.728150889676044,90.0,18,20.0,40.0,2.0,True,0.19853383614471853,0.5992841311812898,0.28498917004556257,19.6893229477266,,pso,71
9,0.284843338434563,180,143.94649713391792,56.053502866082084,90.0,18,20.0,40.0,2.0,True,0.19828046517060413,0.5996584460736398,0.284843338434563,19.672939193262312,,pso,71
10,0.284843338434563,200,143.94649713391792,56.053502866082084,90.0,18,20.0,40.0,2.0,True,0.19828046517060413,0.5996584460736398,0.284843338434563,19.672939193262312,,pso,71
11,0.284843338434563,220,143.94649713391792,56.053502866082084,90.0,18,20.0,40.0,2.0,True,0.19828046517060413,0.5996584460736398,0.284843338434563,19.672939193262312,,pso,71
12,0.28435907625318146,240,142.8492242228667,57.150775777133305,90.0,18,20.0,40.0,2.0,True,0.1972153682414088,0.6010655290820761,0.28435907625318146,19.613112202725283,,pso,71
13,0.28435907625318146,260,142.8492242228667,57.150775777133305,90.0,18,20.0,40.0,2.0,True,0.1972153682414088,0.6010655290820761,0.28435907625318146,19.613112202725283,,pso,71
14,0.28435907625318146,280,142.8492242228667,57.150775777133305,90.0,18,20.0,40.0,2.0,True,0.1972153682414088,0.6010655290820761,0.28435907625318146,19.613112202725283,,pso,71
15,0.28435907625318146,300,142.8492242228667,57.150775777133305,90.0,18,20.0,40.0,2.0,True,0.1972153682414088,0.6010655290820761,0.28435907625318146,19.613112202725283,,pso,71
16,0.28435907625318146,320,142.8492242228667,57.150775777133305,90.0,18,20.0,40.0,2.0,True,0.1972153682414088,0.6010655290820761,0.28435907625318146,19.613112202725283,,pso,71
17,0.28427926151056826,340,142.67295323466283,57.32704676533717,90.0,18,20.0,40.0,2.0,True,0.19707935928749684,0.6012713162007003,0.28427926151056826,19.60418774634865,,pso,71
18,0.28427926151056826,360,142.67295323466283,57.32704676533717,90.0,18,20.0,40.0,2.0,True,0.19707935928749684,0.6012713162007003,0.28427926151056826,19.60418774634865,,pso,71
19,0.2842539740119959,380,142.61342483355196,57.38657516644804,90.0,18,20.0,40.0,2.0,True,0.19702822253426244,0.6013403625802086,0.2842539740119959,19.60118991655283,,pso,71
20,0.28421710380124215,400,142.52661913087775,57.47338086912225,90.0,18,20.0,40.0,2.0,True,0.19695370668557163,0.6014410147989447,0.28421710380124215,19.59682071435259,,pso,71
21,0.28421710380124215,420,142.52661913087775,57.47338086912225,90.0,18,20.0,40.0,2.0,True,0.19695370668557163,0.6014410147989447,0.28421710380124215,19.59682071435259,,pso,71
22,0.28421710380124215,440,142.52661913087775,57.47338086912225,90.0,18,20.0,40.0,2.0,True,0.19695370668557163,0.6014410147989447,0.28421710380124215,19.59682071435259,,pso,71
23,0.28421710380124215,460,142.52661913087775,57.47338086912225,90.0,18,20.0,40.0,2.0,True,0.19695370668557163,0.6014410147989447,0.28421710380124215,19.59682071435259,,pso,71
24,0.28421710380124215,480,142.52661913087775,57.47338086912225,90.0,18,20.0,40.0,2.0,True,0.19695370668557163,0.6014410147989447,0.28421710380124215,19.59682071435259,,pso,71
25,0.2842105957887715,500,142.51129559807816,57.48870440192184,90.0,18,20.0,40.0,2.0,True,0.196940567405003,0.6014587723568855,0.2842105957887715,19.596049919081263,,pso,71
26,0.2842105957887715,520,142.51129559807816,57.48870440192184,90.0,18,20.0,40.0,2.0,True,0.196940567405003,0.6014587723568855,0.2842105957887715,19.596049919081263,,pso,71
27,0.2842105957887715,540,142.51129559807816,57.48870440192184,90.0,18,20.0,40.0,2.0,True,0.196940567405003,0.6014587723568855,0.2842105957887715,19.596049919081263,,pso,71
28,0.2842105957887715,560,142.51129559807816,57.48870440192184,90.0,18,20.0,40.0,2.0,True,0.196940567405003,0.6014587723568855,0.2842105957887715,19.596049919081263,,pso,71
29,0.2842105957887715,580,142.51129559807816,57.48870440192184,90.0,18,20.0,40.0,2.0,True,0.196940567405003,0.6014587723568855,0.2842105957887715,19.596049919081263,,pso,71
30,0.2842105957887715,600,142.51129559807816,57.48870440192184,90.0,18,20.0,40.0,2.0,True,0.196940567405003,0.6014587723568855,0.2842105957887715,19.596049919081263,,pso,71
1,0.29026511725010135,20,128.77302401613292,71.22697598386708,90.0,18,20.0,20.0,1.0,True,0.17651060919669045,0.5882629681117707,0.29026511725010135,19.510861838354487,,ga,42
2,0.29026511725010135,40,128.77302401613292,71.22697598386708,90.0,18,20.0,20.0,1.0,True,0.17651060919669045,0.5882629681117707,0.29026511725010135,19.510861838354487,,ga,42
3,0.29026511725010135,60,128.77302401613292,71.22697598386708,90.0,18,20.0,20.0,1.0,True,0.17651060919669045,0.5882629681117707,0.29026511725010135,19.510861838354487,,ga,42
4,0.29026511725010135,80,128.77302401613292,71.22697598386708,90.0,18,20.0,20.0,1.0,True,0.17651060919669045,0.5882629681117707,0.29026511725010135,19.510861838354487,,ga,42
5,0.29026511725010135,100,128.77302401613292,71.22697598386708,90.0,18,20.0,20.0,1.0,True,0.17651060919669045,0.5882629681117707,0.29026511725010135,19.510861838354487,,ga,42
6,0.2891252550876415,120,135.67279174674889,64.32720825325111,85.0,17,25.0,50.0,2.0,True,0.19826139259642284,0.6132788013835824,0.2891252550876415,19.970498780592926,,ga,42
7,0.28635973150333427,140,127.80024384280276,72.19975615719724,85.0,17,30.0,30.0,1.0,True,0.19126531211116599,0.6116147793328459,0.28635973150333427,19.6050621576642,,ga,42
8,0.2847637939084179,160,128.5381926374878,71.46180736251219,85.0,17,25.0,25.0,1.0,True,0.1932464007229418,0.6098998279340515,0.2847637939084179,19.542719559900686,,ga,42
9,0.2847637939084179,180,128.5381926374878,71.46180736251219,85.0,17,25.0,25.0,1.0,True,0.1932464007229418,0.6098998279340515,0.2847637939084179,19.542719559900686,,ga,42
10,0.28436295378391113,200,127.6578082213591,72.3421917786409,85.0,17,25.0,25.0,1.0,True,0.19263193876884285,0.6108695140011831,0.28436295378391113,19.500184839326835,,ga,42
11,0.28436295378391113,220,127.6578082213591,72.3421917786409,85.0,17,25.0,25.0,1.0,True,0.19263193876884285,0.6108695140011831,0.28436295378391113,19.500184839326835,,ga,42
12,0.28237539111590365,240,127.80864252550776,72.19135747449224,85.0,17,20.0,20.0,1.0,True,0.19667419114075574,0.6082554967990109,0.28237539111590365,19.458490593685667,,ga,42
13,0.28231655086198904,260,127.6766286658408,72.3233713341592,85.0,17,20.0,20.0,1.0,True,0.19648503162904607,0.6084722730841283,0.28231655086198904,19.44982509024959,,ga,42
14,0.28230833999066535,280,127.6579918996529,72.3420081003471,85.0,17,20.0,20.0,1.0,True,0.1964706864379733,0.6084932371410869,0.28230833999066535,19.44891033045438,,ga,42
15,0.2823053375523034,300,127.65117691001576,72.34882308998424,85.0,17,20.0,20.0,1.0,True,0.19646544132808014,0.608500902825006,0.2823053375523034,19.448575852644044,,ga,42
16,0.28230426621481974,320,127.64874514864182,72.35125485135818,85.0,17,20.0,20.0,1.0,True,0.19646356975499685,0.6085036381357039,0.28230426621481974,19.44845650450704,,ga,42
17,0.28230426621481974,340,127.64874514864182,72.35125485135818,85.0,17,20.0,20.0,1.0,True,0.19646356975499685,0.6085036381357039,0.28230426621481974,19.44845650450704,,ga,42
18,0.28230372187618147,360,127.64750958469114,72.35249041530886,85.0,17,20.0,20.0,1.0,True,0.19646261882257984,0.6085050279313179,0.28230372187618147,19.448395864816984,,ga,42
19,0.2823033978664782,380,127.646774131832,72.353225868168,85.0,17,20.0,20.0,1.0,True,0.19646205279380938,0.6085058551885048,0.2823033978664782,19.448359769986837,,ga,42
20,0.2823028935288288,400,127.64562935999362,72.35437064000638,85.0,17,20.0,20.0,1.0,True,0.19646117174112337,0.6085071428587053,0.2823028935288288,19.448303586642187,,ga,42
21,0.282302542601425,420,127.64483280534328,72.35516719465672,85.0,17,20.0,20.0,1.0,True,0.19646055868847495,0.6085080388448328,0.282302542601425,19.44826449331166,,ga,42
22,0.2823024045408771,440,127.64451942748107,72.35548057251893,85.0,17,20.0,20.0,1.0,True,0.19646031750359277,0.6085083913406936,0.2823024045408771,19.44824911337609,,ga,42
23,0.2823022371348728,460,127.64413943936167,72.35586056063833,85.0,17,20.0,20.0,1.0,True,0.1964600250536638,0.608508818761566,0.2823022371348728,19.44823046437112,,ga,42
24,0.2823020810800532,480,127.64378521660731,72.35621478339269,85.0,17,20.0,20.0,1.0,True,0.19645975243368793,0.6085092172008619,0.2823020810800532,19.448213079898817,,ga,42
25,0.2823019438166242,500,127.64347364751437,72.35652635248563,85.0,17,20.0,20.0,1.0,True,0.19645951264133274,0.6085095676621703,0.2823019438166242,19.44819778879305,,ga,42
26,0.2823019438166242,520,127.64347364751437,72.35652635248563,85.0,17,20.0,20.0,1.0,True,0.19645951264133274,0.6085095676621703,0.2823019438166242,19.44819778879305,,ga,42
27,0.2823019438166242,540,127.64347364751437,72.35652635248563,85.0,17,20.0,20.0,1.0,True,0.19645951264133274,0.6085095676621703,0.2823019438166242,19.44819778879305,,ga,42
28,0.28230192307993346,560,127.64342657806542,72.35657342193458,85.0,17,20.0,20.0,1.0,True,0.19645947641536976,0.6085096206071544,0.28230192307993346,19.44819547873258,,ga,42
29,0.2823018506637517,580,127.64326220321624,72.35673779678376,85.0,17,20.0,20.0,1.0,True,0.196459349907917,0.6085098055004127,0.2823018506637517,19.44818741159558,,ga,42
30,0.28230183599402325,600,127.64322890492909,72.35677109507091,85.0,17,20.0,20.0,1.0,True,0.19645932428063415,0.6085098429552229,0.28230183599402325,19.44818577739335,,ga,42
1,0.32089591542225,20,68.28501720448766,131.71498279551236,75.0,15,15.0,30.0,2.0,True,0.16310023041877073,0.5780346697044305,0.32089591542225,21.22828193442127,,ga,43
2,0.32089591542225,40,68.28501720448766,131.71498279551236,75.0,15,15.0,30.0,2.0,True,0.16310023041877073,0.5780346697044305,0.32089591542225,21.22828193442127,,ga,43
3,0.32089591542225,60,68.28501720448766,131.71498279551236,75.0,15,15.0,30.0,2.0,True,0.16310023041877073,0.5780346697044305,0.32089591542225,21.22828193442127,,ga,43
4,0.3069668949344943,80,123.18087419472567,76.81912580527433,95.0,19,20.0,40.0,2.0,True,0.1379481881514232,0.5735371828103343,0.3069668949344943,19.709972427727624,,ga,43
5,0.29558268861839676,100,96.78255041244944,103.21744958755056,75.0,15,10.0,20.0,2.0,True,0.1937984056520337,0.6102097867853385,0.29558268861839676,20.286946171585946,,ga,43
6,0.2910556415095035,120,143.6254366435183,56.3745633564817,90.0,18,30.0,60.0,2.0,True,0.19237687287795788,0.6033958381879815,0.2910556415095035,19.95971641277764,,ga,43
7,0.2910556415095035,140,143.6254366435183,56.3745633564817,90.0,18,30.0,60.0,2.0,True,0.19237687287795788,0.6033958381879815,0.2910556415095035,19.95971641277764,,ga,43
8,0.2910556415095035,160,143.6254366435183,56.3745633564817,90.0,18,30.0,60.0,2.0,True,0.19237687287795788,0.6033958381879815,0.2910556415095035,19.95971641277764,,ga,43
9,0.28513538217511536,180,139.53281030786158,60.46718969213842,90.0,18,15.0,30.0,2.0,True,0.19688530259278025,0.5922921541257684,0.28513538217511536,19.6511984853944,,ga,43
10,0.28513538217511536,200,139.53281030786158,60.46718969213842,90.0,18,15.0,30.0,2.0,True,0.19688530259278025,0.5922921541257684,0.28513538217511536,19.6511984853944,,ga,43
11,0.2844505828451658,220,138.00857944160262,61.99142055839738,90.0,18,15.0,30.0,2.0,True,0.19523308480439266,0.5943624749924503,0.2844505828451658,19.563400217567278,,ga,43
12,0.2844505828451658,240,138.00857944160262,61.99142055839738,90.0,18,15.0,30.0,2.0,True,0.19523308480439266,0.5943624749924503,0.2844505828451658,19.563400217567278,,ga,43
13,0.2844505828451658,260,138.00857944160262,61.99142055839738,90.0,18,15.0,30.0,2.0,True,0.19523308480439266,0.5943624749924503,0.2844505828451658,19.563400217567278,,ga,43
14,0.2843655331814354,280,128.0534805131258,71.9465194868742,85.0,17,15.0,30.0,2.0,True,0.19684996320952,0.6083986368285282,0.2843655331814354,19.59732065705289,,ga,43
15,0.2843655331814354,300,128.0534805131258,71.9465194868742,85.0,17,15.0,30.0,2.0,True,0.19684996320952,0.6083986368285282,0.2843655331814354,19.59732065705289,,ga,43
16,0.2843655331814354,320,128.0534805131258,71.9465194868742,85.0,17,15.0,30.0,2.0,True,0.19684996320952,0.6083986368285282,0.2843655331814354,19.59732065705289,,ga,43
17,0.2843655331814354,340,128.0534805131258,71.9465194868742,85.0,17,15.0,30.0,2.0,True,0.19684996320952,0.6083986368285282,0.2843655331814354,19.59732065705289,,ga,43
18,0.2842907867957235,360,142.6990274518846,57.300972548115396,90.0,18,20.0,40.0,2.0,True,0.1971532538911072,0.6012010751510698,0.2842907867957235,19.606805403372963,,ga,43
19,0.2842907867957235,380,142.6990274518846,57.300972548115396,90.0,18,20.0,40.0,2.0,True,0.1971532538911072,0.6012010751510698,0.2842907867957235,19.606805403372963,,ga,43
20,0.2842907867957235,400,142.6990274518846,57.300972548115396,90.0,18,20.0,40.0,2.0,True,0.1971532538911072,0.6012010751510698,0.2842907867957235,19.606805403372963,,ga,43
21,0.2842907867957235,420,142.6990274518846,57.300972548115396,90.0,18,20.0,40.0,2.0,True,0.1971532538911072,0.6012010751510698,0.2842907867957235,19.606805403372963,,ga,43
22,0.2842907867957235,440,142.6990274518846,57.300972548115396,90.0,18,20.0,40.0,2.0,True,0.1971532538911072,0.6012010751510698,0.2842907867957235,19.606805403372963,,ga,43
23,0.2842907867957235,460,142.6990274518846,57.300972548115396,90.0,18,20.0,40.0,2.0,True,0.1971532538911072,0.6012010751510698,0.2842907867957235,19.606805403372963,,ga,43
24,0.2842907867957235,480,142.6990274518846,57.300972548115396,90.0,18,20.0,40.0,2.0,True,0.1971532538911072,0.6012010751510698,0.2842907867957235,19.606805403372963,,ga,43
25,0.2842907867957235,500,142.6990274518846,57.300972548115396,90.0,18,20.0,40.0,2.0,True,0.1971532538911072,0.6012010751510698,0.2842907867957235,19.606805403372963,,ga,43
26,0.2842907867957235,520,142.6990274518846,57.300972548115396,90.0,18,20.0,40.0,2.0,True,0.1971532538911072,0.6012010751510698,0.2842907867957235,19.606805403372963,,ga,43
27,0.2842907867957235,540,142.6990274518846,57.300972548115396,90.0,18,20.0,40.0,2.0,True,0.1971532538911072,0.6012010751510698,0.2842907867957235,19.606805403372963,,ga,43
28,0.2842907867957235,560,142.6990274518846,57.300972548115396,90.0,18,20.0,40.0,2.0,True,0.1971532538911072,0.6012010751510698,0.2842907867957235,19.606805403372963,,ga,43
29,0.2842907867957235,580,142.6990274518846,57.300972548115396,90.0,18,20.0,40.0,2.0,True,0.1971532538911072,0.6012010751510698,0.2842907867957235,19.606805403372963,,ga,43
30,0.2842907867957235,600,142.6990274518846,57.300972548115396,90.0,18,20.0,40.0,2.0,True,0.1971532538911072,0.6012010751510698,0.2842907867957235,19.606805403372963,,ga,43
1,0.286607091665715,20,136.70202450426444,63.29797549573556,90.0,18,15.0,15.0,1.0,True,0.19569419035666408,0.5813555146480791,0.286607091665715,19.719614903881954,,ga,44
2,0.286607091665715,40,136.70202450426444,63.29797549573556,90.0,18,15.0,15.0,1.0,True,0.19569419035666408,0.5813555146480791,0.286607091665715,19.719614903881954,,ga,44
3,0.286607091665715,60,136.70202450426444,63.29797549573556,90.0,18,15.0,15.0,1.0,True,0.19569419035666408,0.5813555146480791,0.286607091665715,19.719614903881954,,ga,44
4,0.286607091665715,80,136.70202450426444,63.29797549573556,90.0,18,15.0,15.0,1.0,True,0.19569419035666408,0.5813555146480791,0.286607091665715,19.719614903881954,,ga,44
5,0.286607091665715,100,136.70202450426444,63.29797549573556,90.0,18,15.0,15.0,1.0,True,0.19569419035666408,0.5813555146480791,0.286607091665715,19.719614903881954,,ga,44
6,0.28646337400819283,120,136.55874417086855,63.44125582913145,90.0,18,15.0,15.0,1.0,True,0.1956686179589349,0.5816103329348429,0.28646337400819283,19.709116618881627,,ga,44
7,0.28646337400819283,140,136.55874417086855,63.44125582913145,90.0,18,15.0,15.0,1.0,True,0.1956686179589349,0.5816103329348429,0.28646337400819283,19.709116618881627,,ga,44
8,0.28646337400819283,160,136.55874417086855,63.44125582913145,90.0,18,15.0,15.0,1.0,True,0.1956686179589349,0.5816103329348429,0.28646337400819283,19.709116618881627,,ga,44
9,0.28646337400819283,180,136.55874417086855,63.44125582913145,90.0,18,15.0,15.0,1.0,True,0.1956686179589349,0.5816103329348429,0.28646337400819283,19.709116618881627,,ga,44
10,0.2864462755313269,200,136.5418566630731,63.458143336926895,90.0,18,15.0,15.0,1.0,True,0.19568155154061923,0.581629214000454,0.2864462755313269,19.708257757989998,,ga,44
11,0.2864386609526241,220,136.5343355086057,63.46566449139431,90.0,18,15.0,15.0,1.0,True,0.19568731133976297,0.5816376230216481,0.2864386609526241,19.70787526683568,,ga,44
12,0.2864386609526241,240,136.5343355086057,63.46566449139431,90.0,18,15.0,15.0,1.0,True,0.19568731133976297,0.5816376230216481,0.2864386609526241,19.70787526683568,,ga,44
13,0.2864384862490076,260,136.53416294463136,63.46583705536864,90.0,18,15.0,15.0,1.0,True,0.1956874434886099,0.5816378159566722,0.2864384862490076,19.707866491159304,,ga,44
14,0.28643692952651756,280,136.5326252801769,63.46737471982311,90.0,18,15.0,15.0,1.0,True,0.1956886210205264,0.5816395351412792,0.28643692952651756,19.707788294065615,,ga,44
15,0.28643481928810177,300,136.53054085445038,63.46945914554962,90.0,18,15.0,15.0,1.0,True,0.19569021724153862,0.5816418656319223,0.28643481928810177,19.70768229246137,,ga,44
16,0.28643361969523184,320,136.5293559240018,63.470644075998194,90.0,18,15.0,15.0,1.0,True,0.19569112463445426,0.5816431904425347,0.28643361969523184,19.70762203426291,,ga,44
17,0.28643361969523184,340,136.5293559240018,63.470644075998194,90.0,18,15.0,15.0,1.0,True,0.19569112463445426,0.5816431904425347,0.28643361969523184,19.70762203426291,,ga,44
18,0.28643361969523184,360,136.5293559240018,63.470644075998194,90.0,18,15.0,15.0,1.0,True,0.19569112463445426,0.5816431904425347,0.28643361969523184,19.70762203426291,,ga,44
19,0.2864335428727681,380,136.52928004025088,63.47071995974912,90.0,18,15.0,15.0,1.0,True,0.19569118274430286,0.5816432752843064,0.2864335428727681,19.7076181752963,,ga,44
20,0.28643340996899014,400,136.52914876037912,63.470851239620885,90.0,18,15.0,15.0,1.0,True,0.19569128327503357,0.58164342206167,0.28643340996899014,19.707611499236737,,ga,44
21,0.28643340996899014,420,136.52914876037912,63.470851239620885,90.0,18,15.0,15.0,1.0,True,0.19569128327503357,0.58164342206167,0.28643340996899014,19.707611499236737,,ga,44
22,0.2864333976555885,440,136.5291365974257,63.47086340257431,90.0,18,15.0,15.0,1.0,True,0.19569129258910495,0.5816434356604511,0.2864333976555885,19.707610880706437,,ga,44
23,0.2864333891618372,460,136.5291282074527,63.470871792547314,90.0,18,15.0,15.0,1.0,True,0.1956912990139263,0.5816434450408542,0.2864333891618372,19.707610454045895,,ga,44
24,0.28643337680018494,480,136.52911599683685,63.47088400316315,90.0,18,15.0,15.0,1.0,True,0.19569130836449514,0.5816434586929242,0.28643337680018494,19.707609833091826,,ga,44
25,0.2864333708929493,500,136.52911016177623,63.47088983822377,90.0,18,15.0,15.0,1.0,True,0.195691312832831,0.5816434652168094,0.2864333708929493,19.707609536357868,,ga,44
26,0.28643336785110113,520,136.52910715709353,63.470892842906466,90.0,18,15.0,15.0,1.0,True,0.19569131513373797,0.5816434685761925,0.28643336785110113,19.70760938355887,,ga,44
27,0.2864333661214298,540,136.52910544855547,63.47089455144453,90.0,18,15.0,15.0,1.0,True,0.19569131644209142,0.5816434704864224,0.2864333661214298,19.707609296673517,,ga,44
28,0.2864333642086321,560,136.52910355912843,63.47089644087157,90.0,18,15.0,15.0,1.0,True,0.1956913178889649,0.5816434725988949,0.2864333642086321,19.707609200589314,,ga,44
29,0.2864333635008378,580,136.52910285998192,63.47089714001808,90.0,18,15.0,15.0,1.0,True,0.19569131842435286,0.5816434733805751,0.2864333635008378,19.70760916503519,,ga,44
30,0.2864333635008378,600,136.52910285998192,63.47089714001808,90.0,18,15.0,15.0,1.0,True,0.19569131842435286,0.5816434733805751,0.2864333635008378,19.70760916503519,,ga,44
1,0.2867705715421119,20,141.4305849440772,58.5694150559228,90.0,18,15.0,30.0,2.0,True,0.1967313396465253,0.5897497227795035,0.2867705715421119,19.760193483929474,,ga,45
2,0.2867705715421119,40,141.4305849440772,58.5694150559228,90.0,18,15.0,30.0,2.0,True,0.1967313396465253,0.5897497227795035,0.2867705715421119,19.760193483929474,,ga,45
3,0.2867705715421119,60,141.4305849440772,58.5694150559228,90.0,18,15.0,30.0,2.0,True,0.1967313396465253,0.5897497227795035,0.2867705715421119,19.760193483929474,,ga,45
4,0.2867705715421119,80,141.4305849440772,58.5694150559228,90.0,18,15.0,30.0,2.0,True,0.1967313396465253,0.5897497227795035,0.2867705715421119,19.760193483929474,,ga,45
5,0.2867705715421119,100,141.4305849440772,58.5694150559228,90.0,18,15.0,30.0,2.0,True,0.1967313396465253,0.5897497227795035,0.2867705715421119,19.760193483929474,,ga,45
6,0.2846807065855203,120,138.53167685996303,61.46832314003697,90.0,18,15.0,30.0,2.0,True,0.19589512432911513,0.5935922195299321,0.2846807065855203,19.59543462622492,,ga,45
7,0.28465924697781336,140,138.48670827497403,61.513291725025965,90.0,18,15.0,30.0,2.0,True,0.1958898956593496,0.5936243901953717,0.28465924697781336,19.59380115547481,,ga,45
8,0.28465924697781336,160,138.48670827497403,61.513291725025965,90.0,18,15.0,30.0,2.0,True,0.1958898956593496,0.5936243901953717,0.28465924697781336,19.59380115547481,,ga,45
9,0.2846587301258419,180,138.48553259176927,61.51446740823073,90.0,18,15.0,30.0,2.0,True,0.19588893553628217,0.5936257273465656,0.2846587301258419,19.59374207796114,,ga,45
10,0.284650523684059,200,138.4668650664543,61.53313493354571,90.0,18,15.0,30.0,2.0,True,0.19587369095098833,0.5936469586643747,0.284650523684059,19.59280407948354,,ga,45
11,0.2845706928721294,220,138.28604744153083,61.713952558469174,90.0,18,15.0,30.0,2.0,True,0.19567293842598354,0.5938930094785121,0.2845706928721294,19.582389709170876,,ga,45
12,0.284533377024568,240,138.20378157840952,61.79621842159048,90.0,18,15.0,30.0,2.0,True,0.19560952268778825,0.5939868933915584,0.284533377024568,19.57824966115831,,ga,45
13,0.28453273907330695,260,138.20232483985205,61.797675160147946,90.0,18,15.0,30.0,2.0,True,0.19560833310456147,0.5939885461995312,0.28453273907330695,19.578176680636137,,ga,45
14,0.28453273907330695,280,138.20232483985205,61.797675160147946,90.0,18,15.0,30.0,2.0,True,0.19560833310456147,0.5939885461995312,0.28453273907330695,19.578176680636137,,ga,45
15,0.2845299709201253,300,138.1929524986289,61.8070475013711,90.0,18,15.0,30.0,2.0,True,0.19554996305571523,0.594033334714108,0.2845299709201253,19.576581504161656,,ga,45
16,0.28452863227475617,320,138.18989555894314,61.810104441056865,90.0,18,15.0,30.0,2.0,True,0.19554746661395214,0.5940368031621742,0.28452863227475617,19.57642837604316,,ga,45
17,0.28452863227475617,340,138.18989555894314,61.810104441056865,90.0,18,15.0,30.0,2.0,True,0.19554746661395214,0.5940368031621742,0.28452863227475617,19.57642837604316,,ga,45
18,0.28452863227475617,360,138.18989555894314,61.810104441056865,90.0,18,15.0,30.0,2.0,True,0.19554746661395214,0.5940368031621742,0.28452863227475617,19.57642837604316,,ga,45
19,0.2845280707013857,380,138.18861314121372,61.81138685878628,90.0,18,15.0,30.0,2.0,True,0.19554641933493172,0.5940382582119138,0.2845280707013857,19.57636413775042,,ga,45
20,0.28452797248667316,400,138.1883888562597,61.81161114374029,90.0,18,15.0,30.0,2.0,True,0.1955462361741673,0.5940385126888728,0.28452797248667316,19.5763529030016,,ga,45
21,0.28452763437122797,420,138.18761672882175,61.81238327117825,90.0,18,15.0,30.0,2.0,True,0.1955456056221678,0.5940393887558528,0.28452763437122797,19.576314226125785,,ga,45
22,0.28452763437122797,440,138.18761672882175,61.81238327117825,90.0,18,15.0,30.0,2.0,True,0.1955456056221678,0.5940393887558528,0.28452763437122797,19.576314226125785,,ga,45
23,0.28426685537133856,460,137.5909353520855,62.409064647914505,90.0,18,15.0,30.0,2.0,True,0.1948565439333941,0.5948661772324975,0.28426685537133856,19.54153801415716,,ga,45
24,0.28426685537133856,480,137.5909353520855,62.409064647914505,90.0,18,15.0,30.0,2.0,True,0.1948565439333941,0.5948661772324975,0.28426685537133856,19.54153801415716,,ga,45
25,0.28424737006081624,500,137.54555238650894,62.454447613491055,90.0,18,15.0,30.0,2.0,True,0.19481869645739155,0.5949175222518105,0.28424737006081624,19.53927592430792,,ga,45
26,0.28423874274022853,520,137.5254027447897,62.47459725521031,90.0,18,15.0,30.0,2.0,True,0.19480183956675132,0.5949403097660324,0.28423874274022853,19.538272004302275,,ga,45
27,0.28423865687690847,540,137.52520220218761,62.474797797812386,90.0,18,15.0,30.0,2.0,True,0.1948016717987221,0.5949405365624917,0.28423865687690847,19.538262013010876,,ga,45
28,0.2842314035147078,560,137.50826098090388,62.491739019096116,90.0,18,15.0,30.0,2.0,True,0.1947874994808538,0.594959695628758,0.2842314035147078,19.53741800699109,,ga,45
29,0.28422989970690843,580,137.50474857014805,62.49525142985195,90.0,18,15.0,30.0,2.0,True,0.19478456119634416,0.5949636678636576,0.28422989970690843,19.537243026656608,,ga,45
30,0.2842295862309695,600,137.50401638863747,62.49598361136253,90.0,18,15.0,30.0,2.0,True,0.19478394869686594,0.5949644958980622,0.2842295862309695,19.537206551329305,,ga,45
1,0.3187433491981319,20,124.39040731716477,75.60959268283523,100.0,20,25.0,50.0,2.0,True,0.11592506445904652,0.5573219199787606,0.3187433491981319,19.956658274259244,,ga,46
2,0.3134828673124382,40,126.83948703991341,73.16051296008659,95.0,19,25.0,50.0,2.0,True,0.13412065802176262,0.5712143138067478,0.3134828673124382,20.042378886368994,,ga,46
3,0.28816561896125553,60,133.26634956777445,66.73365043222555,90.0,18,15.0,30.0,2.0,True,0.18545562802181675,0.5920205023127092,0.28816561896125553,19.58035694408346,,ga,46
4,0.28816561896125553,80,133.26634956777445,66.73365043222555,90.0,18,15.0,30.0,2.0,True,0.18545562802181675,0.5920205023127092,0.28816561896125553,19.58035694408346,,ga,46
5,0.28767731993912454,100,127.5034835112817,72.4965164887183,85.0,17,20.0,40.0,2.0,True,0.1894532157251145,0.6132384652070316,0.28767731993912454,19.650441723955883,,ga,46
6,0.28448484054172823,120,133.12167232865497,66.87832767134503,90.0,18,10.0,20.0,2.0,True,0.19880046228741308,0.5836853050724521,0.28448484054172823,19.644810571265467,,ga,46
7,0.28448484054172823,140,133.12167232865497,66.87832767134503,90.0,18,10.0,20.0,2.0,True,0.19880046228741308,0.5836853050724521,0.28448484054172823,19.644810571265467,,ga,46
8,0.28448484054172823,160,133.12167232865497,66.87832767134503,90.0,18,10.0,20.0,2.0,True,0.19880046228741308,0.5836853050724521,0.28448484054172823,19.644810571265467,,ga,46
9,0.2842106135827657,180,132.5030710030592,67.4969289969408,90.0,18,10.0,20.0,2.0,True,0.1981323166438002,0.5845001494760701,0.2842106135827657,19.60943921604004,,ga,46
10,0.2842106135827657,200,132.5030710030592,67.4969289969408,90.0,18,10.0,20.0,2.0,True,0.1981323166438002,0.5845001494760701,0.2842106135827657,19.60943921604004,,ga,46
11,0.2842106135827657,220,132.5030710030592,67.4969289969408,90.0,18,10.0,20.0,2.0,True,0.1981323166438002,0.5845001494760701,0.2842106135827657,19.60943921604004,,ga,46
12,0.28421032550736924,240,132.5024086827928,67.4975913172072,90.0,18,10.0,20.0,2.0,True,0.19813177390139225,0.5845008837598022,0.28421032550736924,19.609406032458878,,ga,46
13,0.2842101821121388,260,132.5020789994858,67.4979210005142,90.0,18,10.0,20.0,2.0,True,0.19813150374061614,0.5845012492643796,0.2842101821121388,19.609389514691348,,ga,46
14,0.28421004173450415,280,132.5017562538201,67.4982437461799,90.0,18,10.0,20.0,2.0,True,0.1981312392650783,0.5845016070775163,0.28421004173450415,19.60937334453299,,ga,46
15,0.2842100279367183,300,132.50172453098193,67.49827546901807,90.0,18,10.0,20.0,2.0,True,0.19813121326964916,0.5845016422471543,0.2842100279367183,19.609371755160847,,ga,46
16,0.284210021895617,320,132.5017106417329,67.4982893582671,90.0,18,10.0,20.0,2.0,True,0.198131201888039,0.5845016576455198,0.284210021895617,19.609371059284157,,ga,46
17,0.28420997849824453,340,132.50161086572382,67.49838913427618,90.0,18,10.0,20.0,2.0,True,0.19813112012612974,0.5845017682625493,0.28420997849824453,19.609366060325325,,ga,46
18,0.28420997205190257,360,132.50159604477258,67.49840395522742,90.0,18,10.0,20.0,2.0,True,0.1981311079810343,0.5845017846938497,0.28420997205190257,19.60936531776898,,ga,46
19,0.2842099444413996,380,132.50153256474837,67.49846743525163,90.0,18,10.0,20.0,2.0,True,0.19813105596204542,0.5845018550712057,0.2842099444413996,19.60936213730591,,ga,46
20,0.2842099444413996,400,132.50153256474837,67.49846743525163,90.0,18,10.0,20.0,2.0,True,0.19813105596204542,0.5845018550712057,0.2842099444413996,19.60936213730591,,ga,46
21,0.2842099444413996,420,132.50153256474837,67.49846743525163,90.0,18,10.0,20.0,2.0,True,0.19813105596204542,0.5845018550712057,0.2842099444413996,19.60936213730591,,ga,46
22,0.2842099424715837,440,132.50152803589327,67.49847196410673,90.0,18,10.0,20.0,2.0,True,0.19813105225085514,0.584501860092137,0.2842099424715837,19.609361910402182,,ga,46
23,0.2842099408269594,460,132.50152425469474,67.49847574530526,90.0,18,10.0,20.0,2.0,True,0.19813104915233537,0.5845018642841764,0.2842099408269594,19.609361720957377,,ga,46
24,0.2842099408269594,480,132.50152425469474,67.49847574530526,90.0,18,10.0,20.0,2.0,True,0.19813104915233537,0.5845018642841764,0.2842099408269594,19.609361720957377,,ga,46
25,0.2842099400993697,500,132.50152258187404,67.49847741812596,90.0,18,10.0,20.0,2.0,True,0.19813104778153504,0.584501866138755,0.2842099400993697,19.60936163714608,,ga,46
26,0.28420993983281895,520,132.50152177176088,67.49847822823912,90.0,18,10.0,20.0,2.0,True,0.19813104740135998,0.5845018666531002,0.28420993983281895,19.609361609433662,,ga,46
27,0.28420993979762,540,132.5015215836115,67.49847841638851,90.0,18,10.0,20.0,2.0,True,0.19813104740135998,0.5845018666531002,0.28420993979762,19.609361607005077,,ga,46
28,0.2842099397944877,560,132.50152156686875,67.49847843313125,90.0,18,10.0,20.0,2.0,True,0.19813104740135998,0.5845018666531002,0.2842099397944877,19.609361606788962,,ga,46
29,0.2842099395767064,580,132.5015214280024,67.4984785719976,90.0,18,10.0,20.0,2.0,True,0.19813104676726073,0.5845018675109837,0.2842099395767064,19.609361576215512,,ga,46
30,0.2842099395658905,600,132.50152137018767,67.49847862981233,90.0,18,10.0,20.0,2.0,True,0.19813104676726073,0.5845018675109837,0.2842099395658905,19.609361575469254,,ga,46
1,0.3127964919827006,20,151.11751838046422,48.88248161953578,100.0,20,45.0,90.0,2.0,True,0.15524965527076484,0.573019352920208,0.3127964919827006,20.50880502165948,,ga,47
2,0.2998319402248729,40,148.62859225802666,51.37140774197334,90.0,18,50.0,100.0,2.0,True,0.1950763223824178,0.6095129616515089,0.2998319402248729,20.638334682285517,,ga,47
3,0.2911075793202033,60,153.59217518049655,46.407824819503446,95.0,19,30.0,60.0,2.0,True,0.19094830362128856,0.5899515170602948,0.2911075793202033,19.929859038822592,,ga,47
4,0.2890502310890638,80,155.13917246471152,44.86082753528848,100.0,20,15.0,30.0,2.0,True,0.19089556615281467,0.5617168251130983,0.2890502310890638,19.77327691350081,,ga,47
5,0.2890502310890638,100,155.13917246471152,44.86082753528848,100.0,20,15.0,30.0,2.0,True,0.19089556615281467,0.5617168251130983,0.2890502310890638,19.77327691350081,,ga,47
6,0.2872599087745314,120,158.51477694655375,41.48522305344625,100.0,20,30.0,30.0,1.0,True,0.1859865333104509,0.5724930919689746,0.2872599087745314,19.544726432271723,,ga,47
7,0.2872599087745314,140,158.51477694655375,41.48522305344625,100.0,20,30.0,30.0,1.0,True,0.1859865333104509,0.5724930919689746,0.2872599087745314,19.544726432271723,,ga,47
8,0.2838862026394816,160,159.83617852233422,40.16382147766578,100.0,20,20.0,20.0,1.0,True,0.19865010778556574,0.564219428649992,0.2838862026394816,19.613603607641334,,ga,47
9,0.2837328899801285,180,159.48778375532328,40.51221624467672,100.0,20,20.0,20.0,1.0,True,0.19829243857288978,0.5646599115657726,0.2837328899801285,19.594113812515168,,ga,47
10,0.2830002958862145,200,157.79195678115042,42.20804321884958,100.0,20,20.0,20.0,1.0,True,0.19662914777731125,0.5667262593309942,0.2830002958862145,19.50235319212536,,ga,47
11,0.2830002958862145,220,157.79195678115042,42.20804321884958,100.0,20,20.0,20.0,1.0,True,0.19662914777731125,0.5667262593309942,0.2830002958862145,19.50235319212536,,ga,47
12,0.2830002958862145,240,157.79195678115042,42.20804321884958,100.0,20,20.0,20.0,1.0,True,0.19662914777731125,0.5667262593309942,0.2830002958862145,19.50235319212536,,ga,47
13,0.28288224522503186,260,157.50898701603035,42.491012983969654,100.0,20,20.0,20.0,1.0,True,0.19630405662063585,0.5670961331227881,0.28288224522503186,19.48624514155139,,ga,47
14,0.28288224522503186,280,157.50898701603035,42.491012983969654,100.0,20,20.0,20.0,1.0,True,0.19630405662063585,0.5670961331227881,0.28288224522503186,19.48624514155139,,ga,47
15,0.28288224522503186,300,157.50898701603035,42.491012983969654,100.0,20,20.0,20.0,1.0,True,0.19630405662063585,0.5670961331227881,0.28288224522503186,19.48624514155139,,ga,47
16,0.28288224522503186,320,157.50898701603035,42.491012983969654,100.0,20,20.0,20.0,1.0,True,0.19630405662063585,0.5670961331227881,0.28288224522503186,19.48624514155139,,ga,47
17,0.28288224522503186,340,157.50898701603035,42.491012983969654,100.0,20,20.0,20.0,1.0,True,0.19630405662063585,0.5670961331227881,0.28288224522503186,19.48624514155139,,ga,47
18,0.28288224522503186,360,157.50898701603035,42.491012983969654,100.0,20,20.0,20.0,1.0,True,0.19630405662063585,0.5670961331227881,0.28288224522503186,19.48624514155139,,ga,47
19,0.28288224522503186,380,157.50898701603035,42.491012983969654,100.0,20,20.0,20.0,1.0,True,0.19630405662063585,0.5670961331227881,0.28288224522503186,19.48624514155139,,ga,47
20,0.28288224522503186,400,157.50898701603035,42.491012983969654,100.0,20,20.0,20.0,1.0,True,0.19630405662063585,0.5670961331227881,0.28288224522503186,19.48624514155139,,ga,47
21,0.2828811649360422,420,157.5063321457504,42.493667854249594,100.0,20,20.0,20.0,1.0,True,0.1963020171279056,0.5670988207680864,0.2828811649360422,19.48612100260206,,ga,47
22,0.2828800507994179,440,157.50359408085833,42.496405919141665,100.0,20,20.0,20.0,1.0,True,0.19629991373376632,0.5671015926350546,0.2828800507994179,19.485992974792484,,ga,47
23,0.28287958621508313,460,157.50245233029108,42.49754766970892,100.0,20,20.0,20.0,1.0,True,0.19629903663849776,0.5671027484808099,0.28287958621508313,19.485939588617367,,ga,47
24,0.282879074635113,480,157.50119508196786,42.498804918032135,100.0,20,20.0,20.0,1.0,True,0.1962980708195142,0.5671040212501689,0.282879074635113,19.485880802229488,,ga,47
25,0.282879074635113,500,157.50119508196786,42.498804918032135,100.0,20,20.0,20.0,1.0,True,0.1962980708195142,0.5671040212501689,0.282879074635113,19.485880802229488,,ga,47
26,0.2828786814478806,520,157.5002287914109,42.499771208589095,100.0,20,20.0,20.0,1.0,True,0.19629732851583903,0.5671049994698174,0.2828786814478806,19.48583562061742,,ga,47
27,0.28287860272573906,540,157.5000353249695,42.4999646750305,100.0,20,20.0,20.0,1.0,True,0.19629717989520729,0.5671051953246491,0.28287860272573906,19.48582657457268,,ga,47
28,0.28287860272573906,560,157.5000353249695,42.4999646750305,100.0,20,20.0,20.0,1.0,True,0.19629717989520729,0.5671051953246491,0.28287860272573906,19.48582657457268,,ga,47
29,0.28287860272573906,580,157.5000353249695,42.4999646750305,100.0,20,20.0,20.0,1.0,True,0.19629717989520729,0.5671051953246491,0.28287860272573906,19.48582657457268,,ga,47
30,0.28287860272573906,600,157.5000353249695,42.4999646750305,100.0,20,20.0,20.0,1.0,True,0.19629717989520729,0.5671051953246491,0.28287860272573906,19.48582657457268,,ga,47
1,0.294319643872576,20,133.81433603761948,66.18566396238052,85.0,17,35.0,70.0,2.0,True,0.19341358016803087,0.6183271967754442,0.294319643872576,20.209804496217295,,ga,48
2,0.294319643872576,40,133.81433603761948,66.18566396238052,85.0,17,35.0,70.0,2.0,True,0.19341358016803087,0.6183271967754442,0.294319643872576,20.209804496217295,,ga,48
3,0.294319643872576,60,133.81433603761948,66.18566396238052,85.0,17,35.0,70.0,2.0,True,0.19341358016803087,0.6183271967754442,0.294319643872576,20.209804496217295,,ga,48
4,0.28816185098342967,80,118.68771608335247,81.31228391664753,80.0,16,20.0,40.0,2.0,True,0.19526084363481028,0.6254551392643518,0.28816185098342967,19.825845877407506,,ga,48
5,0.28659712180186603,100,128.32776964502764,71.67223035497236,85.0,17,30.0,30.0,1.0,True,0.19171660328216156,0.6109800224678296,0.28659712180186603,19.632327425442877,,ga,48
6,0.2857570564319852,120,125.89546509677479,74.10453490322521,85.0,17,15.0,15.0,1.0,True,0.1966035251667138,0.5965698742568802,0.2857570564319852,19.6840498482965,,ga,48
7,0.2857570564319852,140,125.89546509677479,74.10453490322521,85.0,17,15.0,15.0,1.0,True,0.1966035251667138,0.5965698742568802,0.2857570564319852,19.6840498482965,,ga,48
8,0.2857570564319852,160,125.89546509677479,74.10453490322521,85.0,17,15.0,15.0,1.0,True,0.1966035251667138,0.5965698742568802,0.2857570564319852,19.6840498482965,,ga,48
9,0.2846790427232391,180,124.69993134959499,75.30006865040501,85.0,17,15.0,15.0,1.0,True,0.1971279925081054,0.5979536372012554,0.2846790427232391,19.62252591730248,,ga,48
10,0.2846790427232391,200,124.69993134959499,75.30006865040501,85.0,17,15.0,15.0,1.0,True,0.1971279925081054,0.5979536372012554,0.2846790427232391,19.62252591730248,,ga,48
11,0.2823447711574497,220,127.74067747578312,72.25932252421688,85.0,17,20.0,20.0,1.0,True,0.19657925451079036,0.6083660280654765,0.2823447711574497,19.454062825927515,,ga,48
12,0.2822941549986241,240,127.6257938209157,72.3742061790843,85.0,17,20.0,20.0,1.0,True,0.1964459059653419,0.6085294544073698,0.2822941549986241,19.447330131781968,,ga,48
13,0.2822898404531396,260,127.61599948193854,72.38400051806146,85.0,17,20.0,20.0,1.0,True,0.1964383682695929,0.6085404707282283,0.2822898404531396,19.446849507860133,,ga,48
14,0.2822898404531396,280,127.61599948193854,72.38400051806146,85.0,17,20.0,20.0,1.0,True,0.1964383682695929,0.6085404707282283,0.2822898404531396,19.446849507860133,,ga,48
15,0.2822776344291242,300,127.58828976364876,72.41171023635124,85.0,17,20.0,20.0,1.0,True,0.19641704365669116,0.6085716373687159,0.2822776344291242,19.44548984996961,,ga,48
16,0.2822776344291242,320,127.58828976364876,72.41171023635124,85.0,17,20.0,20.0,1.0,True,0.19641704365669116,0.6085716373687159,0.2822776344291242,19.44548984996961,,ga,48
17,0.2822776344291242,340,127.58828976364876,72.41171023635124,85.0,17,20.0,20.0,1.0,True,0.19641704365669116,0.6085716373687159,0.2822776344291242,19.44548984996961,,ga,48
18,0.28227377047650637,360,127.57951766087177,72.42048233912823,85.0,17,20.0,20.0,1.0,True,0.19641029311345393,0.6085815038340012,0.28227377047650637,19.44505945026433,,ga,48
19,0.2822728562620633,380,127.5774421540335,72.4225578459665,85.0,17,20.0,20.0,1.0,True,0.19640869592924529,0.6085838382704174,0.2822728562620633,19.444957618395126,,ga,48
20,0.2822721856633619,400,127.57591971404678,72.42408028595322,85.0,17,20.0,20.0,1.0,True,0.1964075243554825,0.608585550642201,0.2822721856633619,19.44488292248189,,ga,48
21,0.28227187586015995,420,127.57521637580435,72.42478362419565,85.0,17,20.0,20.0,1.0,True,0.19640698311181193,0.6085863417253117,0.28227187586015995,19.44484841453631,,ga,48
22,0.28227184649986015,440,127.57514971982523,72.42485028017477,85.0,17,20.0,20.0,1.0,True,0.19640693181771185,0.6085864166969486,0.28227184649986015,19.444845144192843,,ga,48
23,0.28227172078272816,460,127.5748643071698,72.4251356928302,85.0,17,20.0,20.0,1.0,True,0.19640671218279027,0.6085867377162216,0.28227172078272816,19.444831140995852,,ga,48
24,0.28227172078272816,480,127.5748643071698,72.4251356928302,85.0,17,20.0,20.0,1.0,True,0.19640671218279027,0.6085867377162216,0.28227172078272816,19.444831140995852,,ga,48
25,0.2822716512403561,500,127.5747064266919,72.4252935733081,85.0,17,20.0,20.0,1.0,True,0.19640659068834312,0.6085869152930574,0.2822716512403561,19.444823394914593,,ga,48
26,0.2822716512403561,520,127.5747064266919,72.4252935733081,85.0,17,20.0,20.0,1.0,True,0.19640659068834312,0.6085869152930574,0.2822716512403561,19.444823394914593,,ga,48
27,0.282271634137225,540,127.57466759783271,72.42533240216729,85.0,17,20.0,20.0,1.0,True,0.19640656080820837,0.6085869589660058,0.282271634137225,19.444821489857087,,ga,48
28,0.28227162570205105,560,127.57464844764337,72.42535155235663,85.0,17,20.0,20.0,1.0,True,0.19640654607148367,0.6085869805052745,0.28227162570205105,19.444820550292835,,ga,48
29,0.282271578797269,580,127.57454196073944,72.42545803926056,85.0,17,20.0,20.0,1.0,True,0.19640646412618343,0.6085871002769379,0.282271578797269,19.444815325735362,,ga,48
30,0.2822715741919396,600,127.57453150535929,72.42546849464071,85.0,17,20.0,20.0,1.0,True,0.19640645608041307,0.6085871120366776,0.2822715741919396,19.44481481276409,,ga,48
1,0.3287703430274735,20,72.57083845522725,127.42916154477275,80.0,16,20.0,40.0,2.0,True,0.13190472107430926,0.5727188273153321,0.3287703430274735,20.967971794138087,,ga,49
2,0.29062400586689957,40,147.05826154382962,52.941738456170384,90.0,18,25.0,50.0,2.0,True,0.19464458265091972,0.5976816191315342,0.29062400586689957,19.985582200782684,,ga,49
3,0.29062400586689957,60,147.05826154382962,52.941738456170384,90.0,18,25.0,50.0,2.0,True,0.19464458265091972,0.5976816191315342,0.29062400586689957,19.985582200782684,,ga,49
4,0.29062400586689957,80,147.05826154382962,52.941738456170384,90.0,18,25.0,50.0,2.0,True,0.19464458265091972,0.5976816191315342,0.29062400586689957,19.985582200782684,,ga,49
5,0.29062400586689957,100,147.05826154382962,52.941738456170384,90.0,18,25.0,50.0,2.0,True,0.19464458265091972,0.5976816191315342,0.29062400586689957,19.985582200782684,,ga,49
6,0.288716224462588,120,145.17068037776627,54.829319622233726,90.0,18,25.0,50.0,2.0,True,0.1959577011951714,0.5999484530668652,0.288716224462588,19.886331944934277,,ga,49
7,0.2847721910973341,140,128.9416875811046,71.05831241889541,85.0,17,15.0,30.0,2.0,True,0.19764436606785418,0.6072850745389146,0.2847721910973341,19.644939461046185,,ga,49
8,0.28434473598576493,160,142.81547339789688,57.18452660210312,90.0,18,20.0,40.0,2.0,True,0.19718627250102336,0.6011047416340533,0.28434473598576493,19.611409144131834,,ga,49
9,0.28434473598576493,180,142.81547339789688,57.18452660210312,90.0,18,20.0,40.0,2.0,True,0.19718627250102336,0.6011047416340533,0.28434473598576493,19.611409144131834,,ga,49
10,0.2843041559284934,200,142.72996918663236,57.27003081336764,90.0,18,20.0,40.0,2.0,True,0.19719170676245643,0.6011556507175814,0.2843041559284934,19.608675253525153,,ga,49
11,0.2842161086718704,220,142.5242760609223,57.47572393907771,90.0,18,20.0,40.0,2.0,True,0.19695169757977646,0.6014437300475128,0.2842161086718704,19.59670285168769,,ga,49
12,0.2842161086718704,240,142.5242760609223,57.47572393907771,90.0,18,20.0,40.0,2.0,True,0.19695169757977646,0.6014437300475128,0.2842161086718704,19.59670285168769,,ga,49
13,0.28421501870393456,260,142.52170967919807,57.47829032080193,90.0,18,20.0,40.0,2.0,True,0.19694949700077624,0.6014467040792041,0.28421501870393456,19.59657375706668,,ga,49
14,0.2842145634939931,280,142.52063786225094,57.479362137749064,90.0,18,20.0,40.0,2.0,True,0.19694857795960827,0.6014479461460166,0.2842145634939931,19.59651984270494,,ga,49
15,0.284214409001806,300,142.52027410141852,57.47972589858148,90.0,18,20.0,40.0,2.0,True,0.1969482660492892,0.601448367687455,0.284214409001806,19.596501544917327,,ga,49
16,0.284214409001806,320,142.52027410141852,57.47972589858148,90.0,18,20.0,40.0,2.0,True,0.1969482660492892,0.601448367687455,0.284214409001806,19.596501544917327,,ga,49
17,0.284214409001806,340,142.52027410141852,57.47972589858148,90.0,18,20.0,40.0,2.0,True,0.1969482660492892,0.601448367687455,0.284214409001806,19.596501544917327,,ga,49
18,0.284214359293698,360,142.5201570607413,57.4798429392587,90.0,18,20.0,40.0,2.0,True,0.19694816569164597,0.6014485033191421,0.284214359293698,19.596495657577957,,ga,49
19,0.2842143407224089,380,142.52011333353815,57.47988666646185,90.0,18,20.0,40.0,2.0,True,0.19694812819734447,0.6014485539920745,0.2842143407224089,19.5964934580281,,ga,49
20,0.28421433554937514,400,142.52010115332217,57.47989884667783,90.0,18,20.0,40.0,2.0,True,0.19694811775330426,0.6014485681070242,0.28421433554937514,19.59649284534337,,ga,49
21,0.2842143146061838,420,142.52005184132878,57.47994815867122,90.0,18,20.0,40.0,2.0,True,0.19694807547027615,0.6014486252518477,0.2842143146061838,19.596490364869993,,ga,49
22,0.2842143146061838,440,142.52005184132878,57.47994815867122,90.0,18,20.0,40.0,2.0,True,0.19694807547027615,0.6014486252518477,0.2842143146061838,19.596490364869993,,ga,49
23,0.28421430701548894,460,142.52003396858422,57.479966031415785,90.0,18,20.0,40.0,2.0,True,0.19694806014512567,0.6014486459635401,0.28421430701548894,19.59648946584202,,ga,49
24,0.28421430701548894,480,142.52003396858422,57.479966031415785,90.0,18,20.0,40.0,2.0,True,0.19694806014512567,0.6014486459635401,0.28421430701548894,19.59648946584202,,ga,49
25,0.2842142946905221,500,142.5200049487119,57.479995051288114,90.0,18,20.0,40.0,2.0,True,0.19694803526176824,0.6014486795929955,0.2842142946905221,19.596488006095615,,ga,49
26,0.2842142935837055,520,142.52000234264577,57.47999765735423,90.0,18,20.0,40.0,2.0,True,0.19694803302717287,0.6014486826130153,0.2842142935837055,19.59648787500629,,ga,49
27,0.2842142902796265,540,142.5199945629938,57.48000543700621,90.0,18,20.0,40.0,2.0,True,0.19694802635643865,0.6014486916284051,0.2842142902796265,19.596487483677276,,ga,49
28,0.2842142902796265,560,142.5199945629938,57.48000543700621,90.0,18,20.0,40.0,2.0,True,0.19694802635643865,0.6014486916284051,0.2842142902796265,19.596487483677276,,ga,49
29,0.2842142902796265,580,142.5199945629938,57.48000543700621,90.0,18,20.0,40.0,2.0,True,0.19694802635643865,0.6014486916284051,0.2842142902796265,19.596487483677276,,ga,49
30,0.2842142888078683,600,142.5199910976509,57.48000890234911,90.0,18,20.0,40.0,2.0,True,0.19694802338504858,0.6014486956441909,0.2842142888078683,19.59648730936496,,ga,49
1,0.30202178945617403,20,115.76593445902992,84.23406554097008,85.0,17,35.0,35.0,1.0,True,0.16230657244819716,0.5997757206638288,0.30202178945617403,19.961045430200276,,ga,50
2,0.30202178945617403,40,115.76593445902992,84.23406554097008,85.0,17,35.0,35.0,1.0,True,0.16230657244819716,0.5997757206638288,0.30202178945617403,19.961045430200276,,ga,50
3,0.30129363590002517,60,82.62919917659549,117.37080082340451,70.0,14,35.0,35.0,1.0,True,0.19374560081765427,0.6324793363213963,0.30129363590002517,20.695862562114957,,ga,50
4,0.2972793670407815,80,109.94078645404204,90.05921354595796,80.0,16,35.0,35.0,1.0,True,0.1778288035257425,0.6165112434788477,0.2972793670407815,20.019769938550628,,ga,50
5,0.2895144971839005,100,132.0485198059171,67.9514801940829,85.0,17,30.0,30.0,1.0,True,0.1913531156982434,0.6065807244695254,0.2895144971839005,19.823713810880417,,ga,50
6,0.2895144971839005,120,132.0485198059171,67.9514801940829,85.0,17,30.0,30.0,1.0,True,0.1913531156982434,0.6065807244695254,0.2895144971839005,19.823713810880417,,ga,50
7,0.2895144971839005,140,132.0485198059171,67.9514801940829,85.0,17,30.0,30.0,1.0,True,0.1913531156982434,0.6065807244695254,0.2895144971839005,19.823713810880417,,ga,50
8,0.2895144971839005,160,132.0485198059171,67.9514801940829,85.0,17,30.0,30.0,1.0,True,0.1913531156982434,0.6065807244695254,0.2895144971839005,19.823713810880417,,ga,50
9,0.2872370960638429,180,129.67157921111357,70.32842078888643,85.0,17,30.0,30.0,1.0,True,0.1927386274897669,0.6093769462040338,0.2872370960638429,19.70158997987997,,ga,50
10,0.28436489095087886,200,127.66221181062981,72.33778818937019,85.0,17,25.0,25.0,1.0,True,0.19263554307062153,0.6108644184236388,0.28436489095087886,19.500405088410204,,ga,50
11,0.28436489095087886,220,127.66221181062981,72.33778818937019,85.0,17,25.0,25.0,1.0,True,0.19263554307062153,0.6108644184236388,0.28436489095087886,19.500405088410204,,ga,50
12,0.28436489095087886,240,127.66221181062981,72.33778818937019,85.0,17,25.0,25.0,1.0,True,0.19263554307062153,0.6108644184236388,0.28436489095087886,19.500405088410204,,ga,50
13,0.28433286078963316,260,127.58939608676766,72.41060391323234,85.0,17,25.0,25.0,1.0,True,0.19257596496879578,0.6109486632770426,0.28433286078963316,19.496764046382868,,ga,50
14,0.2843219814611073,280,127.56466072487129,72.43533927512871,85.0,17,25.0,25.0,1.0,True,0.19255572853004574,0.6109772799352577,0.2843219814611073,19.495527456780795,,ga,50
15,0.2843132745815719,300,127.54486389458759,72.45513610541241,85.0,17,25.0,25.0,1.0,True,0.19253954360224718,0.6110001750928676,0.2843132745815719,19.49453809841355,,ga,50
16,0.2843132745815719,320,127.54486389458759,72.45513610541241,85.0,17,25.0,25.0,1.0,True,0.19253954360224718,0.6110001750928676,0.2843132745815719,19.49453809841355,,ga,50
17,0.2843129884534485,340,127.54421331347375,72.45578668652625,85.0,17,25.0,25.0,1.0,True,0.1925390121375186,0.611000927182403,0.2843129884534485,19.49450559643497,,ga,50
18,0.2822642382651149,360,127.5578766631694,72.4421233368306,85.0,17,20.0,20.0,1.0,True,0.19639363980248634,0.6086058446514765,0.2822642382651149,19.44399770306966,,ga,50
19,0.28225880797110914,380,127.54554788552238,72.45445211447762,85.0,17,20.0,20.0,1.0,True,0.1963841625489408,0.6086197040599508,0.28225880797110914,19.443393106326806,,ga,50
20,0.2822541972360941,400,127.5350795988845,72.4649204011155,85.0,17,20.0,20.0,1.0,True,0.19637611950904524,0.6086314690461244,0.2822541972360941,19.442879862913937,,ga,50
21,0.2822541972360941,420,127.5350795988845,72.4649204011155,85.0,17,20.0,20.0,1.0,True,0.19637611950904524,0.6086314690461244,0.2822541972360941,19.442879862913937,,ga,50
22,0.2822523225056137,440,127.53082312527857,72.46917687472143,85.0,17,20.0,20.0,1.0,True,0.19637284919923007,0.6086362527662168,0.2822523225056137,19.442671180469826,,ga,50
23,0.2822523225056137,460,127.53082312527857,72.46917687472143,85.0,17,20.0,20.0,1.0,True,0.19637284919923007,0.6086362527662168,0.2822523225056137,19.442671180469826,,ga,50
24,0.2822508471168679,480,127.5274733128052,72.4725266871948,85.0,17,20.0,20.0,1.0,True,0.19637027550752603,0.6086400175176797,0.2822508471168679,19.442506951274318,,ga,50
25,0.2822508471168679,500,127.5274733128052,72.4725266871948,85.0,17,20.0,20.0,1.0,True,0.19637027550752603,0.6086400175176797,0.2822508471168679,19.442506951274318,,ga,50
26,0.2822508471168679,520,127.5274733128052,72.4725266871948,85.0,17,20.0,20.0,1.0,True,0.19637027550752603,0.6086400175176797,0.2822508471168679,19.442506951274318,,ga,50
27,0.2822508471168679,540,127.5274733128052,72.4725266871948,85.0,17,20.0,20.0,1.0,True,0.19637027550752603,0.6086400175176797,0.2822508471168679,19.442506951274318,,ga,50
28,0.2822508471168679,560,127.5274733128052,72.4725266871948,85.0,17,20.0,20.0,1.0,True,0.19637027550752603,0.6086400175176797,0.2822508471168679,19.442506951274318,,ga,50
29,0.2822508471168679,580,127.5274733128052,72.4725266871948,85.0,17,20.0,20.0,1.0,True,0.19637027550752603,0.6086400175176797,0.2822508471168679,19.442506951274318,,ga,50
30,0.2822508471168679,600,127.5274733128052,72.4725266871948,85.0,17,20.0,20.0,1.0,True,0.19637027550752603,0.6086400175176797,0.2822508471168679,19.442506951274318,,ga,50
1,0.30282512168376735,20,111.21151336486639,88.78848663513361,80.0,16,45.0,45.0,1.0,True,0.1739071982210697,0.6167083809025072,0.30282512168376735,20.298038088383244,,ga,51
2,0.29192242719059047,40,125.69985654156413,74.30014345843587,85.0,17,30.0,30.0,1.0,True,0.1826999558772553,0.6054742697593634,0.29192242719059047,19.77617816882368,,ga,51
3,0.2911022077427264,60,131.7204513216928,68.27954867830721,85.0,17,35.0,35.0,1.0,True,0.19040718764849093,0.6077148619447369,0.2911022077427264,19.90999759637529,,ga,51
4,0.285588280041061,80,130.11882717593235,69.88117282406765,85.0,17,25.0,25.0,1.0,True,0.19425448609296064,0.6080028256437658,0.285588280041061,19.62446148549959,,ga,51
5,0.285588280041061,100,130.11882717593235,69.88117282406765,85.0,17,25.0,25.0,1.0,True,0.19425448609296064,0.6080028256437658,0.285588280041061,19.62446148549959,,ga,51
6,0.2851162983687248,120,131.67916972341982,68.32083027658018,85.0,17,20.0,20.0,1.0,True,0.19699866324623466,0.6037199023697356,0.2851162983687248,19.655891960212426,,ga,51
7,0.2839027992638886,140,130.49314828500107,69.50685171499893,85.0,17,20.0,20.0,1.0,True,0.19802613213741047,0.6050387911516973,0.2839027992638886,19.59738604728333,,ga,51
8,0.28228257831878883,160,127.59951338482747,72.40048661517253,85.0,17,20.0,20.0,1.0,True,0.19642568091093793,0.6085590135461786,0.28228257831878883,19.446040552793608,,ga,51
9,0.28225078466141146,180,127.52733150969425,72.47266849030575,85.0,17,20.0,20.0,1.0,True,0.19637016655922984,0.6086401768858454,0.28225078466141146,19.442499999225248,,ga,51
10,0.28225078466141146,200,127.52733150969425,72.47266849030575,85.0,17,20.0,20.0,1.0,True,0.19637016655922984,0.6086401768858454,0.28225078466141146,19.442499999225248,,ga,51
11,0.28225078466141146,220,127.52733150969425,72.47266849030575,85.0,17,20.0,20.0,1.0,True,0.19637016655922984,0.6086401768858454,0.28225078466141146,19.442499999225248,,ga,51
12,0.28225078466141146,240,127.52733150969425,72.47266849030575,85.0,17,20.0,20.0,1.0,True,0.19637016655922984,0.6086401768858454,0.28225078466141146,19.442499999225248,,ga,51
13,0.2822410848309641,260,127.50892838393455,72.49107161606545,85.0,17,20.0,20.0,1.0,True,0.19637600350625795,0.6086499317086111,0.2822410848309641,19.441946857559927,,ga,51
14,0.2822410848309641,280,127.50892838393455,72.49107161606545,85.0,17,20.0,20.0,1.0,True,0.19637600350625795,0.6086499317086111,0.2822410848309641,19.441946857559927,,ga,51
15,0.28224101388679806,300,127.50876730601874,72.49123269398126,85.0,17,20.0,20.0,1.0,True,0.1963758797399255,0.6086501127531938,0.28224101388679806,19.4419389603895,,ga,51
16,0.28224101388679806,320,127.50876730601874,72.49123269398126,85.0,17,20.0,20.0,1.0,True,0.1963758797399255,0.6086501127531938,0.28224101388679806,19.4419389603895,,ga,51
17,0.28224101388679806,340,127.50876730601874,72.49123269398126,85.0,17,20.0,20.0,1.0,True,0.1963758797399255,0.6086501127531938,0.28224101388679806,19.4419389603895,,ga,51
18,0.28224101388679806,360,127.50876730601874,72.49123269398126,85.0,17,20.0,20.0,1.0,True,0.1963758797399255,0.6086501127531938,0.28224101388679806,19.4419389603895,,ga,51
19,0.28224101175402433,380,127.50876246357987,72.49123753642013,85.0,17,20.0,20.0,1.0,True,0.1963758760191745,0.6086501181958849,0.28224101175402433,19.441938722979213,,ga,51
20,0.28224099294648536,400,127.50871976127027,72.49128023872973,85.0,17,20.0,20.0,1.0,True,0.19637584320830018,0.6086501661914264,0.28224099294648536,19.441936629412986,,ga,51
21,0.28224099294648536,420,127.50871976127027,72.49128023872973,85.0,17,20.0,20.0,1.0,True,0.19637584320830018,0.6086501661914264,0.28224099294648536,19.441936629412986,,ga,51
22,0.28224099294648536,440,127.50871976127027,72.49128023872973,85.0,17,20.0,20.0,1.0,True,0.19637584320830018,0.6086501661914264,0.28224099294648536,19.441936629412986,,ga,51
23,0.2822409905464524,460,127.50871431202177,72.49128568797823,85.0,17,20.0,20.0,1.0,True,0.1963758390212995,0.6086501723161453,0.2822409905464524,19.441936362252697,,ga,51
24,0.2822409905464524,480,127.50871431202177,72.49128568797823,85.0,17,20.0,20.0,1.0,True,0.1963758390212995,0.6086501723161453,0.2822409905464524,19.441936362252697,,ga,51
25,0.2822409905464524,500,127.50871431202177,72.49128568797823,85.0,17,20.0,20.0,1.0,True,0.1963758390212995,0.6086501723161453,0.2822409905464524,19.441936362252697,,ga,51
26,0.2822409901572577,520,127.50871342835912,72.49128657164088,85.0,17,20.0,20.0,1.0,True,0.1963758383423258,0.6086501733093436,0.2822409901572577,19.441936318929372,,ga,51
27,0.2822409894418529,540,127.50871163138146,72.49128836861854,85.0,17,20.0,20.0,1.0,True,0.19637583719540858,0.6086501749870471,0.2822409894418529,19.441936241754046,,ga,51
28,0.2822409894418529,560,127.50871163138146,72.49128836861854,85.0,17,20.0,20.0,1.0,True,0.19637583719540858,0.6086501749870471,0.2822409894418529,19.441936241754046,,ga,51
29,0.28224098919338325,580,127.50871123989292,72.49128876010708,85.0,17,20.0,20.0,1.0,True,0.1963758366607895,0.6086501757690845,0.28224098919338325,19.441936211635447,,ga,51
30,0.28224098908586687,600,127.50871067560313,72.49128932439687,85.0,17,20.0,20.0,1.0,True,0.1963758366607895,0.6086501757690845,0.28224098908586687,19.44193620422927,,ga,51
1,0.3229360654127701,20,110.05847851495862,89.94152148504138,100.0,20,20.0,20.0,1.0,True,0.10740545158260104,0.5358967363537522,0.3229360654127701,20.019488870028702,,ga,52
2,0.3229360654127701,40,110.05847851495862,89.94152148504138,100.0,20,20.0,20.0,1.0,True,0.10740545158260104,0.5358967363537522,0.3229360654127701,20.019488870028702,,ga,52
3,0.3070620476019481,60,110.05847851495862,89.94152148504138,90.0,18,20.0,20.0,1.0,True,0.14061086909444453,0.5732663684170187,0.3070620476019481,19.774967437922555,,ga,52
4,0.3070620476019481,80,110.05847851495862,89.94152148504138,90.0,18,20.0,20.0,1.0,True,0.14061086909444453,0.5732663684170187,0.3070620476019481,19.774967437922555,,ga,52
5,0.2891583894263802,100,133.38068221722014,66.61931778277986,95.0,19,10.0,10.0,1.0,True,0.18944012421088677,0.5596563993301924,0.2891583894263802,19.734061129545925,,ga,52
6,0.2891583894263802,120,133.38068221722014,66.61931778277986,95.0,19,10.0,10.0,1.0,True,0.18944012421088677,0.5596563993301924,0.2891583894263802,19.734061129545925,,ga,52
7,0.2887938641245348,140,119.97452673713059,80.02547326286941,80.0,16,20.0,40.0,2.0,True,0.19620456300462555,0.6238913193922634,0.2887938641245348,19.893046812098,,ga,52
8,0.2837110151868263,160,122.63407241274275,77.36592758725725,85.0,17,15.0,15.0,1.0,True,0.19544856187804263,0.6004159194044326,0.2837110151868263,19.514568919663795,,ga,52
9,0.2837110151868263,180,122.63407241274275,77.36592758725725,85.0,17,15.0,15.0,1.0,True,0.19544856187804263,0.6004159194044326,0.2837110151868263,19.514568919663795,,ga,52
10,0.2837110151868263,200,122.63407241274275,77.36592758725725,85.0,17,15.0,15.0,1.0,True,0.19544856187804263,0.6004159194044326,0.2837110151868263,19.514568919663795,,ga,52
11,0.2836981296896713,220,122.60539121998016,77.39460878001984,85.0,17,15.0,15.0,1.0,True,0.19542673289457957,0.6004478083890817,0.2836981296896713,19.513150950336335,,ga,52
12,0.2836981296896713,240,122.60539121998016,77.39460878001984,85.0,17,15.0,15.0,1.0,True,0.19542673289457957,0.6004478083890817,0.2836981296896713,19.513150950336335,,ga,52
13,0.283672143126083,260,122.54754449600134,77.45245550399866,85.0,17,15.0,15.0,1.0,True,0.19538276657976358,0.6005120822765174,0.283672143126083,19.51029290837616,,ga,52
14,0.283672143126083,280,122.54754449600134,77.45245550399866,85.0,17,15.0,15.0,1.0,True,0.19538276657976358,0.6005120822765174,0.283672143126083,19.51029290837616,,ga,52
15,0.283672143126083,300,122.54754449600134,77.45245550399866,85.0,17,15.0,15.0,1.0,True,0.19538276657976358,0.6005120822765174,0.283672143126083,19.51029290837616,,ga,52
16,0.283672143126083,320,122.54754449600134,77.45245550399866,85.0,17,15.0,15.0,1.0,True,0.19538276657976358,0.6005120822765174,0.283672143126083,19.51029290837616,,ga,52
17,0.28366998911988384,340,122.54274935484295,77.45725064515705,85.0,17,15.0,15.0,1.0,True,0.1953791239727087,0.6005174088963838,0.28366998911988384,19.51005606360146,,ga,52
18,0.28366998911988384,360,122.54274935484295,77.45725064515705,85.0,17,15.0,15.0,1.0,True,0.1953791239727087,0.6005174088963838,0.28366998911988384,19.51005606360146,,ga,52
19,0.28366976967118934,380,122.54226082677796,77.45773917322204,85.0,17,15.0,15.0,1.0,True,0.1953787528663631,0.6005179515713981,0.28366976967118934,19.510031934136904,,ga,52
20,0.28366976967118934,400,122.54226082677796,77.45773917322204,85.0,17,15.0,15.0,1.0,True,0.1953787528663631,0.6005179515713981,0.28366976967118934,19.510031934136904,,ga,52
21,0.2836692674861782,420,122.54114288060943,77.45885711939057,85.0,17,15.0,15.0,1.0,True,0.19537790362893556,0.6005191934272838,0.2836692674861782,19.50997671650619,,ga,52
22,0.2836692674861782,440,122.54114288060943,77.45885711939057,85.0,17,15.0,15.0,1.0,True,0.19537790362893556,0.6005191934272838,0.2836692674861782,19.50997671650619,,ga,52
23,0.28366912648218195,460,122.54082898219097,77.45917101780903,85.0,17,15.0,15.0,1.0,True,0.19537766517922367,0.6005195421172382,0.28366912648218195,19.509961212467147,,ga,52
24,0.2836688407259193,480,122.54019284053395,77.45980715946605,85.0,17,15.0,15.0,1.0,True,0.1953771819411562,0.6005202487668814,0.2836688407259193,19.50992979227776,,ga,52
25,0.2836687077849511,500,122.53989689125862,77.46010310874138,85.0,17,15.0,15.0,1.0,True,0.19537695712670755,0.6005205775182647,0.2836687077849511,19.509915174831885,,ga,52
26,0.28366859641840214,520,122.53964897019966,77.46035102980034,85.0,17,15.0,15.0,1.0,True,0.19537676879643093,0.6005208529181318,0.28366859641840214,19.50990292959488,,ga,52
27,0.28366859641840214,540,122.53964897019966,77.46035102980034,85.0,17,15.0,15.0,1.0,True,0.19537676879643093,0.6005208529181318,0.28366859641840214,19.50990292959488,,ga,52
28,0.28366859641840214,560,122.53964897019966,77.46035102980034,85.0,17,15.0,15.0,1.0,True,0.19537676879643093,0.6005208529181318,0.28366859641840214,19.50990292959488,,ga,52
29,0.2836685062793795,580,122.53944830517757,77.46055169482243,85.0,17,15.0,15.0,1.0,True,0.19537661636370085,0.6005210758242482,0.2836685062793795,19.509893018421042,,ga,52
30,0.2836684588530685,600,122.53934272599457,77.46065727400543,85.0,17,15.0,15.0,1.0,True,0.1953765361617878,0.6005211931055033,0.2836684588530685,19.509887803695356,,ga,52
1,0.33815225842108965,20,97.58741863112155,102.41258136887845,100.0,20,35.0,35.0,1.0,True,0.07706086844943563,0.5347227318553525,0.33815225842108965,20.2748519901068,,ga,53
2,0.32235479682593104,40,114.75149739435781,85.24850260564219,90.0,18,40.0,80.0,2.0,True,0.13015719185381294,0.5884892873985017,0.32235479682593104,20.518224789517802,,ga,53
3,0.32235479682593104,60,114.75149739435781,85.24850260564219,90.0,18,40.0,80.0,2.0,True,0.13015719185381294,0.5884892873985017,0.32235479682593104,20.518224789517802,,ga,53
4,0.3145827573871739,80,117.93372687545006,82.06627312454994,95.0,19,25.0,50.0,2.0,True,0.1244656147574157,0.5724174511255913,0.3145827573871739,19.889050611295474,,ga,53
5,0.3067556971780948,100,117.25355043787523,82.74644956212477,85.0,17,25.0,50.0,2.0,True,0.15703672398592886,0.600586592181605,0.3067556971780948,20.147541553683837,,ga,53
6,0.302459089934173,120,138.01917330557825,61.98082669442175,100.0,20,20.0,40.0,2.0,True,0.14688327424837938,0.5657367230858944,0.302459089934173,19.625347421464724,,ga,53
7,0.30043320331202056,140,113.60676787869953,86.39323212130047,85.0,17,35.0,35.0,1.0,True,0.1620067090427206,0.6023081727260258,0.30043320331202056,19.84848067351442,,ga,53
8,0.2996660453682269,160,115.48413714800746,84.51586285199254,85.0,17,30.0,30.0,1.0,True,0.16398145916490184,0.5992859670084941,0.2996660453682269,19.844215377131643,,ga,53
9,0.282335151005269,180,127.71884438534673,72.28115561465327,85.0,17,20.0,20.0,1.0,True,0.19651755750903144,0.6084247630705056,0.282335151005269,19.451898144316186,,ga,53
10,0.282335151005269,200,127.71884438534673,72.28115561465327,85.0,17,20.0,20.0,1.0,True,0.19651755750903144,0.6084247630705056,0.282335151005269,19.451898144316186,,ga,53
11,0.282335151005269,220,127.71884438534673,72.28115561465327,85.0,17,20.0,20.0,1.0,True,0.19651755750903144,0.6084247630705056,0.282335151005269,19.451898144316186,,ga,53
12,0.28231101178329054,240,127.66405631436571,72.33594368563429,85.0,17,20.0,20.0,1.0,True,0.19647535392628876,0.6084864157240609,0.28231101178329054,19.449207977340937,,ga,53
13,0.2822749108147263,260,127.58210651736694,72.41789348263306,85.0,17,20.0,20.0,1.0,True,0.19641228534866098,0.6085785920050604,0.2822749108147263,19.445186470018616,,ga,53
14,0.2822749108147263,280,127.58210651736694,72.41789348263306,85.0,17,20.0,20.0,1.0,True,0.19641228534866098,0.6085785920050604,0.2822749108147263,19.445186470018616,,ga,53
15,0.2822676643184806,300,127.56565493413204,72.43434506586796,85.0,17,20.0,20.0,1.0,True,0.19639962531093663,0.6085970960033605,0.2822676643184806,19.444379309588196,,ga,53
16,0.2822676643184806,320,127.56565493413204,72.43434506586796,85.0,17,20.0,20.0,1.0,True,0.19639962531093663,0.6085970960033605,0.2822676643184806,19.444379309588196,,ga,53
17,0.282265021580611,340,127.55965505710995,72.44034494289005,85.0,17,20.0,20.0,1.0,True,0.19639500829883239,0.6086038443942379,0.282265021580611,19.444084951148113,,ga,53
18,0.28226424859023364,360,127.5579001047549,72.4420998952451,85.0,17,20.0,20.0,1.0,True,0.19639365784105112,0.6086058182854391,0.28226424859023364,19.443998853111058,,ga,53
19,0.28226392646530213,380,127.55716876945219,72.44283123054781,85.0,17,20.0,20.0,1.0,True,0.19639309507063027,0.6086066408583798,0.28226392646530213,19.443962973934912,,ga,53
20,0.28226385674921367,400,127.55701048963024,72.44298951036976,85.0,17,20.0,20.0,1.0,True,0.19639297327269228,0.6086068188843796,0.28226385674921367,19.443955208768575,,ga,53
21,0.28226381138917217,420,127.55690750650096,72.44309249349904,85.0,17,20.0,20.0,1.0,True,0.19639289402614196,0.6086069347151555,0.28226381138917217,19.443950156445837,,ga,53
22,0.28226335281060083,440,127.55586637200012,72.44413362799988,85.0,17,20.0,20.0,1.0,True,0.19639209286351791,0.6086081057362517,0.28226335281060083,19.44389907879436,,ga,53
23,0.28226335281060083,460,127.55586637200012,72.44413362799988,85.0,17,20.0,20.0,1.0,True,0.19639209286351791,0.6086081057362517,0.28226335281060083,19.44389907879436,,ga,53
24,0.28226335281060083,480,127.55586637200012,72.44413362799988,85.0,17,20.0,20.0,1.0,True,0.19639209286351791,0.6086081057362517,0.28226335281060083,19.44389907879436,,ga,53
25,0.2822632525800042,500,127.55563881306914,72.44436118693086,85.0,17,20.0,20.0,1.0,True,0.19639191775501355,0.6086083616842666,0.2822632525800042,19.443887914868366,,ga,53
26,0.2822632305927719,520,127.55558889425723,72.44441110574277,85.0,17,20.0,20.0,1.0,True,0.19639187934207886,0.6086084178306932,0.2822632305927719,19.443885465877973,,ga,53
27,0.28226320225001145,540,127.5555245461368,72.4444754538632,85.0,17,20.0,20.0,1.0,True,0.1963918298256781,0.6086084902065548,0.28226320225001145,19.443882308994027,,ga,53
28,0.28226320225001145,560,127.5555245461368,72.4444754538632,85.0,17,20.0,20.0,1.0,True,0.1963918298256781,0.6086084902065548,0.28226320225001145,19.443882308994027,,ga,53
29,0.282263192639716,580,127.55550272735533,72.44449727264467,85.0,17,20.0,20.0,1.0,True,0.19639181303595,0.6086085147473356,0.282263192639716,19.4438812385766,,ga,53
30,0.282263192639716,600,127.55550272735533,72.44449727264467,85.0,17,20.0,20.0,1.0,True,0.19639181303595,0.6086085147473356,0.282263192639716,19.4438812385766,,ga,53
1,0.32101009548200155,20,79.49927277669401,120.50072722330599,75.0,15,15.0,60.0,4.0,True,0.15359259224936686,0.606793283273064,0.32101009548200155,20.99775946336425,,ga,54
2,0.3138881283591592,40,91.9436669241883,108.0563330758117,75.0,15,15.0,60.0,4.0,True,0.16369358331558884,0.6185872612672346,0.3138881283591592,20.779550042135142,,ga,54
3,0.2967335358986193,60,88.91472856566081,111.08527143433919,75.0,15,15.0,15.0,1.0,True,0.18564898976767555,0.6085645232159483,0.2967335358986193,20.166982998999003,,ga,54
4,0.2967335358986193,80,88.91472856566081,111.08527143433919,75.0,15,15.0,15.0,1.0,True,0.18564898976767555,0.6085645232159483,0.2967335358986193,20.166982998999003,,ga,54
5,0.29665697467562463,100,88.77082052241444,111.22917947758556,75.0,15,15.0,15.0,1.0,True,0.18561564429714197,0.6086819788636021,0.29665697467562463,20.160950949065178,,ga,54
6,0.29228042763402173,120,92.70915165814583,107.29084834185417,75.0,15,10.0,20.0,2.0,True,0.1952357907490204,0.6141687016466596,0.29228042763402173,20.096130715209036,,ga,54
7,0.2874975110287818,140,97.60534434418983,102.39465565581017,75.0,15,15.0,15.0,1.0,True,0.19849442818971047,0.622181729726031,0.2874975110287818,19.852063229449026,,ga,54
8,0.2874975110287818,160,97.60534434418983,102.39465565581017,75.0,15,15.0,15.0,1.0,True,0.19849442818971047,0.622181729726031,0.2874975110287818,19.852063229449026,,ga,54
9,0.2874975110287818,180,97.60534434418983,102.39465565581017,75.0,15,15.0,15.0,1.0,True,0.19849442818971047,0.622181729726031,0.2874975110287818,19.852063229449026,,ga,54
10,0.2874975110287818,200,97.60534434418983,102.39465565581017,75.0,15,15.0,15.0,1.0,True,0.19849442818971047,0.622181729726031,0.2874975110287818,19.852063229449026,,ga,54
11,0.2874484071854373,220,97.50508756438855,102.49491243561145,75.0,15,15.0,15.0,1.0,True,0.19845698989317925,0.6222714741771184,0.2874484071854373,19.84774149982386,,ga,54
12,0.2874484071854373,240,97.50508756438855,102.49491243561145,75.0,15,15.0,15.0,1.0,True,0.19845698989317925,0.6222714741771184,0.2874484071854373,19.84774149982386,,ga,54
13,0.2874484071854373,260,97.50508756438855,102.49491243561145,75.0,15,15.0,15.0,1.0,True,0.19845698989317925,0.6222714741771184,0.2874484071854373,19.84774149982386,,ga,54
14,0.2874484071854373,280,97.50508756438855,102.49491243561145,75.0,15,15.0,15.0,1.0,True,0.19845698989317925,0.6222714741771184,0.2874484071854373,19.84774149982386,,ga,54
15,0.2874484071854373,300,97.50508756438855,102.49491243561145,75.0,15,15.0,15.0,1.0,True,0.19845698989317925,0.6222714741771184,0.2874484071854373,19.84774149982386,,ga,54
16,0.2874484071854373,320,97.50508756438855,102.49491243561145,75.0,15,15.0,15.0,1.0,True,0.19845698989317925,0.6222714741771184,0.2874484071854373,19.84774149982386,,ga,54
17,0.2874484071854373,340,97.50508756438855,102.49491243561145,75.0,15,15.0,15.0,1.0,True,0.19845698989317925,0.6222714741771184,0.2874484071854373,19.84774149982386,,ga,54
18,0.2874484071854373,360,97.50508756438855,102.49491243561145,75.0,15,15.0,15.0,1.0,True,0.19845698989317925,0.6222714741771184,0.2874484071854373,19.84774149982386,,ga,54
19,0.2874484071854373,380,97.50508756438855,102.49491243561145,75.0,15,15.0,15.0,1.0,True,0.19845698989317925,0.6222714741771184,0.2874484071854373,19.84774149982386,,ga,54
20,0.2874484071854373,400,97.50508756438855,102.49491243561145,75.0,15,15.0,15.0,1.0,True,0.19845698989317925,0.6222714741771184,0.2874484071854373,19.84774149982386,,ga,54
21,0.2874484071854373,420,97.50508756438855,102.49491243561145,75.0,15,15.0,15.0,1.0,True,0.19845698989317925,0.6222714741771184,0.2874484071854373,19.84774149982386,,ga,54
22,0.2874484071854373,440,97.50508756438855,102.49491243561145,75.0,15,15.0,15.0,1.0,True,0.19845698989317925,0.6222714741771184,0.2874484071854373,19.84774149982386,,ga,54
23,0.2874484071854373,460,97.50508756438855,102.49491243561145,75.0,15,15.0,15.0,1.0,True,0.19845698989317925,0.6222714741771184,0.2874484071854373,19.84774149982386,,ga,54
24,0.2874484071854373,480,97.50508756438855,102.49491243561145,75.0,15,15.0,15.0,1.0,True,0.19845698989317925,0.6222714741771184,0.2874484071854373,19.84774149982386,,ga,54
25,0.2874484071854373,500,97.50508756438855,102.49491243561145,75.0,15,15.0,15.0,1.0,True,0.19845698989317925,0.6222714741771184,0.2874484071854373,19.84774149982386,,ga,54
26,0.2874484071854373,520,97.50508756438855,102.49491243561145,75.0,15,15.0,15.0,1.0,True,0.19845698989317925,0.6222714741771184,0.2874484071854373,19.84774149982386,,ga,54
27,0.2874484071854373,540,97.50508756438855,102.49491243561145,75.0,15,15.0,15.0,1.0,True,0.19845698989317925,0.6222714741771184,0.2874484071854373,19.84774149982386,,ga,54
28,0.2874484071854373,560,97.50508756438855,102.49491243561145,75.0,15,15.0,15.0,1.0,True,0.19845698989317925,0.6222714741771184,0.2874484071854373,19.84774149982386,,ga,54
29,0.2874484071854373,580,97.50508756438855,102.49491243561145,75.0,15,15.0,15.0,1.0,True,0.19845698989317925,0.6222714741771184,0.2874484071854373,19.84774149982386,,ga,54
30,0.2874484071854373,600,97.50508756438855,102.49491243561145,75.0,15,15.0,15.0,1.0,True,0.19845698989317925,0.6222714741771184,0.2874484071854373,19.84774149982386,,ga,54
1,0.29471786811605777,20,146.67157632215586,53.32842367784414,95.0,19,35.0,35.0,1.0,True,0.17619793863634073,0.5798018188886689,0.29471786811605777,19.81052369805647,,ga,55
2,0.29471786811605777,40,146.67157632215586,53.32842367784414,95.0,19,35.0,35.0,1.0,True,0.17619793863634073,0.5798018188886689,0.29471786811605777,19.81052369805647,,ga,55
3,0.29471786811605777,60,146.67157632215586,53.32842367784414,95.0,19,35.0,35.0,1.0,True,0.17619793863634073,0.5798018188886689,0.29471786811605777,19.81052369805647,,ga,55
4,0.2886545965443925,80,138.4339332899762,61.56606671002379,90.0,18,35.0,35.0,1.0,True,0.18728298161576143,0.5984659381642295,0.2886545965443925,19.667118320083237,,ga,55
5,0.2855711197058468,100,144.50441033183108,55.49558966816892,90.0,18,35.0,35.0,1.0,True,0.1987454368876495,0.5986693689515308,0.2855711197058468,19.73693718022751,,ga,55
6,0.2848485348996975,120,144.74451741583394,55.25548258416606,95.0,19,15.0,15.0,1.0,True,0.19791504928137757,0.5696378899691276,0.2848485348996975,19.652650236744066,,ga,55
7,0.2848485348996975,140,144.74451741583394,55.25548258416606,95.0,19,15.0,15.0,1.0,True,0.19791504928137757,0.5696378899691276,0.2848485348996975,19.652650236744066,,ga,55
8,0.2848485348996975,160,144.74451741583394,55.25548258416606,95.0,19,15.0,15.0,1.0,True,0.19791504928137757,0.5696378899691276,0.2848485348996975,19.652650236744066,,ga,55
9,0.28379697165675116,180,144.63277993031826,55.367220069681736,90.0,18,30.0,30.0,1.0,True,0.1999934339276819,0.5978207752552009,0.28379697165675116,19.64407555327033,,ga,55
10,0.28373471147507484,200,144.49137702729013,55.50862297270987,90.0,18,30.0,30.0,1.0,True,0.199869462548145,0.5979908088895843,0.28373471147507484,19.636705905466506,,ga,55
11,0.28338373913943793,220,143.70771633192254,56.29228366807746,90.0,18,30.0,30.0,1.0,True,0.19901667769748838,0.5990760735614141,0.28338373913943793,19.591263549341726,,ga,55
12,0.2832159023709342,240,143.32104841291132,56.678951587088676,90.0,18,30.0,30.0,1.0,True,0.1987057264773755,0.5995167527268431,0.2832159023709342,19.571996838756842,,ga,55
13,0.2832159023709342,260,143.32104841291132,56.678951587088676,90.0,18,30.0,30.0,1.0,True,0.1987057264773755,0.5995167527268431,0.2832159023709342,19.571996838756842,,ga,55
14,0.2831558068793371,280,143.18458421217204,56.81541578782796,90.0,18,30.0,30.0,1.0,True,0.19862167780677892,0.599655413117875,0.2831558068793371,19.565754206372404,,ga,55
15,0.2830710554715031,300,142.9851104107483,57.01488958925171,90.0,18,30.0,30.0,1.0,True,0.1984435433821363,0.599891666852783,0.2830710554715031,19.55553997514695,,ga,55
16,0.28303660329584895,320,142.90905413855128,57.090945861448716,90.0,18,30.0,30.0,1.0,True,0.1984165194131426,0.599956621415322,0.28303660329584895,19.552466360331145,,ga,55
17,0.28302988475946433,340,142.893091778305,57.106908221694994,90.0,18,30.0,30.0,1.0,True,0.19840211572407274,0.599975512130605,0.28302988475946433,19.551650010896964,,ga,55
18,0.28302988475946433,360,142.893091778305,57.106908221694994,90.0,18,30.0,30.0,1.0,True,0.19840211572407274,0.599975512130605,0.28302988475946433,19.551650010896964,,ga,55
19,0.2830269460346996,380,142.88610961894503,57.11389038105497,90.0,18,30.0,30.0,1.0,True,0.1983958154741039,0.599983775193366,0.2830269460346996,19.551292944411017,,ga,55
20,0.28299243318195594,400,142.81438735916348,57.185612640836524,90.0,18,30.0,30.0,1.0,True,0.19835864319828536,0.6000593598379609,0.28299243318195594,19.547928455333025,,ga,55
21,0.2829834573255754,420,142.79305915670253,57.206940843297474,90.0,18,30.0,30.0,1.0,True,0.19833939973830655,0.6000846026567308,0.2829834573255754,19.54683801320064,,ga,55
22,0.2811589690212063,440,142.85736072487478,57.14263927512522,90.0,18,25.0,25.0,1.0,True,0.19995285974259105,0.599062043492569,0.2811589690212063,19.458768972481025,,ga,55
23,0.28114518349375467,460,142.82994227620614,57.17005772379386,90.0,18,25.0,25.0,1.0,True,0.19996410204513043,0.5990734595969645,0.28114518349375467,19.458052859105866,,ga,55
24,0.28114518349375467,480,142.82994227620614,57.17005772379386,90.0,18,25.0,25.0,1.0,True,0.19996410204513043,0.5990734595969645,0.28114518349375467,19.458052859105866,,ga,55
25,0.2811170752775784,500,142.76327125120844,57.23672874879156,90.0,18,25.0,25.0,1.0,True,0.19990691585191103,0.5991504976805049,0.2811170752775784,19.454711432859508,,ga,55
26,0.281115458187495,520,142.75943547483465,57.240564525165354,90.0,18,25.0,25.0,1.0,True,0.19990362672930004,0.5991549294360894,0.281115458187495,19.45451923229168,,ga,55
27,0.2811037696208173,540,142.73660323082305,57.26339676917695,90.0,18,25.0,25.0,1.0,True,0.19990158501760016,0.599173594619848,0.2811037696208173,19.4536256977821,,ga,55
28,0.2811037696208173,560,142.73660323082305,57.26339676917695,90.0,18,25.0,25.0,1.0,True,0.19990158501760016,0.599173594619848,0.2811037696208173,19.4536256977821,,ga,55
29,0.2811018473861917,580,142.73204375635993,57.26795624364007,90.0,18,25.0,25.0,1.0,True,0.19989767529244643,0.5991788630557071,0.2811018473861917,19.453397235814247,,ga,55
30,0.2810982591841081,600,142.7223937276984,57.2776062723016,90.0,18,25.0,25.0,1.0,True,0.1998904623711315,0.5991879324511029,0.2810982591841081,19.452981279272194,,ga,55
1,0.3069041603361858,20,97.59623206070134,102.40376793929866,75.0,15,35.0,70.0,2.0,True,0.17528429177311972,0.6372266996704807,0.3069041603361858,20.610598408521888,,ga,56
2,0.3002644690398958,40,159.86778148356996,40.132218516430044,95.0,19,50.0,100.0,2.0,True,0.19451185875892832,0.5941983046994547,0.3002644690398958,20.656861669281334,,ga,56
3,0.3002644690398958,60,159.86778148356996,40.132218516430044,95.0,19,50.0,100.0,2.0,True,0.19451185875892832,0.5941983046994547,0.3002644690398958,20.656861669281334,,ga,56
4,0.3002644690398958,80,159.86778148356996,40.132218516430044,95.0,19,50.0,100.0,2.0,True,0.19451185875892832,0.5941983046994547,0.3002644690398958,20.656861669281334,,ga,56
5,0.2985105301611217,100,95.72177560348304,104.27822439651696,75.0,15,15.0,30.0,2.0,True,0.1813280050511268,0.6202381581121305,0.2985105301611217,20.184314613728493,,ga,56
6,0.2932894037792153,120,99.905558690167,100.094441309833,75.0,15,15.0,30.0,2.0,True,0.19004427962302817,0.6264356898568992,0.2932894037792153,20.045090465034647,,ga,56
7,0.2927360890431298,140,93.60511799733064,106.39488200266936,75.0,15,10.0,20.0,2.0,True,0.19570650868556175,0.6132551986840308,0.2927360890431298,20.139293043492437,,ga,56
8,0.2927360890431298,160,93.60511799733064,106.39488200266936,75.0,15,10.0,20.0,2.0,True,0.19570650868556175,0.6132551986840308,0.2927360890431298,20.139293043492437,,ga,56
9,0.2888069494399633,180,104.29156615158983,95.70843384841017,75.0,15,15.0,30.0,2.0,True,0.19819593879368838,0.6317455491323702,0.2888069494399633,19.939465957348446,,ga,56
10,0.2885245246328649,200,103.72815981529959,96.27184018470041,75.0,15,15.0,30.0,2.0,True,0.19795127207095875,0.6323022071359976,0.2885245246328649,19.913844865941186,,ga,56
11,0.2885245246328649,220,103.72815981529959,96.27184018470041,75.0,15,15.0,30.0,2.0,True,0.19795127207095875,0.6323022071359976,0.2885245246328649,19.913844865941186,,ga,56
12,0.2885245246328649,240,103.72815981529959,96.27184018470041,75.0,15,15.0,30.0,2.0,True,0.19795127207095875,0.6323022071359976,0.2885245246328649,19.913844865941186,,ga,56
13,0.28843954722288934,260,103.55869187761405,96.44130812238595,75.0,15,15.0,30.0,2.0,True,0.19782500565411987,0.632512007532668,0.28843954722288934,19.90481386971336,,ga,56
14,0.28822821281484196,280,103.12704316799002,96.87295683200998,75.0,15,15.0,30.0,2.0,True,0.19762009701097277,0.6329414060166487,0.28822821281484196,19.8851358456709,,ga,56
15,0.28822821281484196,300,103.12704316799002,96.87295683200998,75.0,15,15.0,30.0,2.0,True,0.19762009701097277,0.6329414060166487,0.28822821281484196,19.8851358456709,,ga,56
16,0.2881889235958679,320,103.04573911160851,96.95426088839149,75.0,15,15.0,30.0,2.0,True,0.19758046852004085,0.6330220226030009,0.2881889235958679,19.881440619573326,,ga,56
17,0.2881889235958679,340,103.04573911160851,96.95426088839149,75.0,15,15.0,30.0,2.0,True,0.19758046852004085,0.6330220226030009,0.2881889235958679,19.881440619573326,,ga,56
18,0.288173576072767,360,103.01398885095139,96.98601114904861,75.0,15,15.0,30.0,2.0,True,0.19756514426740004,0.633053402952915,0.288173576072767,19.88000102836131,,ga,56
19,0.288173576072767,380,103.01398885095139,96.98601114904861,75.0,15,15.0,30.0,2.0,True,0.19756514426740004,0.633053402952915,0.288173576072767,19.88000102836131,,ga,56
20,0.2881732146335532,400,103.01324111656454,96.98675888343546,75.0,15,15.0,30.0,2.0,True,0.19756478378323974,0.6330541416836173,0.2881732146335532,19.879967136167352,,ga,56
21,0.28817270730175826,420,103.01219156226183,96.98780843773817,75.0,15,15.0,30.0,2.0,True,0.1975642777920044,0.6330551785999349,0.28817270730175826,19.87991956366188,,ga,56
22,0.28817270730175826,440,103.01219156226183,96.98780843773817,75.0,15,15.0,30.0,2.0,True,0.1975642777920044,0.6330551785999349,0.28817270730175826,19.87991956366188,,ga,56
23,0.28817270730175826,460,103.01219156226183,96.98780843773817,75.0,15,15.0,30.0,2.0,True,0.1975642777920044,0.6330551785999349,0.28817270730175826,19.87991956366188,,ga,56
24,0.28817252226125323,480,103.01180875494211,96.98819124505789,75.0,15,15.0,30.0,2.0,True,0.19756409324044688,0.6330555567977616,0.28817252226125323,19.87990221242759,,ga,56
25,0.28817252226125323,500,103.01180875494211,96.98819124505789,75.0,15,15.0,30.0,2.0,True,0.19756409324044688,0.6330555567977616,0.28817252226125323,19.87990221242759,,ga,56
26,0.2881725116376695,520,103.01178677712049,96.98821322287951,75.0,15,15.0,30.0,2.0,True,0.19756408264493466,0.6330555785109421,0.2881725116376695,19.879901216255178,,ga,56
27,0.2881725041888812,540,103.01177136724105,96.98822863275895,75.0,15,15.0,30.0,2.0,True,0.197564075215829,0.6330555937352668,0.2881725041888812,19.879900517783042,,ga,56
28,0.2881724930470175,560,103.01174831721244,96.98825168278756,75.0,15,15.0,30.0,2.0,True,0.19756406410340638,0.6330556165077433,0.2881724930470175,19.879899473011626,,ga,56
29,0.2881724827769416,580,103.0117270707173,96.9882729292827,75.0,15,15.0,30.0,2.0,True,0.19756405386046802,0.6330556374984033,0.2881724827769416,19.879898509987687,,ga,56
30,0.2881724827769416,600,103.0117270707173,96.9882729292827,75.0,15,15.0,30.0,2.0,True,0.19756405386046802,0.6330556374984033,0.2881724827769416,19.879898509987687,,ga,56
1,0.3074732549698454,20,105.3395578509253,94.6604421490747,85.0,17,10.0,40.0,4.0,True,0.1597885145661932,0.5841019146154666,0.3074732549698454,20.24788562943553,,ga,57
2,0.3074732549698454,40,105.3395578509253,94.6604421490747,85.0,17,10.0,40.0,4.0,True,0.1597885145661932,0.5841019146154666,0.3074732549698454,20.24788562943553,,ga,57
3,0.2995737247199883,60,135.44900824533633,64.55099175466367,90.0,18,30.0,60.0,2.0,True,0.1731513628501066,0.5972084695833597,0.2995737247199883,20.063215037911274,,ga,57
4,0.2993404479388493,80,105.26790138179311,94.73209861820689,80.0,16,10.0,40.0,4.0,True,0.18102766655952668,0.6050276502019766,0.2993404479388493,20.225262038549246,,ga,57
5,0.29007706068295996,100,133.88310781473518,66.11689218526482,90.0,18,10.0,40.0,4.0,True,0.19307933524223952,0.587050878165447,0.29007706068295996,19.891258667797604,,ga,57
6,0.2894725056164247,120,132.57046968934725,67.42953031065275,90.0,18,10.0,40.0,4.0,True,0.19220458742607308,0.5884249644807655,0.2894725056164247,19.827978494713907,,ga,57
7,0.2873388449248995,140,141.99764886451203,58.00235113548797,90.0,18,15.0,30.0,2.0,True,0.1965903445024321,0.588901803223182,0.2873388449248995,19.79590966585228,,ga,57
8,0.2873388449248995,160,141.99764886451203,58.00235113548797,90.0,18,15.0,30.0,2.0,True,0.1965903445024321,0.588901803223182,0.2873388449248995,19.79590966585228,,ga,57
9,0.28521028618186883,180,129.86672355516603,70.13327644483397,85.0,17,15.0,30.0,2.0,True,0.1985266072344529,0.606052189732502,0.28521028618186883,19.697095865321888,,ga,57
10,0.28521028618186883,200,129.86672355516603,70.13327644483397,85.0,17,15.0,30.0,2.0,True,0.1985266072344529,0.606052189732502,0.28521028618186883,19.697095865321888,,ga,57
11,0.2842446743673825,220,127.78408379040832,72.21591620959168,85.0,17,15.0,30.0,2.0,True,0.19664241323506199,0.6087055725770779,0.2842446743673825,19.583903387807347,,ga,57
12,0.2842446743673825,240,127.78408379040832,72.21591620959168,85.0,17,15.0,30.0,2.0,True,0.19664241323506199,0.6087055725770779,0.2842446743673825,19.583903387807347,,ga,57
13,0.2842446743673825,260,127.78408379040832,72.21591620959168,85.0,17,15.0,30.0,2.0,True,0.19664241323506199,0.6087055725770779,0.2842446743673825,19.583903387807347,,ga,57
14,0.2842446743673825,280,127.78408379040832,72.21591620959168,85.0,17,15.0,30.0,2.0,True,0.19664241323506199,0.6087055725770779,0.2842446743673825,19.583903387807347,,ga,57
15,0.2842446743673825,300,127.78408379040832,72.21591620959168,85.0,17,15.0,30.0,2.0,True,0.19664241323506199,0.6087055725770779,0.2842446743673825,19.583903387807347,,ga,57
16,0.2842446743673825,320,127.78408379040832,72.21591620959168,85.0,17,15.0,30.0,2.0,True,0.19664241323506199,0.6087055725770779,0.2842446743673825,19.583903387807347,,ga,57
17,0.2842446743673825,340,127.78408379040832,72.21591620959168,85.0,17,15.0,30.0,2.0,True,0.19664241323506199,0.6087055725770779,0.2842446743673825,19.583903387807347,,ga,57
18,0.2842446743673825,360,127.78408379040832,72.21591620959168,85.0,17,15.0,30.0,2.0,True,0.19664241323506199,0.6087055725770779,0.2842446743673825,19.583903387807347,,ga,57
19,0.2842446743673825,380,127.78408379040832,72.21591620959168,85.0,17,15.0,30.0,2.0,True,0.19664241323506199,0.6087055725770779,0.2842446743673825,19.583903387807347,,ga,57
20,0.2842446743673825,400,127.78408379040832,72.21591620959168,85.0,17,15.0,30.0,2.0,True,0.19664241323506199,0.6087055725770779,0.2842446743673825,19.583903387807347,,ga,57
21,0.2842446743673825,420,127.78408379040832,72.21591620959168,85.0,17,15.0,30.0,2.0,True,0.19664241323506199,0.6087055725770779,0.2842446743673825,19.583903387807347,,ga,57
22,0.2842446743673825,440,127.78408379040832,72.21591620959168,85.0,17,15.0,30.0,2.0,True,0.19664241323506199,0.6087055725770779,0.2842446743673825,19.583903387807347,,ga,57
23,0.2842446743673825,460,127.78408379040832,72.21591620959168,85.0,17,15.0,30.0,2.0,True,0.19664241323506199,0.6087055725770779,0.2842446743673825,19.583903387807347,,ga,57
24,0.2842446743673825,480,127.78408379040832,72.21591620959168,85.0,17,15.0,30.0,2.0,True,0.19664241323506199,0.6087055725770779,0.2842446743673825,19.583903387807347,,ga,57
25,0.2842446743673825,500,127.78408379040832,72.21591620959168,85.0,17,15.0,30.0,2.0,True,0.19664241323506199,0.6087055725770779,0.2842446743673825,19.583903387807347,,ga,57
26,0.2842446743673825,520,127.78408379040832,72.21591620959168,85.0,17,15.0,30.0,2.0,True,0.19664241323506199,0.6087055725770779,0.2842446743673825,19.583903387807347,,ga,57
27,0.2842446743673825,540,127.78408379040832,72.21591620959168,85.0,17,15.0,30.0,2.0,True,0.19664241323506199,0.6087055725770779,0.2842446743673825,19.583903387807347,,ga,57
28,0.2842446743673825,560,127.78408379040832,72.21591620959168,85.0,17,15.0,30.0,2.0,True,0.19664241323506199,0.6087055725770779,0.2842446743673825,19.583903387807347,,ga,57
29,0.2842446743673825,580,127.78408379040832,72.21591620959168,85.0,17,15.0,30.0,2.0,True,0.19664241323506199,0.6087055725770779,0.2842446743673825,19.583903387807347,,ga,57
30,0.2842446743673825,600,127.78408379040832,72.21591620959168,85.0,17,15.0,30.0,2.0,True,0.19664241323506199,0.6087055725770779,0.2842446743673825,19.583903387807347,,ga,57
1,0.3297198986805681,20,105.31442993203606,94.68557006796394,95.0,19,25.0,50.0,2.0,True,0.09940422407540536,0.5574063862000825,0.3297198986805681,20.262851902905155,,ga,58
2,0.317055099405789,40,77.67093916037338,122.32906083962662,65.0,13,25.0,100.0,4.0,True,0.19602492607700892,0.6634209782968193,0.317055099405789,21.859900350466535,,ga,58
3,0.29160041724016655,60,154.706105938765,45.293894061234994,95.0,19,30.0,60.0,2.0,True,0.19207798785280755,0.5885182790712787,0.29160041724016655,19.991923494928255,,ga,58
4,0.29160041724016655,80,154.706105938765,45.293894061234994,95.0,19,30.0,60.0,2.0,True,0.19207798785280755,0.5885182790712787,0.29160041724016655,19.991923494928255,,ga,58
5,0.287573709613529,100,151.81529659574696,48.18470340425304,95.0,19,25.0,25.0,1.0,True,0.18966817575988193,0.5793160950921193,0.287573709613529,19.651081151094388,,ga,58
6,0.28518593678171655,120,151.47300219825624,48.52699780174376,95.0,19,20.0,20.0,1.0,True,0.1957351815629973,0.5762549620151589,0.28518593678171655,19.630830697488886,,ga,58
7,0.28518593678171655,140,151.47300219825624,48.52699780174376,95.0,19,20.0,20.0,1.0,True,0.1957351815629973,0.5762549620151589,0.28518593678171655,19.630830697488886,,ga,58
8,0.2814159224902339,160,152.65146958909895,47.34853041090105,95.0,19,25.0,25.0,1.0,True,0.19867084515007513,0.5856938501846792,0.2814159224902339,19.447300243061235,,ga,58
9,0.2814159224902339,180,152.65146958909895,47.34853041090105,95.0,19,25.0,25.0,1.0,True,0.19867084515007513,0.5856938501846792,0.2814159224902339,19.447300243061235,,ga,58
10,0.2814159224902339,200,152.65146958909895,47.34853041090105,95.0,19,25.0,25.0,1.0,True,0.19867084515007513,0.5856938501846792,0.2814159224902339,19.447300243061235,,ga,58
11,0.2814159224902339,220,152.65146958909895,47.34853041090105,95.0,19,25.0,25.0,1.0,True,0.19867084515007513,0.5856938501846792,0.2814159224902339,19.447300243061235,,ga,58
12,0.2814159224902339,240,152.65146958909895,47.34853041090105,95.0,19,25.0,25.0,1.0,True,0.19867084515007513,0.5856938501846792,0.2814159224902339,19.447300243061235,,ga,58
13,0.28137573887972894,260,152.55312586908124,47.44687413091876,95.0,19,25.0,25.0,1.0,True,0.1985404553792625,0.5858371396118296,0.28137573887972894,19.44134379987654,,ga,58
14,0.28136668479595156,280,152.53096507409956,47.469034925900445,95.0,19,25.0,25.0,1.0,True,0.19852153431105532,0.5858617298033371,0.28136668479595156,19.44025743268515,,ga,58
15,0.28136668479595156,300,152.53096507409956,47.469034925900445,95.0,19,25.0,25.0,1.0,True,0.19852153431105532,0.5858617298033371,0.28136668479595156,19.44025743268515,,ga,58
16,0.2813656999542174,320,152.5285545245126,47.4714454754874,95.0,19,25.0,25.0,1.0,True,0.19851947620644064,0.5858644046115301,0.2813656999542174,19.440139268146588,,ga,58
17,0.2813652625086436,340,152.52748380701846,47.472516192981544,95.0,19,25.0,25.0,1.0,True,0.19851856204055843,0.5858655927073657,0.2813652625086436,19.440086782188576,,ga,58
18,0.2813652625086436,360,152.52748380701846,47.472516192981544,95.0,19,25.0,25.0,1.0,True,0.19851856204055843,0.5858655927073657,0.2813652625086436,19.440086782188576,,ga,58
19,0.2813652625086436,380,152.52748380701846,47.472516192981544,95.0,19,25.0,25.0,1.0,True,0.19851856204055843,0.5858655927073657,0.2813652625086436,19.440086782188576,,ga,58
20,0.2813652362195039,400,152.52741946011508,47.472580539884916,95.0,19,25.0,25.0,1.0,True,0.19851850710198868,0.5858656641083546,0.2813652362195039,19.440083627947025,,ga,58
21,0.2813652361103324,420,152.52741884184218,47.47258115815782,95.0,19,25.0,25.0,1.0,True,0.19851850710198868,0.5858656641083546,0.2813652361103324,19.44008362040415,,ga,58
22,0.28136523605921937,440,152.52741855237352,47.47258144762648,95.0,19,25.0,25.0,1.0,True,0.19851850710198868,0.5858656641083546,0.28136523605921937,19.44008361687265,,ga,58
23,0.2813652356897441,460,152.52741816344243,47.472581836557566,95.0,19,25.0,25.0,1.0,True,0.19851850599490603,0.5858656655471761,0.2813652356897441,19.440083564385017,,ga,58
24,0.2813652356897441,480,152.52741816344243,47.472581836557566,95.0,19,25.0,25.0,1.0,True,0.19851850599490603,0.5858656655471761,0.2813652356897441,19.440083564385017,,ga,58
25,0.2813652355995393,500,152.52741765258415,47.47258234741585,95.0,19,25.0,25.0,1.0,True,0.19851850599490603,0.5858656655471761,0.2813652355995393,19.440083558152587,,ga,58
26,0.2813652355995393,520,152.52741765258415,47.47258234741585,95.0,19,25.0,25.0,1.0,True,0.19851850599490603,0.5858656655471761,0.2813652355995393,19.440083558152587,,ga,58
27,0.2813652355995393,540,152.52741765258415,47.47258234741585,95.0,19,25.0,25.0,1.0,True,0.19851850599490603,0.5858656655471761,0.2813652355995393,19.440083558152587,,ga,58
28,0.2813652355995393,560,152.52741765258415,47.47258234741585,95.0,19,25.0,25.0,1.0,True,0.19851850599490603,0.5858656655471761,0.2813652355995393,19.440083558152587,,ga,58
29,0.28136523558193344,580,152.52741755287659,47.472582447123415,95.0,19,25.0,25.0,1.0,True,0.19851850599490603,0.5858656655471761,0.28136523558193344,19.440083556936163,,ga,58
30,0.28136523557413146,600,152.52741750869208,47.47258249130792,95.0,19,25.0,25.0,1.0,True,0.19851850599490603,0.5858656655471761,0.28136523557413146,19.44008355639711,,ga,58
1,0.2918397588200693,20,117.54943173327285,82.45056826672715,90.0,18,5.0,10.0,2.0,True,0.18678757155253806,0.5655141704280549,0.2918397588200693,19.848144518943293,,ga,59
2,0.2887923606889789,40,124.21272805462011,75.78727194537989,90.0,18,5.0,10.0,2.0,True,0.19731695738183958,0.5666044816527407,0.2887923606889789,19.89867577974209,,ga,59
3,0.2887923606889789,60,124.21272805462011,75.78727194537989,90.0,18,5.0,10.0,2.0,True,0.19731695738183958,0.5666044816527407,0.2887923606889789,19.89867577974209,,ga,59
4,0.2887923606889789,80,124.21272805462011,75.78727194537989,90.0,18,5.0,10.0,2.0,True,0.19731695738183958,0.5666044816527407,0.2887923606889789,19.89867577974209,,ga,59
5,0.2883668815338976,100,133.39431698346698,66.60568301653302,95.0,19,5.0,10.0,2.0,True,0.19692337429517942,0.555078251601982,0.2883668815338976,19.85950230501494,,ga,59
6,0.2883668815338976,120,133.39431698346698,66.60568301653302,95.0,19,5.0,10.0,2.0,True,0.19692337429517942,0.555078251601982,0.2883668815338976,19.85950230501494,,ga,59
7,0.2883107592214858,140,123.17720798289555,76.82279201710445,90.0,18,5.0,10.0,2.0,True,0.1962151129357968,0.5679367190977895,0.2883107592214858,19.838242385104436,,ga,59
8,0.2883107592214858,160,123.17720798289555,76.82279201710445,90.0,18,5.0,10.0,2.0,True,0.1962151129357968,0.5679367190977895,0.2883107592214858,19.838242385104436,,ga,59
9,0.2881098866182029,180,122.74198308477845,77.25801691522155,90.0,18,5.0,10.0,2.0,True,0.19573720297130973,0.5685061109592714,0.2881098866182029,19.81259739998924,,ga,59
10,0.2881098866182029,200,122.74198308477845,77.25801691522155,90.0,18,5.0,10.0,2.0,True,0.19573720297130973,0.5685061109592714,0.2881098866182029,19.81259739998924,,ga,59
11,0.2881098866182029,220,122.74198308477845,77.25801691522155,90.0,18,5.0,10.0,2.0,True,0.19573720297130973,0.5685061109592714,0.2881098866182029,19.81259739998924,,ga,59
12,0.2880778698052317,240,122.67121519894005,77.32878480105995,90.0,18,5.0,10.0,2.0,True,0.19568046126947472,0.5685824895097545,0.2880778698052317,19.808996914968546,,ga,59
13,0.2867187469645882,260,122.67038123351686,77.32961876648314,90.0,18,5.0,5.0,1.0,True,0.19929935590827136,0.5661399513128006,0.2867187469645882,19.80390226751075,,ga,59
14,0.28671719719014543,280,122.66694646015283,77.33305353984717,90.0,18,5.0,5.0,1.0,True,0.19929664327501465,0.5661436222875359,0.28671719719014543,19.803728082717317,,ga,59
15,0.28671444015286063,300,122.66083597117525,77.33916402882475,90.0,18,5.0,5.0,1.0,True,0.19929181752047,0.5661501529806208,0.28671444015286063,19.803418212176066,,ga,59
16,0.2867018024276565,320,122.63282581172527,77.36717418827473,90.0,18,5.0,5.0,1.0,True,0.19926969719547447,0.5661800893335538,0.2867018024276565,19.801997873433564,,ga,59
17,0.28669936976301724,340,122.62743390982523,77.37256609017477,90.0,18,5.0,5.0,1.0,True,0.19926543920344217,0.5661858520240001,0.28669936976301724,19.801724478192572,,ga,59
18,0.28669936976301724,360,122.62743390982523,77.37256609017477,90.0,18,5.0,5.0,1.0,True,0.19926543920344217,0.5661858520240001,0.28669936976301724,19.801724478192572,,ga,59
19,0.2866983825031717,380,122.62524567372537,77.37475432627463,90.0,18,5.0,5.0,1.0,True,0.1992637111623045,0.5661881907400043,0.2866983825031717,19.801613525733362,,ga,59
20,0.28669762568439894,400,122.62356819850613,77.37643180149387,90.0,18,5.0,5.0,1.0,True,0.19926238647156472,0.5661899835712907,0.28669762568439894,19.801528471546238,,ga,59
21,0.28669762568439894,420,122.62356819850613,77.37643180149387,90.0,18,5.0,5.0,1.0,True,0.19926238647156472,0.5661899835712907,0.28669762568439894,19.801528471546238,,ga,59
22,0.2866975697046289,440,122.62344412014968,77.37655587985032,90.0,18,5.0,5.0,1.0,True,0.1992622884878918,0.566190116182227,0.2866975697046289,19.801522180336846,,ga,59
23,0.2866975697046289,460,122.62344412014968,77.37655587985032,90.0,18,5.0,5.0,1.0,True,0.1992622884878918,0.566190116182227,0.2866975697046289,19.801522180336846,,ga,59
24,0.28669754632208677,480,122.62339229307278,77.37660770692722,90.0,18,5.0,5.0,1.0,True,0.19926224756047545,0.5661901715733314,0.28669754632208677,19.801519552522496,,ga,59
25,0.2866975412576395,500,122.62338106779576,77.37661893220424,90.0,18,5.0,5.0,1.0,True,0.1992622386959671,0.5661901835705445,0.2866975412576395,19.801518983361703,,ga,59
26,0.2866975412576395,520,122.62338106779576,77.37661893220424,90.0,18,5.0,5.0,1.0,True,0.1992622386959671,0.5661901835705445,0.2866975412576395,19.801518983361703,,ga,59
27,0.286697532287196,540,122.62336118493174,77.37663881506826,90.0,18,5.0,5.0,1.0,True,0.19926222299463425,0.5661902048207068,0.286697532287196,19.80151797523103,,ga,59
28,0.286697532287196,560,122.62336118493174,77.37663881506826,90.0,18,5.0,5.0,1.0,True,0.19926222299463425,0.5661902048207068,0.286697532287196,19.80151797523103,,ga,59
29,0.2866975317325628,580,122.62335962093638,77.37664037906362,90.0,18,5.0,5.0,1.0,True,0.19926222222128065,0.5661902058673625,0.2866975317325628,19.801517917785514,,ga,59
30,0.2866975306098805,600,122.62335746718472,77.37664253281528,90.0,18,5.0,5.0,1.0,True,0.1992622200587603,0.5661902087941147,0.2866975306098805,19.801517786728276,,ga,59
1,0.2959384938326014,20,94.51259512716734,105.48740487283266,80.0,16,5.0,5.0,1.0,True,0.19421693996006936,0.5768525841069094,0.2959384938326014,20.31220773602551,,ga,60
2,0.2945039408171481,40,158.29490413788952,41.70509586211048,100.0,20,30.0,60.0,2.0,True,0.17944162337795716,0.5766907794718963,0.2945039408171481,19.87988071447974,,ga,60
3,0.29064877789662685,60,99.10023595650958,100.89976404349042,75.0,15,20.0,20.0,1.0,True,0.19215570165716642,0.6252327186984307,0.29064877789662685,19.917388823451653,,ga,60
4,0.29064877789662685,80,99.10023595650958,100.89976404349042,75.0,15,20.0,20.0,1.0,True,0.19215570165716642,0.6252327186984307,0.29064877789662685,19.917388823451653,,ga,60
5,0.29064877789662685,100,99.10023595650958,100.89976404349042,75.0,15,20.0,20.0,1.0,True,0.19215570165716642,0.6252327186984307,0.29064877789662685,19.917388823451653,,ga,60
6,0.2900737289979064,120,97.9968167222731,102.0031832777269,75.0,15,20.0,20.0,1.0,True,0.19188722481008086,0.6261889397426216,0.2900737289979064,19.87102062649203,,ga,60
7,0.2900737289979064,140,97.9968167222731,102.0031832777269,75.0,15,20.0,20.0,1.0,True,0.19188722481008086,0.6261889397426216,0.2900737289979064,19.87102062649203,,ga,60
8,0.2900737289979064,160,97.9968167222731,102.0031832777269,75.0,15,20.0,20.0,1.0,True,0.19188722481008086,0.6261889397426216,0.2900737289979064,19.87102062649203,,ga,60
9,0.2900737289979064,180,97.9968167222731,102.0031832777269,75.0,15,20.0,20.0,1.0,True,0.19188722481008086,0.6261889397426216,0.2900737289979064,19.87102062649203,,ga,60
10,0.28810951933539436,200,98.82363306260166,101.17636693739834,75.0,15,15.0,15.0,1.0,True,0.19898564151327575,0.6210281141794556,0.28810951933539436,19.906700767878437,,ga,60
11,0.28810951933539436,220,98.82363306260166,101.17636693739834,75.0,15,15.0,15.0,1.0,True,0.19898564151327575,0.6210281141794556,0.28810951933539436,19.906700767878437,,ga,60
12,0.2876544988336565,240,97.92468495321147,102.07531504678853,75.0,15,15.0,15.0,1.0,True,0.1986256497471255,0.6218853196400191,0.2876544988336565,19.86617436441576,,ga,60
13,0.28759078525158,260,97.79526626809478,102.20473373190522,75.0,15,15.0,15.0,1.0,True,0.19860120305735787,0.6219832338215942,0.28759078525158,19.86116317695498,,ga,60
14,0.28759078525158,280,97.79526626809478,102.20473373190522,75.0,15,15.0,15.0,1.0,True,0.19860120305735787,0.6219832338215942,0.28759078525158,19.86116317695498,,ga,60
15,0.28752063890917173,300,97.6525584669989,102.3474415330011,75.0,15,15.0,15.0,1.0,True,0.19851208689099728,0.6221394464832419,0.28752063890917173,19.854099530990514,,ga,60
16,0.28751637199657204,320,97.64384815711215,102.35615184288785,75.0,15,15.0,15.0,1.0,True,0.1985088212374648,0.6221472531689153,0.28751637199657204,19.85372364946186,,ga,60
17,0.2875002882102411,340,97.61101401528566,102.38898598471434,75.0,15,15.0,15.0,1.0,True,0.19849654559917546,0.6221766545428727,0.2875002882102411,19.852307666980437,,ga,60
18,0.2874955461710868,360,97.60133301048998,102.39866698951002,75.0,15,15.0,15.0,1.0,True,0.19849293012113153,0.622185320455174,0.2874955461710868,19.851890290519453,,ga,60
19,0.28748962947763085,380,97.58925366110647,102.41074633889353,75.0,15,15.0,15.0,1.0,True,0.1984884190501342,0.6221961332359361,0.28748962947763085,19.851369530704982,,ga,60
20,0.28748636455829113,400,97.58258797538673,102.41741202461327,75.0,15,15.0,15.0,1.0,True,0.19848592977414606,0.6222020999975579,0.28748636455829113,19.851082170224156,,ga,60
21,0.28748636455829113,420,97.58258797538673,102.41741202461327,75.0,15,15.0,15.0,1.0,True,0.19848592977414606,0.6222020999975579,0.28748636455829113,19.851082170224156,,ga,60
22,0.2874853686202223,440,97.5805546430027,102.4194453569973,75.0,15,15.0,15.0,1.0,True,0.19848517044000538,0.6222039201268206,0.2874853686202223,19.850994513517314,,ga,60
23,0.2874853686202223,460,97.5805546430027,102.4194453569973,75.0,15,15.0,15.0,1.0,True,0.19848517044000538,0.6222039201268206,0.2874853686202223,19.850994513517314,,ga,60
24,0.2874853686202223,480,97.5805546430027,102.4194453569973,75.0,15,15.0,15.0,1.0,True,0.19848517044000538,0.6222039201268206,0.2874853686202223,19.850994513517314,,ga,60
25,0.2874850488061189,500,97.5799017007269,102.4200982992731,75.0,15,15.0,15.0,1.0,True,0.19848492660379197,0.6222045046054587,0.2874850488061189,19.850966365365586,,ga,60
26,0.28748498257165517,520,97.57976647431224,102.42023352568776,75.0,15,15.0,15.0,1.0,True,0.19848487610457807,0.6222046256528371,0.28748498257165517,19.850960535800766,,ga,60
27,0.2874849058840792,540,97.57960990644267,102.42039009355733,75.0,15,15.0,15.0,1.0,True,0.1984848176355865,0.6222047658039326,0.2874849058840792,19.8509537862159,,ga,60
28,0.28748481393650915,560,97.5794221832058,102.4205778167942,75.0,15,15.0,15.0,1.0,True,0.19848474753190098,0.622204933843629,0.28748481393650915,19.850945693538304,,ga,60
29,0.28748473199753743,580,97.57925489380098,102.42074510619902,75.0,15,15.0,15.0,1.0,True,0.19848468505908207,0.6222050835920633,0.28748473199753743,19.850938481759147,,ga,60
30,0.28748473199753743,600,97.57925489380098,102.42074510619902,75.0,15,15.0,15.0,1.0,True,0.19848468505908207,0.6222050835920633,0.28748473199753743,19.850938481759147,,ga,60
1,0.292810049022829,20,114.6254759564704,85.3745240435296,85.0,17,10.0,20.0,2.0,True,0.1832103687402494,0.5890883285263393,0.292810049022829,19.83386398252628,,ga,61
2,0.292810049022829,40,114.6254759564704,85.3745240435296,85.0,17,10.0,20.0,2.0,True,0.1832103687402494,0.5890883285263393,0.292810049022829,19.83386398252628,,ga,61
3,0.2896644050160981,60,125.61158526687603,74.38841473312397,85.0,17,15.0,30.0,2.0,True,0.1879646069029262,0.6028921519048248,0.2896644050160981,19.743956368052192,,ga,61
4,0.28424907319877546,80,122.77265789832006,77.22734210167994,85.0,17,10.0,20.0,2.0,True,0.19962984200063705,0.5979321866406405,0.28424907319877546,19.649353182667728,,ga,61
5,0.28424907319877546,100,122.77265789832006,77.22734210167994,85.0,17,10.0,20.0,2.0,True,0.19962984200063705,0.5979321866406405,0.28424907319877546,19.649353182667728,,ga,61
6,0.28413029065707185,120,122.50844683604076,77.49155316395924,85.0,17,10.0,20.0,2.0,True,0.19939567180882187,0.5982502079747881,0.28413029065707185,19.635379870906437,,ga,61
7,0.28413029065707185,140,122.50844683604076,77.49155316395924,85.0,17,10.0,20.0,2.0,True,0.19939567180882187,0.5982502079747881,0.28413029065707185,19.635379870906437,,ga,61
8,0.28413029065707185,160,122.50844683604076,77.49155316395924,85.0,17,10.0,20.0,2.0,True,0.19939567180882187,0.5982502079747881,0.28413029065707185,19.635379870906437,,ga,61
9,0.28413029065707185,180,122.50844683604076,77.49155316395924,85.0,17,10.0,20.0,2.0,True,0.19939567180882187,0.5982502079747881,0.28413029065707185,19.635379870906437,,ga,61
10,0.28413029065707185,200,122.50844683604076,77.49155316395924,85.0,17,10.0,20.0,2.0,True,0.19939567180882187,0.5982502079747881,0.28413029065707185,19.635379870906437,,ga,61
11,0.28413029065707185,220,122.50844683604076,77.49155316395924,85.0,17,10.0,20.0,2.0,True,0.19939567180882187,0.5982502079747881,0.28413029065707185,19.635379870906437,,ga,61
12,0.28413029065707185,240,122.50844683604076,77.49155316395924,85.0,17,10.0,20.0,2.0,True,0.19939567180882187,0.5982502079747881,0.28413029065707185,19.635379870906437,,ga,61
13,0.28413029065707185,260,122.50844683604076,77.49155316395924,85.0,17,10.0,20.0,2.0,True,0.19939567180882187,0.5982502079747881,0.28413029065707185,19.635379870906437,,ga,61
14,0.28413029065707185,280,122.50844683604076,77.49155316395924,85.0,17,10.0,20.0,2.0,True,0.19939567180882187,0.5982502079747881,0.28413029065707185,19.635379870906437,,ga,61
15,0.28413029065707185,300,122.50844683604076,77.49155316395924,85.0,17,10.0,20.0,2.0,True,0.19939567180882187,0.5982502079747881,0.28413029065707185,19.635379870906437,,ga,61
16,0.28413029065707185,320,122.50844683604076,77.49155316395924,85.0,17,10.0,20.0,2.0,True,0.19939567180882187,0.5982502079747881,0.28413029065707185,19.635379870906437,,ga,61
17,0.28413029065707185,340,122.50844683604076,77.49155316395924,85.0,17,10.0,20.0,2.0,True,0.19939567180882187,0.5982502079747881,0.28413029065707185,19.635379870906437,,ga,61
18,0.28413029065707185,360,122.50844683604076,77.49155316395924,85.0,17,10.0,20.0,2.0,True,0.19939567180882187,0.5982502079747881,0.28413029065707185,19.635379870906437,,ga,61
19,0.28413029065707185,380,122.50844683604076,77.49155316395924,85.0,17,10.0,20.0,2.0,True,0.19939567180882187,0.5982502079747881,0.28413029065707185,19.635379870906437,,ga,61
20,0.28413029065707185,400,122.50844683604076,77.49155316395924,85.0,17,10.0,20.0,2.0,True,0.19939567180882187,0.5982502079747881,0.28413029065707185,19.635379870906437,,ga,61
21,0.28413029065707185,420,122.50844683604076,77.49155316395924,85.0,17,10.0,20.0,2.0,True,0.19939567180882187,0.5982502079747881,0.28413029065707185,19.635379870906437,,ga,61
22,0.28413029065707185,440,122.50844683604076,77.49155316395924,85.0,17,10.0,20.0,2.0,True,0.19939567180882187,0.5982502079747881,0.28413029065707185,19.635379870906437,,ga,61
23,0.2836545807657025,460,122.50844683604076,77.49155316395924,85.0,17,15.0,15.0,1.0,True,0.19535309919820426,0.6005554893810081,0.2836545807657025,19.508362673757194,,ga,61
24,0.2836545807657025,480,122.50844683604076,77.49155316395924,85.0,17,15.0,15.0,1.0,True,0.19535309919820426,0.6005554893810081,0.2836545807657025,19.508362673757194,,ga,61
25,0.2836545807657025,500,122.50844683604076,77.49155316395924,85.0,17,15.0,15.0,1.0,True,0.19535309919820426,0.6005554893810081,0.2836545807657025,19.508362673757194,,ga,61
26,0.2836545807657025,520,122.50844683604076,77.49155316395924,85.0,17,15.0,15.0,1.0,True,0.19535309919820426,0.6005554893810081,0.2836545807657025,19.508362673757194,,ga,61
27,0.2836545807657025,540,122.50844683604076,77.49155316395924,85.0,17,15.0,15.0,1.0,True,0.19535309919820426,0.6005554893810081,0.2836545807657025,19.508362673757194,,ga,61
28,0.2836545807657025,560,122.50844683604076,77.49155316395924,85.0,17,15.0,15.0,1.0,True,0.19535309919820426,0.6005554893810081,0.2836545807657025,19.508362673757194,,ga,61
29,0.2836545807657025,580,122.50844683604076,77.49155316395924,85.0,17,15.0,15.0,1.0,True,0.19535309919820426,0.6005554893810081,0.2836545807657025,19.508362673757194,,ga,61
30,0.2836545807657025,600,122.50844683604076,77.49155316395924,85.0,17,15.0,15.0,1.0,True,0.19535309919820426,0.6005554893810081,0.2836545807657025,19.508362673757194,,ga,61
1,0.30268857068836075,20,103.04700099626262,96.95299900373738,75.0,15,35.0,70.0,2.0,True,0.18471862452814752,0.6410948677422319,0.30268857068836075,20.563215990915978,,ga,62
2,0.3020510497801412,40,132.1648179347046,67.83518206529541,90.0,18,25.0,50.0,2.0,True,0.1643846098708257,0.5912131191961902,0.3020510497801412,20.014187264549967,,ga,62
3,0.28667040450925557,60,147.80043078508436,52.19956921491564,95.0,19,30.0,30.0,1.0,True,0.1863475998923419,0.5855990261100884,0.28667040450925557,19.509712656988718,,ga,62
4,0.28594235543101987,80,156.70194550417747,43.29805449582253,95.0,19,30.0,30.0,1.0,True,0.19719529060239147,0.5823706076260973,0.28594235543101987,19.727115831748986,,ga,62
5,0.28594235543101987,100,156.70194550417747,43.29805449582253,95.0,19,30.0,30.0,1.0,True,0.19719529060239147,0.5823706076260973,0.28594235543101987,19.727115831748986,,ga,62
6,0.2833614626464085,120,143.6559996881577,56.34400031184231,90.0,18,30.0,30.0,1.0,True,0.19897031169377194,0.5991381305106398,0.2833614626464085,19.588583106778895,,ga,62
7,0.28325759297904746,140,143.41624436572715,56.58375563427285,90.0,18,30.0,30.0,1.0,True,0.19879059076749278,0.5994009751487581,0.28325759297904746,19.57697549867321,,ga,62
8,0.28325617693750615,160,143.4129245043295,56.58707549567049,90.0,18,30.0,30.0,1.0,True,0.1987876317502688,0.5994049115491873,0.28325617693750615,19.576805146657083,,ga,62
9,0.28325617693750615,180,143.4129245043295,56.58707549567049,90.0,18,30.0,30.0,1.0,True,0.1987876317502688,0.5994049115491873,0.28325617693750615,19.576805146657083,,ga,62
10,0.2832388265623861,200,143.37481612867902,56.625183871320985,90.0,18,30.0,30.0,1.0,True,0.19875366671260133,0.5994529970092095,0.2832388265623861,19.574755157632726,,ga,62
11,0.2832388265623861,220,143.37481612867902,56.625183871320985,90.0,18,30.0,30.0,1.0,True,0.19875366671260133,0.5994529970092095,0.2832388265623861,19.574755157632726,,ga,62
12,0.28323523402574424,240,143.3663932294186,56.633606770581395,90.0,18,30.0,30.0,1.0,True,0.19874615990238895,0.5994629845636227,0.28323523402574424,19.57432301865212,,ga,62
13,0.28323523402574424,260,143.3663932294186,56.633606770581395,90.0,18,30.0,30.0,1.0,True,0.19874615990238895,0.5994629845636227,0.28323523402574424,19.57432301865212,,ga,62
14,0.2832324832547957,280,143.35994381324124,56.640056186758756,90.0,18,30.0,30.0,1.0,True,0.19874041201127327,0.5994706320366618,0.2832324832547957,19.573992139455072,,ga,62
15,0.2832317137000073,300,143.3581395138125,56.64186048618751,90.0,18,30.0,30.0,1.0,True,0.1987388039833782,0.5994727715064768,0.2832317137000073,19.573899573650184,,ga,62
16,0.2832317137000073,320,143.3581395138125,56.64186048618751,90.0,18,30.0,30.0,1.0,True,0.1987388039833782,0.5994727715064768,0.2832317137000073,19.573899573650184,,ga,62
17,0.2832304868261851,340,143.35526297180303,56.64473702819697,90.0,18,30.0,30.0,1.0,True,0.1987362403619457,0.5994761824008676,0.2832304868261851,19.573752000050774,,ga,62
18,0.2832304868261851,360,143.35526297180303,56.64473702819697,90.0,18,30.0,30.0,1.0,True,0.1987362403619457,0.5994761824008676,0.2832304868261851,19.573752000050774,,ga,62
19,0.28323011968623407,380,143.35440216861403,56.64559783138597,90.0,18,30.0,30.0,1.0,True,0.1987354732025511,0.5994772031086337,0.28323011968623407,19.57370783908059,,ga,62
20,0.2832299892401186,400,143.35409632190675,56.64590367809325,90.0,18,30.0,30.0,1.0,True,0.1987352006281273,0.5994775657700567,0.2832299892401186,19.573692148553043,,ga,62
21,0.2832299892401186,420,143.35409632190675,56.64590367809325,90.0,18,30.0,30.0,1.0,True,0.1987352006281273,0.5994775657700567,0.2832299892401186,19.573692148553043,,ga,62
22,0.28322997904665176,440,143.35407242208294,56.645927577917064,90.0,18,30.0,30.0,1.0,True,0.19873517932831056,0.5994775941095611,0.28322997904665176,19.573690922446662,,ga,62
23,0.2832299673524299,460,143.3540450035554,56.6459549964446,90.0,18,30.0,30.0,1.0,True,0.19873515489258295,0.599477626621411,0.2832299673524299,19.573689515824235,,ga,62
24,0.283229943508657,480,143.35398909892112,56.64601090107888,90.0,18,30.0,30.0,1.0,True,0.19873510506969172,0.5994776929110055,0.283229943508657,19.57368664781102,,ga,62
25,0.283229943508657,500,143.35398909892112,56.64601090107888,90.0,18,30.0,30.0,1.0,True,0.19873510506969172,0.5994776929110055,0.283229943508657,19.57368664781102,,ga,62
26,0.28315157316312217,520,143.17462185101093,56.825378148989074,90.0,18,30.0,30.0,1.0,True,0.19861277972342165,0.5996672131044587,0.28315157316312217,19.565243860562646,,ga,62
27,0.28315157316312217,540,143.17462185101093,56.825378148989074,90.0,18,30.0,30.0,1.0,True,0.19861277972342165,0.5996672131044587,0.28315157316312217,19.565243860562646,,ga,62
28,0.2831261813079937,560,143.1148686823092,56.88513131769079,90.0,18,30.0,30.0,1.0,True,0.19855941324219412,0.5997379881524233,0.2831261813079937,19.562183282844742,,ga,62
29,0.2830952926554331,580,143.04216695215732,56.95783304784268,90.0,18,30.0,30.0,1.0,True,0.19849448974405484,0.59982409457667,0.2830952926554331,19.55846063312576,,ga,62
30,0.28308502623991183,600,143.0179995552879,56.9820004447121,90.0,18,30.0,30.0,1.0,True,0.19847290980883803,0.599852716115478,0.28308502623991183,19.55722345186511,,ga,62
1,0.29605582009038145,20,125.92580616321307,74.07419383678693,80.0,16,35.0,70.0,2.0,True,0.1976345330381866,0.630320506957477,0.29605582009038145,20.436870995334846,,ga,63
2,0.29605582009038145,40,125.92580616321307,74.07419383678693,80.0,16,35.0,70.0,2.0,True,0.1976345330381866,0.630320506957477,0.29605582009038145,20.436870995334846,,ga,63
3,0.2950808463670184,60,125.01484814034126,74.98515185965874,80.0,16,35.0,70.0,2.0,True,0.19831204389871163,0.6314865941278176,0.2950808463670184,20.386888799070515,,ga,63
4,0.29270726492190796,80,125.92580616321307,74.07419383678693,80.0,16,30.0,60.0,2.0,True,0.19990508613873897,0.6288709298757902,0.29270726492190796,20.261269148080096,,ga,63
5,0.29270726492190796,100,125.92580616321307,74.07419383678693,80.0,16,30.0,60.0,2.0,True,0.19990508613873897,0.6288709298757902,0.29270726492190796,20.261269148080096,,ga,63
6,0.29270726492190796,120,125.92580616321307,74.07419383678693,80.0,16,30.0,60.0,2.0,True,0.19990508613873897,0.6288709298757902,0.29270726492190796,20.261269148080096,,ga,63
7,0.29270726492190796,140,125.92580616321307,74.07419383678693,80.0,16,30.0,60.0,2.0,True,0.19990508613873897,0.6288709298757902,0.29270726492190796,20.261269148080096,,ga,63
8,0.2927068110788363,160,125.92537806316327,74.07462193683673,80.0,16,30.0,60.0,2.0,True,0.19990543879950085,0.6288714461087241,0.2927068110788363,20.261246737923386,,ga,63
9,0.2927068110788363,180,125.92537806316327,74.07462193683673,80.0,16,30.0,60.0,2.0,True,0.19990543879950085,0.6288714461087241,0.2927068110788363,20.261246737923386,,ga,63
10,0.2927067110884312,200,125.92528374429814,74.07471625570186,80.0,16,30.0,60.0,2.0,True,0.19990551649748625,0.628871559844998,0.2927067110884312,20.261241800529817,,ga,63
11,0.29270666599814166,220,125.92524121155043,74.07475878844957,80.0,16,30.0,60.0,2.0,True,0.19990555153509476,0.6288716111339552,0.29270666599814166,20.26123957403082,,ga,63
12,0.2927065488383445,240,125.925130697061,74.074869302939,80.0,16,30.0,60.0,2.0,True,0.19990564257463192,0.6288717444000437,0.2927065488383445,20.261233788833707,,ga,63
13,0.29270651447038637,260,125.92509827844084,74.07490172155916,80.0,16,30.0,60.0,2.0,True,0.1999056692804054,0.6288717834926796,0.29270651447038637,20.261232091788766,,ga,63
14,0.29270651447038637,280,125.92509827844084,74.07490172155916,80.0,16,30.0,60.0,2.0,True,0.1999056692804054,0.6288717834926796,0.29270651447038637,20.261232091788766,,ga,63
15,0.29270649863267084,300,125.92508333903271,74.07491666096729,80.0,16,30.0,60.0,2.0,True,0.19990568158717206,0.6288718015076612,0.29270649863267084,20.26123130974299,,ga,63
16,0.29270649863267084,320,125.92508333903271,74.07491666096729,80.0,16,30.0,60.0,2.0,True,0.19990568158717206,0.6288718015076612,0.29270649863267084,20.26123130974299,,ga,63
17,0.29270649863267084,340,125.92508333903271,74.07491666096729,80.0,16,30.0,60.0,2.0,True,0.19990568158717206,0.6288718015076612,0.29270649863267084,20.26123130974299,,ga,63
18,0.29270649728404935,360,125.92508206690424,74.07491793309576,80.0,16,30.0,60.0,2.0,True,0.1999056826351244,0.6288718030416824,0.29270649728404935,20.261231243149812,,ga,63
19,0.2885495536712932,380,121.18986196454496,78.81013803545504,80.0,16,30.0,30.0,1.0,True,0.19675752833063748,0.6211857378211949,0.2885495536712932,19.890195903500206,,ga,63
20,0.2885495536712932,400,121.18986196454496,78.81013803545504,80.0,16,30.0,30.0,1.0,True,0.19675752833063748,0.6211857378211949,0.2885495536712932,19.890195903500206,,ga,63
21,0.287771392744654,420,120.46482098830785,79.53517901169215,80.0,16,30.0,30.0,1.0,True,0.19733366407420141,0.6221092099373114,0.287771392744654,19.8507784642011,,ga,63
22,0.28671826616735213,440,128.59470980785184,71.40529019214816,85.0,17,30.0,30.0,1.0,True,0.19191754179959072,0.6106777601252056,0.28671826616735213,19.645536581073145,,ga,63
23,0.28671826616735213,460,128.59470980785184,71.40529019214816,85.0,17,30.0,30.0,1.0,True,0.19191754179959072,0.6106777601252056,0.28671826616735213,19.645536581073145,,ga,63
24,0.28671826616735213,480,128.59470980785184,71.40529019214816,85.0,17,30.0,30.0,1.0,True,0.19191754179959072,0.6106777601252056,0.28671826616735213,19.645536581073145,,ga,63
25,0.2866862621442254,500,128.52531379489508,71.47468620510492,85.0,17,30.0,30.0,1.0,True,0.191877535891624,0.6107483233909513,0.2866862621442254,19.642359140999137,,ga,63
26,0.2866862621442254,520,128.52531379489508,71.47468620510492,85.0,17,30.0,30.0,1.0,True,0.191877535891624,0.6107483233909513,0.2866862621442254,19.642359140999137,,ga,63
27,0.2847426149159389,540,128.49343127184335,71.50656872815665,85.0,17,25.0,25.0,1.0,True,0.19323693087892554,0.6099345386042705,0.2847426149159389,19.541021160421092,,ga,63
28,0.2847426149159389,560,128.49343127184335,71.50656872815665,85.0,17,25.0,25.0,1.0,True,0.19323693087892554,0.6099345386042705,0.2847426149159389,19.541021160421092,,ga,63
29,0.2847426149159389,580,128.49343127184335,71.50656872815665,85.0,17,25.0,25.0,1.0,True,0.19323693087892554,0.6099345386042705,0.2847426149159389,19.541021160421092,,ga,63
30,0.28268059857221856,600,128.4873379521061,71.51266204789391,85.0,17,20.0,20.0,1.0,True,0.19724241736545917,0.6074443965524705,0.28268059857221856,19.49339827561932,,ga,63
1,0.30159385420762364,20,113.88290889316472,86.11709110683528,75.0,15,45.0,90.0,2.0,True,0.1994357603245477,0.6506687795714601,0.30159385420762364,20.870620010241204,,ga,64
2,0.30159385420762364,40,113.88290889316472,86.11709110683528,75.0,15,45.0,90.0,2.0,True,0.1994357603245477,0.6506687795714601,0.30159385420762364,20.870620010241204,,ga,64
3,0.2992871058719373,60,113.00475806904946,86.99524193095054,90.0,18,15.0,15.0,1.0,True,0.1586368624748668,0.5733631256787227,0.2992871058719373,19.68267579728695,,ga,64
4,0.29825592304913795,80,114.31332187136938,85.68667812863062,85.0,17,10.0,40.0,4.0,True,0.17660409577036232,0.5936631299713767,0.29825592304913795,20.042536182541095,,ga,64
5,0.288511341005287,100,113.49924142599659,86.50075857400341,85.0,17,5.0,10.0,2.0,True,0.19759347968282934,0.5804527344238047,0.288511341005287,19.886345850583325,,ga,64
6,0.288511341005287,120,113.49924142599659,86.50075857400341,85.0,17,5.0,10.0,2.0,True,0.19759347968282934,0.5804527344238047,0.288511341005287,19.886345850583325,,ga,64
7,0.2882120792877925,140,113.21054822830205,86.78945177169795,80.0,16,15.0,30.0,2.0,True,0.19060210445948225,0.6196736045133256,0.2882120792877925,19.70978427806895,,ga,64
8,0.2882120792877925,160,113.21054822830205,86.78945177169795,80.0,16,15.0,30.0,2.0,True,0.19060210445948225,0.6196736045133256,0.2882120792877925,19.70978427806895,,ga,64
9,0.28820473863610063,180,113.19505136577894,86.80494863422106,80.0,16,15.0,30.0,2.0,True,0.19059171773381178,0.6196906999764459,0.28820473863610063,19.70902828771457,,ga,64
10,0.2838686691758236,200,113.20492267034162,86.79507732965838,80.0,16,15.0,15.0,1.0,True,0.19929877110834227,0.6136818045434935,0.2838686691758236,19.62022538005879,,ga,64
11,0.2838686691758236,220,113.20492267034162,86.79507732965838,80.0,16,15.0,15.0,1.0,True,0.19929877110834227,0.6136818045434935,0.2838686691758236,19.62022538005879,,ga,64
12,0.2838686691758236,240,113.20492267034162,86.79507732965838,80.0,16,15.0,15.0,1.0,True,0.19929877110834227,0.6136818045434935,0.2838686691758236,19.62022538005879,,ga,64
13,0.2838686691758236,260,113.20492267034162,86.79507732965838,80.0,16,15.0,15.0,1.0,True,0.19929877110834227,0.6136818045434935,0.2838686691758236,19.62022538005879,,ga,64
14,0.2838686691758236,280,113.20492267034162,86.79507732965838,80.0,16,15.0,15.0,1.0,True,0.19929877110834227,0.6136818045434935,0.2838686691758236,19.62022538005879,,ga,64
15,0.2837105026376637,300,112.86700665228793,87.13299334771207,80.0,16,15.0,15.0,1.0,True,0.1990811721538794,0.6140452455839522,0.2837105026376637,19.603941700865196,,ga,64
16,0.28369758290934566,320,112.83920146410065,87.16079853589935,80.0,16,15.0,15.0,1.0,True,0.19906311328287932,0.6140750789902492,0.28369758290934566,19.60260496903719,,ga,64
17,0.2836478108365511,340,112.73206399373582,87.26793600626418,80.0,16,15.0,15.0,1.0,True,0.19894944200907816,0.614223969661476,0.2836478108365511,19.596372726377513,,ga,64
18,0.2836019262656073,360,112.63825869033158,87.36174130966842,80.0,16,15.0,15.0,1.0,True,0.19885996027863767,0.6143529151240439,0.2836019262656073,19.59096369843092,,ga,64
19,0.2836019262656073,380,112.63825869033158,87.36174130966842,80.0,16,15.0,15.0,1.0,True,0.19885996027863767,0.6143529151240439,0.2836019262656073,19.59096369843092,,ga,64
20,0.2836019262656073,400,112.63825869033158,87.36174130966842,80.0,16,15.0,15.0,1.0,True,0.19885996027863767,0.6143529151240439,0.2836019262656073,19.59096369843092,,ga,64
21,0.28359843322864736,420,112.63071162451291,87.36928837548709,80.0,16,15.0,15.0,1.0,True,0.19885505531447775,0.6143609904445327,0.28359843322864736,19.590601923609928,,ga,64
22,0.28359014167342383,440,112.61279644341728,87.38720355658272,80.0,16,15.0,15.0,1.0,True,0.19884341221327156,0.614380159593503,0.28359014167342383,19.589743182719037,,ga,64
23,0.28358649494465443,460,112.60491693633071,87.39508306366929,80.0,16,15.0,15.0,1.0,True,0.19883830261011937,0.6143885820187079,0.28358649494465443,19.589365780154775,,ga,64
24,0.28358649494465443,480,112.60491693633071,87.39508306366929,80.0,16,15.0,15.0,1.0,True,0.19883830261011937,0.6143885820187079,0.28358649494465443,19.589365780154775,,ga,64
25,0.28358522827873384,500,112.60218001731982,87.39781998268018,80.0,16,15.0,15.0,1.0,True,0.1988365305660458,0.6143915054079374,0.28358522827873384,19.58923476041602,,ga,64
26,0.2835850604950108,520,112.60181748149007,87.39818251850993,80.0,16,15.0,15.0,1.0,True,0.19883629583947043,0.6143918926438533,0.2835850604950108,19.58921740546559,,ga,64
27,0.2835849978183173,540,112.60168205382672,87.39831794617328,80.0,16,15.0,15.0,1.0,True,0.198836208155842,0.6143920372983976,0.2835849978183173,19.589210922414388,,ga,64
28,0.2835849936531435,560,112.60167305399277,87.39832694600723,80.0,16,15.0,15.0,1.0,True,0.19883620232883467,0.6143920469114031,0.2835849936531435,19.589210491583874,,ga,64
29,0.28358495407339496,580,112.60158753266509,87.39841246733491,80.0,16,15.0,15.0,1.0,True,0.19883614695743954,0.6143921382594216,0.28358495407339496,19.58920639759818,,ga,64
30,0.28358489852957,600,112.60146751718398,87.39853248281602,80.0,16,15.0,15.0,1.0,True,0.19883606925257288,0.6143922664517296,0.28358489852957,19.589200652347248,,ga,64
1,0.30022973406821263,20,89.97107539789755,110.02892460210245,70.0,14,40.0,40.0,1.0,True,0.1985025995723937,0.6389015288289225,0.30022973406821263,20.746668421436755,,ga,65
2,0.30022973406821263,40,89.97107539789755,110.02892460210245,70.0,14,40.0,40.0,1.0,True,0.1985025995723937,0.6389015288289225,0.30022973406821263,20.746668421436755,,ga,65
3,0.30022973406821263,60,89.97107539789755,110.02892460210245,70.0,14,40.0,40.0,1.0,True,0.1985025995723937,0.6389015288289225,0.30022973406821263,20.746668421436755,,ga,65
4,0.2961643749188702,80,135.28221913734143,64.71778086265857,90.0,18,25.0,50.0,2.0,True,0.175290054263331,0.5962381367667126,0.2961643749188702,19.884956847479035,,ga,65
5,0.29027436215777414,100,145.81576386553672,54.184236134463276,90.0,18,45.0,45.0,1.0,True,0.196561294141751,0.5983317639171557,0.29027436215777414,20.009395420633282,,ga,65
6,0.28752144453710976,120,154.25118676563028,45.74881323436972,95.0,19,40.0,40.0,1.0,True,0.1952185449792589,0.5866998523278083,0.28752144453710976,19.78819398815828,,ga,65
7,0.28752144453710976,140,154.25118676563028,45.74881323436972,95.0,19,40.0,40.0,1.0,True,0.1952185449792589,0.5866998523278083,0.28752144453710976,19.78819398815828,,ga,65
8,0.28752144453710976,160,154.25118676563028,45.74881323436972,95.0,19,40.0,40.0,1.0,True,0.1952185449792589,0.5866998523278083,0.28752144453710976,19.78819398815828,,ga,65
9,0.2872005401413504,180,144.95001712721987,55.049982872780134,95.0,19,20.0,20.0,1.0,True,0.18650284705936998,0.5764383125603559,0.2872005401413504,19.543705240645,,ga,65
10,0.2872005401413504,200,144.95001712721987,55.049982872780134,95.0,19,20.0,20.0,1.0,True,0.18650284705936998,0.5764383125603559,0.2872005401413504,19.543705240645,,ga,65
11,0.2872005401413504,220,144.95001712721987,55.049982872780134,95.0,19,20.0,20.0,1.0,True,0.18650284705936998,0.5764383125603559,0.2872005401413504,19.543705240645,,ga,65
12,0.2830506073092948,240,148.45283077021475,51.547169229785254,95.0,19,20.0,20.0,1.0,True,0.19551881986195074,0.5796794476069183,0.2830506073092948,19.47762151415305,,ga,65
13,0.2830506073092948,260,148.45283077021475,51.547169229785254,95.0,19,20.0,20.0,1.0,True,0.19551881986195074,0.5796794476069183,0.2830506073092948,19.47762151415305,,ga,65
14,0.2830506073092948,280,148.45283077021475,51.547169229785254,95.0,19,20.0,20.0,1.0,True,0.19551881986195074,0.5796794476069183,0.2830506073092948,19.47762151415305,,ga,65
15,0.28303729392554117,300,148.42152158954124,51.57847841045876,95.0,19,20.0,20.0,1.0,True,0.19549399107787502,0.5797132166960964,0.28303729392554117,19.47610089270949,,ga,65
16,0.28303129703267443,320,148.40741809656262,51.59258190343738,95.0,19,20.0,20.0,1.0,True,0.19548280717739727,0.5797284282762742,0.28303129703267443,19.47541597341636,,ga,65
17,0.28303129703267443,340,148.40741809656262,51.59258190343738,95.0,19,20.0,20.0,1.0,True,0.19548280717739727,0.5797284282762742,0.28303129703267443,19.47541597341636,,ga,65
18,0.28302572231563544,360,148.39430716656773,51.60569283343227,95.0,19,20.0,20.0,1.0,True,0.19547241061335233,0.579742569309501,0.28302572231563544,19.474779288996388,,ga,65
19,0.28302404609638016,380,148.39036488233472,51.60963511766528,95.0,19,20.0,20.0,1.0,True,0.19546928454959797,0.5797468213322292,0.28302404609638016,19.47458785243779,,ga,65
20,0.28302404609638016,400,148.39036488233472,51.60963511766528,95.0,19,20.0,20.0,1.0,True,0.19546928454959797,0.5797468213322292,0.28302404609638016,19.47458785243779,,ga,65
21,0.28302404609638016,420,148.39036488233472,51.60963511766528,95.0,19,20.0,20.0,1.0,True,0.19546928454959797,0.5797468213322292,0.28302404609638016,19.47458785243779,,ga,65
22,0.2830237841262027,440,148.38974875470763,51.610251245292375,95.0,19,20.0,20.0,1.0,True,0.19546879598852557,0.5797474858679449,0.2830237841262027,19.474557933653315,,ga,65
23,0.2830235393925692,460,148.3891731651097,51.610826834890304,95.0,19,20.0,20.0,1.0,True,0.19546833957273188,0.579748106680628,0.2830235393925692,19.474529983432955,,ga,65
24,0.2830233315396042,480,148.38868431478897,51.611315685211025,95.0,19,20.0,20.0,1.0,True,0.19546795193751137,0.5797486339390783,0.2830233315396042,19.474506245257036,,ga,65
25,0.28302316463875027,500,148.38829177962143,51.611708220378574,95.0,19,20.0,20.0,1.0,True,0.1954676406758977,0.5797490573150591,0.28302316463875027,19.474487184098262,,ga,65
26,0.28302316463875027,520,148.38829177962143,51.611708220378574,95.0,19,20.0,20.0,1.0,True,0.1954676406758977,0.5797490573150591,0.28302316463875027,19.474487184098262,,ga,65
27,0.28302316463875027,540,148.38829177962143,51.611708220378574,95.0,19,20.0,20.0,1.0,True,0.1954676406758977,0.5797490573150591,0.28302316463875027,19.474487184098262,,ga,65
28,0.28302316441696856,560,148.3882912580114,51.61170874198859,95.0,19,20.0,20.0,1.0,True,0.19546764026228602,0.5797490578776512,0.28302316441696856,19.474487158769364,,ga,65
29,0.2830231017618864,580,148.38814389906054,51.61185610093946,95.0,19,20.0,20.0,1.0,True,0.1954675234137408,0.5797492168143414,0.2830231017618864,19.474480003156906,,ga,65
30,0.2830231017618864,600,148.38814389906054,51.61185610093946,95.0,19,20.0,20.0,1.0,True,0.1954675234137408,0.5797492168143414,0.2830231017618864,19.474480003156906,,ga,65
1,0.30884573949165656,20,133.030282049974,66.969717950026,95.0,19,35.0,70.0,2.0,True,0.14845817960663207,0.5840139810023325,0.30884573949165656,20.082782589643504,,ga,66
2,0.30884573949165656,40,133.030282049974,66.969717950026,95.0,19,35.0,70.0,2.0,True,0.14845817960663207,0.5840139810023325,0.30884573949165656,20.082782589643504,,ga,66
3,0.30062483093023795,60,133.49651483801992,66.50348516198008,85.0,17,45.0,90.0,2.0,True,0.18881346160843324,0.6214423750429774,0.30062483093023795,20.528640598081882,,ga,66
4,0.2915500801303749,80,148.1186724066425,51.8813275933575,100.0,20,15.0,30.0,2.0,True,0.1789333761657694,0.562758228214673,0.2915500801303749,19.651977720481955,,ga,66
5,0.2846314005639305,100,143.46561669309528,56.534383306904715,90.0,18,20.0,40.0,2.0,True,0.19778292253835297,0.6002965095787666,0.2846314005639305,19.64598478989784,,ga,66
6,0.2846314005639305,120,143.46561669309528,56.534383306904715,90.0,18,20.0,40.0,2.0,True,0.19778292253835297,0.6002965095787666,0.2846314005639305,19.64598478989784,,ga,66
7,0.2846314005639305,140,143.46561669309528,56.534383306904715,90.0,18,20.0,40.0,2.0,True,0.19778292253835297,0.6002965095787666,0.2846314005639305,19.64598478989784,,ga,66
8,0.2846314005639305,160,143.46561669309528,56.534383306904715,90.0,18,20.0,40.0,2.0,True,0.19778292253835297,0.6002965095787666,0.2846314005639305,19.64598478989784,,ga,66
9,0.2846314005639305,180,143.46561669309528,56.534383306904715,90.0,18,20.0,40.0,2.0,True,0.19778292253835297,0.6002965095787666,0.2846314005639305,19.64598478989784,,ga,66
10,0.2845204479354729,200,143.21124969224837,56.78875030775163,90.0,18,20.0,40.0,2.0,True,0.1975349236410272,0.6006202224326715,0.2845204479354729,19.632201113761614,,ga,66
11,0.2845204479354729,220,143.21124969224837,56.78875030775163,90.0,18,20.0,40.0,2.0,True,0.1975349236410272,0.6006202224326715,0.2845204479354729,19.632201113761614,,ga,66
12,0.2845204479354729,240,143.21124969224837,56.78875030775163,90.0,18,20.0,40.0,2.0,True,0.1975349236410272,0.6006202224326715,0.2845204479354729,19.632201113761614,,ga,66
13,0.28447996383533,260,143.12202962715406,56.87797037284594,90.0,18,20.0,40.0,2.0,True,0.19750005734355872,0.6006987095161976,0.28447996383533,19.62851539957882,,ga,66
14,0.284461820158767,280,143.08239343021813,56.91760656978187,90.0,18,20.0,40.0,2.0,True,0.19743649393934043,0.6007702277731342,0.284461820158767,19.625680977515433,,ga,66
15,0.2844455404728416,300,143.0444202475532,56.955579752446795,90.0,18,20.0,40.0,2.0,True,0.19740401701789947,0.6008144301830293,0.2844455404728416,19.623760259996757,,ga,66
16,0.28444129082049885,320,143.03450718844672,56.965492811553275,90.0,18,20.0,40.0,2.0,True,0.19739553913703156,0.6008259692719433,0.28444129082049885,19.62325889957294,,ga,66
17,0.28444129082049885,340,143.03450718844672,56.965492811553275,90.0,18,20.0,40.0,2.0,True,0.19739553913703156,0.6008259692719433,0.28444129082049885,19.62325889957294,,ga,66
18,0.28443569207798136,360,143.02144687979853,56.97855312020147,90.0,18,20.0,40.0,2.0,True,0.19738436987954858,0.6008411718507959,0.28443569207798136,19.62259839403373,,ga,66
19,0.28443569207798136,380,143.02144687979853,56.97855312020147,90.0,18,20.0,40.0,2.0,True,0.19738436987954858,0.6008411718507959,0.28443569207798136,19.62259839403373,,ga,66
20,0.28443569207798136,400,143.02144687979853,56.97855312020147,90.0,18,20.0,40.0,2.0,True,0.19738436987954858,0.6008411718507959,0.28443569207798136,19.62259839403373,,ga,66
21,0.28443358803795676,420,143.0165386633117,56.98346133668829,90.0,18,20.0,40.0,2.0,True,0.19738017240832803,0.6008468851574396,0.28443358803795676,19.622350176980696,,ga,66
22,0.28443358803795676,440,143.0165386633117,56.98346133668829,90.0,18,20.0,40.0,2.0,True,0.19738017240832803,0.6008468851574396,0.28443358803795676,19.622350176980696,,ga,66
23,0.2844335845315651,460,143.0165304837132,56.98346951628679,90.0,18,20.0,40.0,2.0,True,0.19738016541322473,0.60084689467873,0.2844335845315651,19.622349763328092,,ga,66
24,0.2844330800043071,480,143.015353537419,56.984646462581,90.0,18,20.0,40.0,2.0,True,0.19737915890265786,0.6008482646784231,0.2844330800043071,19.622290243808486,,ga,66
25,0.2844330800043071,500,143.015353537419,56.984646462581,90.0,18,20.0,40.0,2.0,True,0.19737915890265786,0.6008482646784231,0.2844330800043071,19.622290243808486,,ga,66
26,0.2844329911568338,520,143.01514627640748,56.98485372359252,90.0,18,20.0,40.0,2.0,True,0.19737898165570453,0.6008485059362645,0.2844329911568338,19.622279762410287,,ga,66
27,0.2844329911568338,540,143.01514627640748,56.98485372359252,90.0,18,20.0,40.0,2.0,True,0.19737898165570453,0.6008485059362645,0.2844329911568338,19.622279762410287,,ga,66
28,0.2844329911568338,560,143.01514627640748,56.98485372359252,90.0,18,20.0,40.0,2.0,True,0.19737898165570453,0.6008485059362645,0.2844329911568338,19.622279762410287,,ga,66
29,0.2844329811941753,580,143.01512303577934,56.98487696422066,90.0,18,20.0,40.0,2.0,True,0.19737896178062203,0.6008485329890312,0.2844329811941753,19.62227858710883,,ga,66
30,0.28443287145980184,600,143.01486705025184,56.98513294974816,90.0,18,20.0,40.0,2.0,True,0.1973787428651867,0.6008488309636251,0.28443287145980184,19.622265641675554,,ga,66
1,0.3439401196594138,20,65.72839408258069,134.27160591741932,65.0,13,30.0,120.0,4.0,True,0.16791576800803212,0.6409920558831174,0.3439401196594138,22.920554673797746,,ga,67
2,0.3025696368292756,40,124.6154008173069,75.3845991826931,90.0,18,40.0,40.0,1.0,True,0.15818809965169042,0.5899001062055287,0.3025696368292756,19.900109806247578,,ga,67
3,0.2990021931457546,60,119.87044186056222,80.12955813943778,85.0,17,40.0,40.0,1.0,True,0.1709724729841509,0.6050368850368388,0.2990021931457546,19.969821085794262,,ga,67
4,0.2986121518841405,80,119.07662890693955,80.92337109306045,85.0,17,40.0,40.0,1.0,True,0.17036090565669232,0.6059588861824659,0.2986121518841405,19.92897096808944,,ga,67
5,0.28998588854951857,100,132.49867489607323,67.50132510392677,85.0,17,30.0,30.0,1.0,True,0.19100760732345312,0.6060345729368972,0.28998588854951857,19.847512403237744,,ga,67
6,0.2887452544805364,120,133.97338341235104,66.02661658764896,90.0,18,25.0,25.0,1.0,True,0.18095772650622832,0.593805530268863,0.2887452544805364,19.518147397186883,,ga,67
7,0.2887452544805364,140,133.97338341235104,66.02661658764896,90.0,18,25.0,25.0,1.0,True,0.18095772650622832,0.593805530268863,0.2887452544805364,19.518147397186883,,ga,67
8,0.2887452544805364,160,133.97338341235104,66.02661658764896,90.0,18,25.0,25.0,1.0,True,0.18095772650622832,0.593805530268863,0.2887452544805364,19.518147397186883,,ga,67
9,0.2884302414857255,180,140.91355720776775,59.08644279223225,90.0,18,30.0,30.0,1.0,True,0.1893883548452708,0.5946216805654464,0.2884302414857255,19.70257193471449,,ga,67
10,0.2884302414857255,200,140.91355720776775,59.08644279223225,90.0,18,30.0,30.0,1.0,True,0.1893883548452708,0.5946216805654464,0.2884302414857255,19.70257193471449,,ga,67
11,0.28293263291079607,220,142.6799716756361,57.3200283243639,90.0,18,30.0,30.0,1.0,True,0.1981366220361581,0.6003029740379615,0.28293263291079607,19.53830620535374,,ga,67
12,0.28293263291079607,240,142.6799716756361,57.3200283243639,90.0,18,30.0,30.0,1.0,True,0.1981366220361581,0.6003029740379615,0.28293263291079607,19.53830620535374,,ga,67
13,0.2829271850640213,260,142.66702521036427,57.33297478963573,90.0,18,30.0,30.0,1.0,True,0.19812495526761595,0.6003182906572428,0.2829271850640213,19.53764499498814,,ga,67
14,0.28105517166747723,280,142.62130790686854,57.37869209313146,90.0,18,25.0,25.0,1.0,True,0.1997529941886828,0.599344296293228,0.28105517166747723,19.446633684373197,,ga,67
15,0.28105517166747723,300,142.62130790686854,57.37869209313146,90.0,18,25.0,25.0,1.0,True,0.1997529941886828,0.599344296293228,0.28105517166747723,19.446633684373197,,ga,67
16,0.2810527515135357,320,142.6155658187937,57.3844341812063,90.0,18,25.0,25.0,1.0,True,0.1997480759929944,0.5993509274400477,0.2810527515135357,19.446346248043806,,ga,67
17,0.2810152308552811,340,142.5297236704243,57.47027632957571,90.0,18,25.0,25.0,1.0,True,0.19969931260384094,0.5994349816323957,0.2810152308552811,19.44253901036493,,ga,67
18,0.2810035680627768,360,142.50204343926046,57.49795656073954,90.0,18,25.0,25.0,1.0,True,0.19967560718508615,0.5994669435964928,0.2810035680627768,19.44115401663751,,ga,67
19,0.2810035680627768,380,142.50204343926046,57.49795656073954,90.0,18,25.0,25.0,1.0,True,0.19967560718508615,0.5994669435964928,0.2810035680627768,19.44115401663751,,ga,67
20,0.2810035680627768,400,142.50204343926046,57.49795656073954,90.0,18,25.0,25.0,1.0,True,0.19967560718508615,0.5994669435964928,0.2810035680627768,19.44115401663751,,ga,67
21,0.2810035680627768,420,142.50204343926046,57.49795656073954,90.0,18,25.0,25.0,1.0,True,0.19967560718508615,0.5994669435964928,0.2810035680627768,19.44115401663751,,ga,67
22,0.2810035680627768,440,142.50204343926046,57.49795656073954,90.0,18,25.0,25.0,1.0,True,0.19967560718508615,0.5994669435964928,0.2810035680627768,19.44115401663751,,ga,67
23,0.28100279263980493,460,142.50020302008318,57.49979697991682,90.0,18,25.0,25.0,1.0,True,0.19967403108569906,0.5994690687019992,0.28100279263980493,19.44106193561183,,ga,67
24,0.28100279263980493,480,142.50020302008318,57.49979697991682,90.0,18,25.0,25.0,1.0,True,0.19967403108569906,0.5994690687019992,0.28100279263980493,19.44106193561183,,ga,67
25,0.28100279263980493,500,142.50020302008318,57.49979697991682,90.0,18,25.0,25.0,1.0,True,0.19967403108569906,0.5994690687019992,0.28100279263980493,19.44106193561183,,ga,67
26,0.28100279263980493,520,142.50020302008318,57.49979697991682,90.0,18,25.0,25.0,1.0,True,0.19967403108569906,0.5994690687019992,0.28100279263980493,19.44106193561183,,ga,67
27,0.2810027490499384,540,142.50009956201944,57.49990043798056,90.0,18,25.0,25.0,1.0,True,0.199673942486363,0.5994691881635348,0.2810027490499384,19.4410567593514,,ga,67
28,0.28100273834887124,560,142.5000741636438,57.4999258363562,90.0,18,25.0,25.0,1.0,True,0.19967392073572426,0.5994692174906732,0.28100273834887124,19.441055488608754,,ga,67
29,0.28100271073989785,580,142.50000863530684,57.49999136469316,90.0,18,25.0,25.0,1.0,True,0.19967386461862874,0.5994692931552997,0.28100271073989785,19.441052210066886,,ga,67
30,0.28100271073989785,600,142.50000863530684,57.49999136469316,90.0,18,25.0,25.0,1.0,True,0.19967386461862874,0.5994692931552997,0.28100271073989785,19.441052210066886,,ga,67
1,0.3181191632380298,20,101.8406005440124,98.1593994559876,75.0,15,25.0,100.0,4.0,True,0.16755638469745293,0.6372277274371795,0.3181191632380298,21.16733254963013,,ga,68
2,0.3181191632380298,40,101.8406005440124,98.1593994559876,75.0,15,25.0,100.0,4.0,True,0.16755638469745293,0.6372277274371795,0.3181191632380298,21.16733254963013,,ga,68
3,0.2965823191278766,60,98.88263309534254,101.11736690465746,75.0,15,20.0,40.0,2.0,True,0.18469468342454873,0.6303902719388793,0.2965823191278766,20.14163658344202,,ga,68
4,0.2912998503984123,80,118.083802948531,81.916197051469,80.0,16,25.0,50.0,2.0,True,0.19193774612947384,0.6279619945429875,0.2912998503984123,19.96156965357051,,ga,68
5,0.2912998503984123,100,118.083802948531,81.916197051469,80.0,16,25.0,50.0,2.0,True,0.19193774612947384,0.6279619945429875,0.2912998503984123,19.96156965357051,,ga,68
6,0.2912998503984123,120,118.083802948531,81.916197051469,80.0,16,25.0,50.0,2.0,True,0.19193774612947384,0.6279619945429875,0.2912998503984123,19.96156965357051,,ga,68
7,0.2862762205374399,140,117.89812749908808,82.10187250091192,80.0,16,30.0,30.0,1.0,True,0.19634454056007136,0.62503205327685,0.2862762205374399,19.7230954594136,,ga,68
8,0.28437888468969885,160,118.083802948531,81.916197051469,80.0,16,25.0,25.0,1.0,True,0.19775676550468962,0.6240102267418036,0.28437888468969885,19.625891634276147,,ga,68
9,0.28419427977802875,180,117.69041355340286,82.30958644659714,80.0,16,25.0,25.0,1.0,True,0.19755046752348118,0.6244089095056955,0.28419427977802875,19.6080131813924,,ga,68
10,0.28414081029088034,200,117.57296244996671,82.42703755003329,80.0,16,25.0,25.0,1.0,True,0.1974666268135301,0.624541096098562,0.28414081029088034,19.602266877366283,,ga,68
11,0.28414081029088034,220,117.57296244996671,82.42703755003329,80.0,16,25.0,25.0,1.0,True,0.1974666268135301,0.624541096098562,0.28414081029088034,19.602266877366283,,ga,68
12,0.28414081029088034,240,117.57296244996671,82.42703755003329,80.0,16,25.0,25.0,1.0,True,0.1974666268135301,0.624541096098562,0.28414081029088034,19.602266877366283,,ga,68
13,0.2841215120984384,260,117.53043327825614,82.46956672174386,80.0,16,25.0,25.0,1.0,True,0.19743615160244837,0.6245889227931467,0.2841215120984384,19.600187933462156,,ga,68
14,0.2841215120984384,280,117.53043327825614,82.46956672174386,80.0,16,25.0,25.0,1.0,True,0.19743615160244837,0.6245889227931467,0.2841215120984384,19.600187933462156,,ga,68
15,0.2841162995847257,300,117.51894542967749,82.48105457032251,80.0,16,25.0,25.0,1.0,True,0.19742792442734586,0.6246018382328733,0.2841162995847257,19.599626535581702,,ga,68
16,0.28411462002209004,320,117.51524379412335,82.48475620587665,80.0,16,25.0,25.0,1.0,True,0.19742527348858685,0.624605999869455,0.28411462002209004,19.5994456458769,,ga,68
17,0.28410880440724734,340,117.50243028817967,82.49756971182033,80.0,16,25.0,25.0,1.0,True,0.19741613006109754,0.6246203847998288,0.28410880440724734,19.59882015634927,,ga,68
18,0.28410880440724734,360,117.50243028817967,82.49756971182033,80.0,16,25.0,25.0,1.0,True,0.19741613006109754,0.6246203847998288,0.28410880440724734,19.59882015634927,,ga,68
19,0.28410725654918645,380,117.50060463561742,82.49939536438258,80.0,16,25.0,25.0,1.0,True,0.19737711470630345,0.6246539369796956,0.28410725654918645,19.597742633834514,,ga,68
20,0.28410725654918645,400,117.50060463561742,82.49939536438258,80.0,16,25.0,25.0,1.0,True,0.19737711470630345,0.6246539369796956,0.28410725654918645,19.597742633834514,,ga,68
21,0.28410725654918645,420,117.50060463561742,82.49939536438258,80.0,16,25.0,25.0,1.0,True,0.19737711470630345,0.6246539369796956,0.28410725654918645,19.597742633834514,,ga,68
22,0.2841070743307375,440,117.50020323603546,82.49979676396454,80.0,16,25.0,25.0,1.0,True,0.19737682895187159,0.6246543872022754,0.2841070743307375,19.597723054536118,,ga,68
23,0.28410701524558185,460,117.50007308034459,82.49992691965541,80.0,16,25.0,25.0,1.0,True,0.19737673629470603,0.6246545331890517,0.28410701524558185,19.597716705863142,,ga,68
24,0.2841069971578562,480,117.50003323580533,82.49996676419467,80.0,16,25.0,25.0,1.0,True,0.19737670792958825,0.6246545778799584,0.2841069971578562,19.59771476234557,,ga,68
25,0.2841069971578562,500,117.50003323580533,82.49996676419467,80.0,16,25.0,25.0,1.0,True,0.19737670792958825,0.6246545778799584,0.2841069971578562,19.59771476234557,,ga,68
26,0.28410698690535846,520,117.50001065109348,82.49998934890652,80.0,16,25.0,25.0,1.0,True,0.1973766918516517,0.6246546032116918,0.28410698690535846,19.597713660719602,,ga,68
27,0.2841069863946745,540,117.50000952364235,82.49999047635765,80.0,16,25.0,25.0,1.0,True,0.19737669105215805,0.624654604471341,0.2841069863946745,19.5977136058802,,ga,68
28,0.28410698528772405,560,117.50000708768795,82.49999291231205,80.0,16,25.0,25.0,1.0,True,0.19737668931488225,0.6246546072085212,0.28410698528772405,19.597713486905562,,ga,68
29,0.28410698517745686,580,117.50000652790347,82.49999347209653,80.0,16,25.0,25.0,1.0,True,0.19737668931488225,0.6246546072085212,0.28410698517745686,19.597713479299326,,ga,68
30,0.2841069849647846,600,117.50000625616885,82.49999374383115,80.0,16,25.0,25.0,1.0,True,0.19737668887400464,0.6246546079031498,0.2841069849647846,19.597713453814006,,ga,68
1,0.3033799326327893,20,116.07447504313497,83.92552495686503,75.0,15,45.0,90.0,2.0,True,0.19888548101052617,0.6482253546721269,0.3033799326327893,20.979898635931683,,ga,69
2,0.3033799326327893,40,116.07447504313497,83.92552495686503,75.0,15,45.0,90.0,2.0,True,0.19888548101052617,0.6482253546721269,0.3033799326327893,20.979898635931683,,ga,69
3,0.3033799326327893,60,116.07447504313497,83.92552495686503,75.0,15,45.0,90.0,2.0,True,0.19888548101052617,0.6482253546721269,0.3033799326327893,20.979898635931683,,ga,69
4,0.2977157957500821,80,123.57952353692221,76.42047646307779,80.0,16,40.0,80.0,2.0,True,0.19492736737959673,0.6347400980161797,0.2977157957500821,20.48384868724374,,ga,69
5,0.2977157957500821,100,123.57952353692221,76.42047646307779,80.0,16,40.0,80.0,2.0,True,0.19492736737959673,0.6347400980161797,0.2977157957500821,20.48384868724374,,ga,69
6,0.29104909157561876,120,123.57952353692221,76.42047646307779,80.0,16,30.0,60.0,2.0,True,0.19948065888067812,0.6318048981482365,0.29104909157561876,20.13566011786502,,ga,69
7,0.2891156604100916,140,109.90544694224586,90.09455305775414,80.0,16,10.0,20.0,2.0,True,0.19573975450969672,0.6056105682623637,0.2891156604100916,19.889885288150786,,ga,69
8,0.2891156604100916,160,109.90544694224586,90.09455305775414,80.0,16,10.0,20.0,2.0,True,0.19573975450969672,0.6056105682623637,0.2891156604100916,19.889885288150786,,ga,69
9,0.2885601843708634,180,119.49900984120814,80.50099015879186,80.0,16,20.0,40.0,2.0,True,0.19582778114356128,0.624489727590571,0.2885601843708634,19.867521661696316,,ga,69
10,0.2885601843708634,200,119.49900984120814,80.50099015879186,80.0,16,20.0,40.0,2.0,True,0.19582778114356128,0.624489727590571,0.2885601843708634,19.867521661696316,,ga,69
11,0.2885601843708634,220,119.49900984120814,80.50099015879186,80.0,16,20.0,40.0,2.0,True,0.19582778114356128,0.624489727590571,0.2885601843708634,19.867521661696316,,ga,69
12,0.288201856391279,240,118.77308842369277,81.22691157630723,80.0,16,20.0,40.0,2.0,True,0.19531946783229598,0.6253592046073788,0.288201856391279,19.830046020640857,,ga,69
13,0.2880083477470627,260,118.35934884026766,81.64065115973234,80.0,16,20.0,40.0,2.0,True,0.19495491314678495,0.6258865186060066,0.2880083477470627,19.807728321286653,,ga,69
14,0.2880083477470627,280,118.35934884026766,81.64065115973234,80.0,16,20.0,40.0,2.0,True,0.19495491314678495,0.6258865186060066,0.2880083477470627,19.807728321286653,,ga,69
15,0.28797031704966874,300,118.27812500729068,81.72187499270932,80.0,16,20.0,40.0,2.0,True,0.19489720842549532,0.625979404314172,0.28797031704966874,19.803687842975243,,ga,69
16,0.28795259438052884,320,118.23999709838661,81.76000290161339,80.0,16,20.0,40.0,2.0,True,0.19486979481572347,0.6260229867125404,0.28795259438052884,19.80179221060879,,ga,69
17,0.28795259438052884,340,118.23999709838661,81.76000290161339,80.0,16,20.0,40.0,2.0,True,0.19486979481572347,0.6260229867125404,0.28795259438052884,19.80179221060879,,ga,69
18,0.28795259438052884,360,118.23999709838661,81.76000290161339,80.0,16,20.0,40.0,2.0,True,0.19486979481572347,0.6260229867125404,0.28795259438052884,19.80179221060879,,ga,69
19,0.28792048260542774,380,118.17421289262231,81.82578710737769,80.0,16,20.0,40.0,2.0,True,0.19481510674576466,0.6261081530547373,0.28792048260542774,19.798206885888497,,ga,69
20,0.28792048260542774,400,118.17421289262231,81.82578710737769,80.0,16,20.0,40.0,2.0,True,0.19481510674576466,0.6261081530547373,0.28792048260542774,19.798206885888497,,ga,69
21,0.28792048260542774,420,118.17421289262231,81.82578710737769,80.0,16,20.0,40.0,2.0,True,0.19481510674576466,0.6261081530547373,0.28792048260542774,19.798206885888497,,ga,69
22,0.28792048260542774,440,118.17421289262231,81.82578710737769,80.0,16,20.0,40.0,2.0,True,0.19481510674576466,0.6261081530547373,0.28792048260542774,19.798206885888497,,ga,69
23,0.2879201916107551,460,118.17358561957411,81.82641438042589,80.0,16,20.0,40.0,2.0,True,0.19481465481393187,0.626108869703531,0.2879201916107551,19.798175721261163,,ga,69
24,0.28775894644281996,480,117.83472601277734,82.16527398722266,80.0,16,20.0,40.0,2.0,True,0.19453054179604284,0.6265387291801642,0.28775894644281996,19.780001963663263,,ga,69
25,0.2877466639105761,500,117.80971041653216,82.19028958346784,80.0,16,20.0,40.0,2.0,True,0.1945121330396674,0.6265695526364101,0.2877466639105761,19.778690038718164,,ga,69
26,0.2877024714175149,520,117.71312557243593,82.28687442756407,80.0,16,20.0,40.0,2.0,True,0.1944410650168604,0.6266798322562052,0.2877024714175149,19.773901362209585,,ga,69
27,0.2877024714175149,540,117.71312557243593,82.28687442756407,80.0,16,20.0,40.0,2.0,True,0.1944410650168604,0.6266798322562052,0.2877024714175149,19.773901362209585,,ga,69
28,0.28768531078601606,560,117.67561639590436,82.32438360409564,80.0,16,20.0,40.0,2.0,True,0.1944134753105338,0.6267226557259744,0.28768531078601606,19.77204224210036,,ga,69
29,0.28768531078601606,580,117.67561639590436,82.32438360409564,80.0,16,20.0,40.0,2.0,True,0.1944134753105338,0.6267226557259744,0.28768531078601606,19.77204224210036,,ga,69
30,0.2876851369102698,600,117.67523633962088,82.32476366037912,80.0,16,20.0,40.0,2.0,True,0.19441319584713307,0.6267230895804894,0.2876851369102698,19.772023407652654,,ga,69
1,0.28753446328974025,20,117.78434657047931,82.21565342952069,85.0,17,15.0,15.0,1.0,True,0.1867965339809455,0.5968389041109818,0.28753446328974025,19.56661373520699,,ga,70
2,0.28753446328974025,40,117.78434657047931,82.21565342952069,85.0,17,15.0,15.0,1.0,True,0.1867965339809455,0.5968389041109818,0.28753446328974025,19.56661373520699,,ga,70
3,0.28753446328974025,60,117.78434657047931,82.21565342952069,85.0,17,15.0,15.0,1.0,True,0.1867965339809455,0.5968389041109818,0.28753446328974025,19.56661373520699,,ga,70
4,0.28419717706367575,80,123.68780421343274,76.31219578656726,85.0,17,15.0,15.0,1.0,True,0.19631171330128158,0.599170452101331,0.28419717706367575,19.569181737341378,,ga,70
5,0.28419717706367575,100,123.68780421343274,76.31219578656726,85.0,17,15.0,15.0,1.0,True,0.19631171330128158,0.599170452101331,0.28419717706367575,19.569181737341378,,ga,70
6,0.28419717706367575,120,123.68780421343274,76.31219578656726,85.0,17,15.0,15.0,1.0,True,0.19631171330128158,0.599170452101331,0.28419717706367575,19.569181737341378,,ga,70
7,0.28419717706367575,140,123.68780421343274,76.31219578656726,85.0,17,15.0,15.0,1.0,True,0.19631171330128158,0.599170452101331,0.28419717706367575,19.569181737341378,,ga,70
8,0.28419717706367575,160,123.68780421343274,76.31219578656726,85.0,17,15.0,15.0,1.0,True,0.19631171330128158,0.599170452101331,0.28419717706367575,19.569181737341378,,ga,70
9,0.28419717706367575,180,123.68780421343274,76.31219578656726,85.0,17,15.0,15.0,1.0,True,0.19631171330128158,0.599170452101331,0.28419717706367575,19.569181737341378,,ga,70
10,0.28419717706367575,200,123.68780421343274,76.31219578656726,85.0,17,15.0,15.0,1.0,True,0.19631171330128158,0.599170452101331,0.28419717706367575,19.569181737341378,,ga,70
11,0.28419717706367575,220,123.68780421343274,76.31219578656726,85.0,17,15.0,15.0,1.0,True,0.19631171330128158,0.599170452101331,0.28419717706367575,19.569181737341378,,ga,70
12,0.28419717706367575,240,123.68780421343274,76.31219578656726,85.0,17,15.0,15.0,1.0,True,0.19631171330128158,0.599170452101331,0.28419717706367575,19.569181737341378,,ga,70
13,0.28419717706367575,260,123.68780421343274,76.31219578656726,85.0,17,15.0,15.0,1.0,True,0.19631171330128158,0.599170452101331,0.28419717706367575,19.569181737341378,,ga,70
14,0.28419717706367575,280,123.68780421343274,76.31219578656726,85.0,17,15.0,15.0,1.0,True,0.19631171330128158,0.599170452101331,0.28419717706367575,19.569181737341378,,ga,70
15,0.2839648354666123,300,123.18887985572357,76.81112014427643,85.0,17,15.0,15.0,1.0,True,0.19589916551174602,0.5997673572380897,0.2839648354666123,19.543060690050467,,ga,70
16,0.28371208595400105,320,122.63645571383475,77.36354428616525,85.0,17,15.0,15.0,1.0,True,0.19545037583660213,0.600413269547693,0.28371208595400105,19.514686754451134,,ga,70
17,0.28371208595400105,340,122.63645571383475,77.36354428616525,85.0,17,15.0,15.0,1.0,True,0.19545037583660213,0.600413269547693,0.28371208595400105,19.514686754451134,,ga,70
18,0.28371208595400105,360,122.63645571383475,77.36354428616525,85.0,17,15.0,15.0,1.0,True,0.19545037583660213,0.600413269547693,0.28371208595400105,19.514686754451134,,ga,70
19,0.28371208595400105,380,122.63645571383475,77.36354428616525,85.0,17,15.0,15.0,1.0,True,0.19545037583660213,0.600413269547693,0.28371208595400105,19.514686754451134,,ga,70
20,0.2837076956042274,400,122.6266836593897,77.3733163406103,85.0,17,15.0,15.0,1.0,True,0.19544293826022932,0.6004241345384475,0.2837076956042274,19.514203612725435,,ga,70
21,0.2837069251977688,420,122.62496886848875,77.37503113151125,85.0,17,15.0,15.0,1.0,True,0.19544163313483642,0.6004260411167816,0.2837069251977688,19.514118833274285,,ga,70
22,0.2837063087815909,440,122.623596829374,77.376403170626,85.0,17,15.0,15.0,1.0,True,0.19544058888033788,0.6004275666089265,0.2837063087815909,19.514050999896966,,ga,70
23,0.2837061083923124,460,122.62315079568954,77.37684920431046,85.0,17,15.0,15.0,1.0,True,0.19544024940611004,0.6004280625283757,0.2837061083923124,19.51402894814273,,ga,70
24,0.28370537153193826,480,122.62151066220304,77.37848933779696,85.0,17,15.0,15.0,1.0,True,0.1954390011102466,0.6004298860993829,0.28370537153193826,19.513947860812124,,ga,70
25,0.28370537153193826,500,122.62151066220304,77.37848933779696,85.0,17,15.0,15.0,1.0,True,0.1954390011102466,0.6004298860993829,0.28370537153193826,19.513947860812124,,ga,70
26,0.28370533502806716,520,122.62142941029119,77.37857058970881,85.0,17,15.0,15.0,1.0,True,0.19543893926999448,0.6004299764387558,0.28370533502806716,19.51394384377345,,ga,70
27,0.283705332960423,540,122.62142480803803,77.37857519196197,85.0,17,15.0,15.0,1.0,True,0.1954389357672526,0.600429981555739,0.283705332960423,19.513943616241257,,ga,70
28,0.283705317759179,560,122.62139097244075,77.37860902755925,85.0,17,15.0,15.0,1.0,True,0.19543891001522307,0.6004300191756125,0.283705317759179,19.513941943432968,,ga,70
29,0.28370530278195644,580,122.6213576354782,77.3786423645218,85.0,17,15.0,15.0,1.0,True,0.1954388846427024,0.6004300562410823,0.28370530278195644,19.51394029527704,,ga,70
30,0.28370530278195644,600,122.6213576354782,77.3786423645218,85.0,17,15.0,15.0,1.0,True,0.1954388846427024,0.6004300562410823,0.28370530278195644,19.51394029527704,,ga,70
1,0.3112689411051448,20,122.68695792140232,77.31304207859768,95.0,19,45.0,45.0,1.0,True,0.13391789360833833,0.5756548339081805,0.3112689411051448,19.896475265992475,,ga,71
2,0.2946432894587887,40,108.81811714680813,91.18188285319187,80.0,16,30.0,30.0,1.0,True,0.17841896667516335,0.6169880429374354,0.2946432894587887,19.85532593942421,,ga,71
3,0.2946432894587887,60,108.81811714680813,91.18188285319187,80.0,16,30.0,30.0,1.0,True,0.17841896667516335,0.6169880429374354,0.2946432894587887,19.85532593942421,,ga,71
4,0.29013200654922755,80,118.3394444401267,81.6605555598733,85.0,17,20.0,20.0,1.0,True,0.17816872059176372,0.6017973011451538,0.29013200654922755,19.541613291496674,,ga,71
5,0.28862618342800367,100,118.67425359485574,81.32574640514426,80.0,16,35.0,35.0,1.0,True,0.19557710666127337,0.6249791011839061,0.28862618342800367,19.867128434723593,,ga,71
6,0.2864246875564561,120,118.21097603129888,81.78902396870112,80.0,16,30.0,30.0,1.0,True,0.19650712835854717,0.6247137208323129,0.2864246875564561,19.737396181382707,,ga,71
7,0.2861330131207349,140,122.93788901902403,77.06211098097597,85.0,17,20.0,20.0,1.0,True,0.18690455279598492,0.6055873884419046,0.2861330131207349,19.47997030655182,,ga,71
8,0.2861330131207349,160,122.93788901902403,77.06211098097597,85.0,17,20.0,20.0,1.0,True,0.18690455279598492,0.6055873884419046,0.2861330131207349,19.47997030655182,,ga,71
9,0.2838480978089836,180,122.93788901902403,77.06211098097597,85.0,17,15.0,15.0,1.0,True,0.19573346438808809,0.6000368220273252,0.2838480978089836,19.530942797963213,,ga,71
10,0.2838480978089836,200,122.93788901902403,77.06211098097597,85.0,17,15.0,15.0,1.0,True,0.19573346438808809,0.6000368220273252,0.2838480978089836,19.530942797963213,,ga,71
11,0.2838480978089836,220,122.93788901902403,77.06211098097597,85.0,17,15.0,15.0,1.0,True,0.19573346438808809,0.6000368220273252,0.2838480978089836,19.530942797963213,,ga,71
12,0.28367090446096216,240,122.54478704656059,77.45521295343941,85.0,17,15.0,15.0,1.0,True,0.19538067189206215,0.6005151453531792,0.28367090446096216,19.510156710101352,,ga,71
13,0.28367090446096216,260,122.54478704656059,77.45521295343941,85.0,17,15.0,15.0,1.0,True,0.19538067189206215,0.6005151453531792,0.28367090446096216,19.510156710101352,,ga,71
14,0.28367090446096216,280,122.54478704656059,77.45521295343941,85.0,17,15.0,15.0,1.0,True,0.19538067189206215,0.6005151453531792,0.28367090446096216,19.510156710101352,,ga,71
15,0.28367090446096216,300,122.54478704656059,77.45521295343941,85.0,17,15.0,15.0,1.0,True,0.19538067189206215,0.6005151453531792,0.28367090446096216,19.510156710101352,,ga,71
16,0.28367090446096216,320,122.54478704656059,77.45521295343941,85.0,17,15.0,15.0,1.0,True,0.19538067189206215,0.6005151453531792,0.28367090446096216,19.510156710101352,,ga,71
17,0.28367090446096216,340,122.54478704656059,77.45521295343941,85.0,17,15.0,15.0,1.0,True,0.19538067189206215,0.6005151453531792,0.28367090446096216,19.510156710101352,,ga,71
18,0.28367090446096216,360,122.54478704656059,77.45521295343941,85.0,17,15.0,15.0,1.0,True,0.19538067189206215,0.6005151453531792,0.28367090446096216,19.510156710101352,,ga,71
19,0.2836665683862252,380,122.53513420298215,77.46486579701785,85.0,17,15.0,15.0,1.0,True,0.1953733403153234,0.600525867269186,0.2836665683862252,19.509679966242977,,ga,71
20,0.2836658240582801,400,122.53347718484127,77.46652281515873,85.0,17,15.0,15.0,1.0,True,0.1953720835164018,0.6005277065055846,0.2836658240582801,19.50959817179189,,ga,71
21,0.28366544851531394,420,122.53264115159739,77.46735884840261,85.0,17,15.0,15.0,1.0,True,0.19537144941150258,0.6005286344753723,0.28366544851531394,19.50955690334498,,ga,71
22,0.28366544851531394,440,122.53264115159739,77.46735884840261,85.0,17,15.0,15.0,1.0,True,0.19537144941150258,0.6005286344753723,0.28366544851531394,19.50955690334498,,ga,71
23,0.2836653471796054,460,122.53241555796404,77.46758444203596,85.0,17,15.0,15.0,1.0,True,0.1953712783059963,0.6005288848769893,0.2836653471796054,19.50954576756697,,ga,71
24,0.2836653068358501,480,122.53232574463895,77.46767425536105,85.0,17,15.0,15.0,1.0,True,0.19537121018550074,0.6005289845668674,0.2836653068358501,19.509541334194214,,ga,71
25,0.2836653068358501,500,122.53232574463895,77.46767425536105,85.0,17,15.0,15.0,1.0,True,0.19537121018550074,0.6005289845668674,0.2836653068358501,19.509541334194214,,ga,71
26,0.283665297314985,520,122.53230454927345,77.46769545072655,85.0,17,15.0,15.0,1.0,True,0.1953711941095047,0.6005290080930359,0.283665297314985,19.509540287947054,,ga,71
27,0.28366529516756667,540,122.53229976868714,77.46770023131286,85.0,17,15.0,15.0,1.0,True,0.19537119048358542,0.6005290133993315,0.28366529516756667,19.50954005196742,,ga,71
28,0.2836652951214145,560,122.53229953006675,77.46770046993325,85.0,17,15.0,15.0,1.0,True,0.19537119048358542,0.6005290133993315,0.2836652951214145,19.509540048793227,,ga,71
29,0.2836652947676158,580,122.53229887831596,77.46770112168404,85.0,17,15.0,15.0,1.0,True,0.19537118980826787,0.6005290143876147,0.2836652947676158,19.509540008016852,,ga,71
30,0.2836652938240967,600,122.53229677785204,77.46770322214796,85.0,17,15.0,15.0,1.0,True,0.19537118821513427,0.6005290167190616,0.2836652938240967,19.50953990433361,,ga,71
1,0.3515051276522606,20,74.15960484651625,125.84039515348375,60.0,12,50.0,200.0,4.0,True,0.1897267728446615,0.7031605323480649,0.3515051276522606,24.08507017673216,,random,42
2,0.3010102785030948,40,133.68059235809432,66.31940764190568,85.0,17,25.0,100.0,4.0,True,0.18849791215554526,0.6217480715674475,0.3010102785030948,20.54585472444322,,random,42
3,0.29475042087876285,60,143.37803783179913,56.62196216820087,90.0,18,20.0,80.0,4.0,True,0.19057067455618523,0.6051148828442491,0.29475042087876285,20.166175845876904,,random,42
4,0.29475042087876285,80,143.37803783179913,56.62196216820087,90.0,18,20.0,80.0,4.0,True,0.19057067455618523,0.6051148828442491,0.29475042087876285,20.166175845876904,,random,42
5,0.29475042087876285,100,143.37803783179913,56.62196216820087,90.0,18,20.0,80.0,4.0,True,0.19057067455618523,0.6051148828442491,0.29475042087876285,20.166175845876904,,random,42
6,0.29475042087876285,120,143.37803783179913,56.62196216820087,90.0,18,20.0,80.0,4.0,True,0.19057067455618523,0.6051148828442491,0.29475042087876285,20.166175845876904,,random,42
7,0.29448780044225714,140,159.02296779661717,40.977032203382834,100.0,20,50.0,50.0,1.0,True,0.1821994451040366,0.5743475544064394,0.29448780044225714,19.946643379317255,,random,42
8,0.29448780044225714,160,159.02296779661717,40.977032203382834,100.0,20,50.0,50.0,1.0,True,0.1821994451040366,0.5743475544064394,0.29448780044225714,19.946643379317255,,random,42
9,0.29448780044225714,180,159.02296779661717,40.977032203382834,100.0,20,50.0,50.0,1.0,True,0.1821994451040366,0.5743475544064394,0.29448780044225714,19.946643379317255,,random,42
10,0.29448780044225714,200,159.02296779661717,40.977032203382834,100.0,20,50.0,50.0,1.0,True,0.1821994451040366,0.5743475544064394,0.29448780044225714,19.946643379317255,,random,42
11,0.2870363479040183,220,154.42097827091712,45.57902172908288,100.0,20,20.0,20.0,1.0,True,0.1884598001388526,0.5632994948234875,0.2870363479040183,19.580358873832676,,random,42
12,0.2870363479040183,240,154.42097827091712,45.57902172908288,100.0,20,20.0,20.0,1.0,True,0.1884598001388526,0.5632994948234875,0.2870363479040183,19.580358873832676,,random,42
13,0.2870363479040183,260,154.42097827091712,45.57902172908288,100.0,20,20.0,20.0,1.0,True,0.1884598001388526,0.5632994948234875,0.2870363479040183,19.580358873832676,,random,42
14,0.2870363479040183,280,154.42097827091712,45.57902172908288,100.0,20,20.0,20.0,1.0,True,0.1884598001388526,0.5632994948234875,0.2870363479040183,19.580358873832676,,random,42
15,0.2870363479040183,300,154.42097827091712,45.57902172908288,100.0,20,20.0,20.0,1.0,True,0.1884598001388526,0.5632994948234875,0.2870363479040183,19.580358873832676,,random,42
16,0.2870363479040183,320,154.42097827091712,45.57902172908288,100.0,20,20.0,20.0,1.0,True,0.1884598001388526,0.5632994948234875,0.2870363479040183,19.580358873832676,,random,42
17,0.2870363479040183,340,154.42097827091712,45.57902172908288,100.0,20,20.0,20.0,1.0,True,0.1884598001388526,0.5632994948234875,0.2870363479040183,19.580358873832676,,random,42
18,0.2870363479040183,360,154.42097827091712,45.57902172908288,100.0,20,20.0,20.0,1.0,True,0.1884598001388526,0.5632994948234875,0.2870363479040183,19.580358873832676,,random,42
19,0.2870363479040183,380,154.42097827091712,45.57902172908288,100.0,20,20.0,20.0,1.0,True,0.1884598001388526,0.5632994948234875,0.2870363479040183,19.580358873832676,,random,42
20,0.2870363479040183,400,154.42097827091712,45.57902172908288,100.0,20,20.0,20.0,1.0,True,0.1884598001388526,0.5632994948234875,0.2870363479040183,19.580358873832676,,random,42
21,0.2870363479040183,420,154.42097827091712,45.57902172908288,100.0,20,20.0,20.0,1.0,True,0.1884598001388526,0.5632994948234875,0.2870363479040183,19.580358873832676,,random,42
22,0.2870363479040183,440,154.42097827091712,45.57902172908288,100.0,20,20.0,20.0,1.0,True,0.1884598001388526,0.5632994948234875,0.2870363479040183,19.580358873832676,,random,42
23,0.2870363479040183,460,154.42097827091712,45.57902172908288,100.0,20,20.0,20.0,1.0,True,0.1884598001388526,0.5632994948234875,0.2870363479040183,19.580358873832676,,random,42
24,0.2870363479040183,480,154.42097827091712,45.57902172908288,100.0,20,20.0,20.0,1.0,True,0.1884598001388526,0.5632994948234875,0.2870363479040183,19.580358873832676,,random,42
25,0.2870363479040183,500,154.42097827091712,45.57902172908288,100.0,20,20.0,20.0,1.0,True,0.1884598001388526,0.5632994948234875,0.2870363479040183,19.580358873832676,,random,42
26,0.2870363479040183,520,154.42097827091712,45.57902172908288,100.0,20,20.0,20.0,1.0,True,0.1884598001388526,0.5632994948234875,0.2870363479040183,19.580358873832676,,random,42
27,0.2870363479040183,540,154.42097827091712,45.57902172908288,100.0,20,20.0,20.0,1.0,True,0.1884598001388526,0.5632994948234875,0.2870363479040183,19.580358873832676,,random,42
28,0.2870363479040183,560,154.42097827091712,45.57902172908288,100.0,20,20.0,20.0,1.0,True,0.1884598001388526,0.5632994948234875,0.2870363479040183,19.580358873832676,,random,42
29,0.2870363479040183,580,154.42097827091712,45.57902172908288,100.0,20,20.0,20.0,1.0,True,0.1884598001388526,0.5632994948234875,0.2870363479040183,19.580358873832676,,random,42
30,0.2870363479040183,600,154.42097827091712,45.57902172908288,100.0,20,20.0,20.0,1.0,True,0.1884598001388526,0.5632994948234875,0.2870363479040183,19.580358873832676,,random,42
1,0.34806759895777495,20,55.706859555875134,144.29314044412487,65.0,13,45.0,90.0,2.0,True,0.18171821080983847,0.6040140168793067,0.34806759895777495,23.596459164092636,,random,43
2,0.3265666368267596,40,100.53617961180537,99.46382038819463,90.0,18,25.0,50.0,2.0,True,0.11003562319176098,0.5708371839129408,0.3265666368267596,20.31056322026304,,random,43
3,0.30793211949696736,60,121.40509656407663,78.59490343592337,95.0,19,20.0,20.0,1.0,True,0.13901304252781527,0.5606547530840198,0.30793211949696736,19.793737156750538,,random,43
4,0.30793211949696736,80,121.40509656407663,78.59490343592337,95.0,19,20.0,20.0,1.0,True,0.13901304252781527,0.5606547530840198,0.30793211949696736,19.793737156750538,,random,43
5,0.30793211949696736,100,121.40509656407663,78.59490343592337,95.0,19,20.0,20.0,1.0,True,0.13901304252781527,0.5606547530840198,0.30793211949696736,19.793737156750538,,random,43
6,0.29281072305887124,120,101.45922449391382,98.54077550608618,75.0,15,20.0,20.0,1.0,True,0.19073353390001468,0.6227746364250375,0.29281072305887124,20.030295999116067,,random,43
7,0.29281072305887124,140,101.45922449391382,98.54077550608618,75.0,15,20.0,20.0,1.0,True,0.19073353390001468,0.6227746364250375,0.29281072305887124,20.030295999116067,,random,43
8,0.2841219411368663,160,152.80456806596612,47.19543193403388,100.0,20,15.0,15.0,1.0,True,0.198783187552468,0.5581317589656978,0.2841219411368663,19.62390038649442,,random,43
9,0.2841219411368663,180,152.80456806596612,47.19543193403388,100.0,20,15.0,15.0,1.0,True,0.198783187552468,0.5581317589656978,0.2841219411368663,19.62390038649442,,random,43
10,0.2841219411368663,200,152.80456806596612,47.19543193403388,100.0,20,15.0,15.0,1.0,True,0.198783187552468,0.5581317589656978,0.2841219411368663,19.62390038649442,,random,43
11,0.2841219411368663,220,152.80456806596612,47.19543193403388,100.0,20,15.0,15.0,1.0,True,0.198783187552468,0.5581317589656978,0.2841219411368663,19.62390038649442,,random,43
12,0.2841219411368663,240,152.80456806596612,47.19543193403388,100.0,20,15.0,15.0,1.0,True,0.198783187552468,0.5581317589656978,0.2841219411368663,19.62390038649442,,random,43
13,0.2841219411368663,260,152.80456806596612,47.19543193403388,100.0,20,15.0,15.0,1.0,True,0.198783187552468,0.5581317589656978,0.2841219411368663,19.62390038649442,,random,43
14,0.2841219411368663,280,152.80456806596612,47.19543193403388,100.0,20,15.0,15.0,1.0,True,0.198783187552468,0.5581317589656978,0.2841219411368663,19.62390038649442,,random,43
15,0.2841219411368663,300,152.80456806596612,47.19543193403388,100.0,20,15.0,15.0,1.0,True,0.198783187552468,0.5581317589656978,0.2841219411368663,19.62390038649442,,random,43
16,0.2841219411368663,320,152.80456806596612,47.19543193403388,100.0,20,15.0,15.0,1.0,True,0.198783187552468,0.5581317589656978,0.2841219411368663,19.62390038649442,,random,43
17,0.2841219411368663,340,152.80456806596612,47.19543193403388,100.0,20,15.0,15.0,1.0,True,0.198783187552468,0.5581317589656978,0.2841219411368663,19.62390038649442,,random,43
18,0.2841219411368663,360,152.80456806596612,47.19543193403388,100.0,20,15.0,15.0,1.0,True,0.198783187552468,0.5581317589656978,0.2841219411368663,19.62390038649442,,random,43
19,0.2841219411368663,380,152.80456806596612,47.19543193403388,100.0,20,15.0,15.0,1.0,True,0.198783187552468,0.5581317589656978,0.2841219411368663,19.62390038649442,,random,43
20,0.2841219411368663,400,152.80456806596612,47.19543193403388,100.0,20,15.0,15.0,1.0,True,0.198783187552468,0.5581317589656978,0.2841219411368663,19.62390038649442,,random,43
21,0.2841219411368663,420,152.80456806596612,47.19543193403388,100.0,20,15.0,15.0,1.0,True,0.198783187552468,0.5581317589656978,0.2841219411368663,19.62390038649442,,random,43
22,0.2841219411368663,440,152.80456806596612,47.19543193403388,100.0,20,15.0,15.0,1.0,True,0.198783187552468,0.5581317589656978,0.2841219411368663,19.62390038649442,,random,43
23,0.2841219411368663,460,152.80456806596612,47.19543193403388,100.0,20,15.0,15.0,1.0,True,0.198783187552468,0.5581317589656978,0.2841219411368663,19.62390038649442,,random,43
24,0.2841219411368663,480,152.80456806596612,47.19543193403388,100.0,20,15.0,15.0,1.0,True,0.198783187552468,0.5581317589656978,0.2841219411368663,19.62390038649442,,random,43
25,0.2841219411368663,500,152.80456806596612,47.19543193403388,100.0,20,15.0,15.0,1.0,True,0.198783187552468,0.5581317589656978,0.2841219411368663,19.62390038649442,,random,43
26,0.2841219411368663,520,152.80456806596612,47.19543193403388,100.0,20,15.0,15.0,1.0,True,0.198783187552468,0.5581317589656978,0.2841219411368663,19.62390038649442,,random,43
27,0.2841219411368663,540,152.80456806596612,47.19543193403388,100.0,20,15.0,15.0,1.0,True,0.198783187552468,0.5581317589656978,0.2841219411368663,19.62390038649442,,random,43
28,0.2841219411368663,560,152.80456806596612,47.19543193403388,100.0,20,15.0,15.0,1.0,True,0.198783187552468,0.5581317589656978,0.2841219411368663,19.62390038649442,,random,43
29,0.2841219411368663,580,152.80456806596612,47.19543193403388,100.0,20,15.0,15.0,1.0,True,0.198783187552468,0.5581317589656978,0.2841219411368663,19.62390038649442,,random,43
30,0.2825634085823564,600,128.22763083066872,71.77236916933128,85.0,17,20.0,20.0,1.0,True,0.19700787925897237,0.6077684175419826,0.2825634085823564,19.479592171457796,,random,43
1,0.3074756836036106,20,104.61277849238286,95.38722150761714,85.0,17,30.0,30.0,1.0,True,0.1455380832923171,0.5926349733571824,0.3074756836036106,19.920382008328627,,random,44
2,0.29240714842735616,40,136.76416296345673,63.23583703654327,90.0,18,10.0,40.0,4.0,True,0.19320171223646773,0.5833627952069068,0.29240714842735616,20.054273889981005,,random,44
3,0.29240714842735616,60,136.76416296345673,63.23583703654327,90.0,18,10.0,40.0,4.0,True,0.19320171223646773,0.5833627952069068,0.29240714842735616,20.054273889981005,,random,44
4,0.29240714842735616,80,136.76416296345673,63.23583703654327,90.0,18,10.0,40.0,4.0,True,0.19320171223646773,0.5833627952069068,0.29240714842735616,20.054273889981005,,random,44
5,0.2835399018117063,100,112.50448653460576,87.49551346539424,80.0,16,15.0,15.0,1.0,True,0.19877570440427234,0.6144943089583217,0.2835399018117063,19.58460813787955,,random,44
6,0.2835399018117063,120,112.50448653460576,87.49551346539424,80.0,16,15.0,15.0,1.0,True,0.19877570440427234,0.6144943089583217,0.2835399018117063,19.58460813787955,,random,44
7,0.2835399018117063,140,112.50448653460576,87.49551346539424,80.0,16,15.0,15.0,1.0,True,0.19877570440427234,0.6144943089583217,0.2835399018117063,19.58460813787955,,random,44
8,0.2835399018117063,160,112.50448653460576,87.49551346539424,80.0,16,15.0,15.0,1.0,True,0.19877570440427234,0.6144943089583217,0.2835399018117063,19.58460813787955,,random,44
9,0.2835399018117063,180,112.50448653460576,87.49551346539424,80.0,16,15.0,15.0,1.0,True,0.19877570440427234,0.6144943089583217,0.2835399018117063,19.58460813787955,,random,44
10,0.2835399018117063,200,112.50448653460576,87.49551346539424,80.0,16,15.0,15.0,1.0,True,0.19877570440427234,0.6144943089583217,0.2835399018117063,19.58460813787955,,random,44
11,0.2835399018117063,220,112.50448653460576,87.49551346539424,80.0,16,15.0,15.0,1.0,True,0.19877570440427234,0.6144943089583217,0.2835399018117063,19.58460813787955,,random,44
12,0.2835399018117063,240,112.50448653460576,87.49551346539424,80.0,16,15.0,15.0,1.0,True,0.19877570440427234,0.6144943089583217,0.2835399018117063,19.58460813787955,,random,44
13,0.2835399018117063,260,112.50448653460576,87.49551346539424,80.0,16,15.0,15.0,1.0,True,0.19877570440427234,0.6144943089583217,0.2835399018117063,19.58460813787955,,random,44
14,0.2835399018117063,280,112.50448653460576,87.49551346539424,80.0,16,15.0,15.0,1.0,True,0.19877570440427234,0.6144943089583217,0.2835399018117063,19.58460813787955,,random,44
15,0.2835399018117063,300,112.50448653460576,87.49551346539424,80.0,16,15.0,15.0,1.0,True,0.19877570440427234,0.6144943089583217,0.2835399018117063,19.58460813787955,,random,44
16,0.2835399018117063,320,112.50448653460576,87.49551346539424,80.0,16,15.0,15.0,1.0,True,0.19877570440427234,0.6144943089583217,0.2835399018117063,19.58460813787955,,random,44
17,0.2835399018117063,340,112.50448653460576,87.49551346539424,80.0,16,15.0,15.0,1.0,True,0.19877570440427234,0.6144943089583217,0.2835399018117063,19.58460813787955,,random,44
18,0.2835399018117063,360,112.50448653460576,87.49551346539424,80.0,16,15.0,15.0,1.0,True,0.19877570440427234,0.6144943089583217,0.2835399018117063,19.58460813787955,,random,44
19,0.2835399018117063,380,112.50448653460576,87.49551346539424,80.0,16,15.0,15.0,1.0,True,0.19877570440427234,0.6144943089583217,0.2835399018117063,19.58460813787955,,random,44
20,0.2835399018117063,400,112.50448653460576,87.49551346539424,80.0,16,15.0,15.0,1.0,True,0.19877570440427234,0.6144943089583217,0.2835399018117063,19.58460813787955,,random,44
21,0.2835399018117063,420,112.50448653460576,87.49551346539424,80.0,16,15.0,15.0,1.0,True,0.19877570440427234,0.6144943089583217,0.2835399018117063,19.58460813787955,,random,44
22,0.2835399018117063,440,112.50448653460576,87.49551346539424,80.0,16,15.0,15.0,1.0,True,0.19877570440427234,0.6144943089583217,0.2835399018117063,19.58460813787955,,random,44
23,0.2835399018117063,460,112.50448653460576,87.49551346539424,80.0,16,15.0,15.0,1.0,True,0.19877570440427234,0.6144943089583217,0.2835399018117063,19.58460813787955,,random,44
24,0.2835399018117063,480,112.50448653460576,87.49551346539424,80.0,16,15.0,15.0,1.0,True,0.19877570440427234,0.6144943089583217,0.2835399018117063,19.58460813787955,,random,44
25,0.2835399018117063,500,112.50448653460576,87.49551346539424,80.0,16,15.0,15.0,1.0,True,0.19877570440427234,0.6144943089583217,0.2835399018117063,19.58460813787955,,random,44
26,0.2835399018117063,520,112.50448653460576,87.49551346539424,80.0,16,15.0,15.0,1.0,True,0.19877570440427234,0.6144943089583217,0.2835399018117063,19.58460813787955,,random,44
27,0.2835399018117063,540,112.50448653460576,87.49551346539424,80.0,16,15.0,15.0,1.0,True,0.19877570440427234,0.6144943089583217,0.2835399018117063,19.58460813787955,,random,44
28,0.2835399018117063,560,112.50448653460576,87.49551346539424,80.0,16,15.0,15.0,1.0,True,0.19877570440427234,0.6144943089583217,0.2835399018117063,19.58460813787955,,random,44
29,0.2835399018117063,580,112.50448653460576,87.49551346539424,80.0,16,15.0,15.0,1.0,True,0.19877570440427234,0.6144943089583217,0.2835399018117063,19.58460813787955,,random,44
30,0.2835399018117063,600,112.50448653460576,87.49551346539424,80.0,16,15.0,15.0,1.0,True,0.19877570440427234,0.6144943089583217,0.2835399018117063,19.58460813787955,,random,44
1,0.31098084218981314,20,141.4305849440772,58.5694150559228,85.0,17,35.0,140.0,4.0,True,0.19130379375993006,0.6249710984858454,0.31098084218981314,21.308186081925513,,random,45
2,0.30490212416658363,40,106.04940772396903,93.95059227603097,80.0,16,40.0,40.0,1.0,True,0.16612109500961617,0.6120886124995484,0.30490212416658363,20.245059247129745,,random,45
3,0.30490212416658363,60,106.04940772396903,93.95059227603097,80.0,16,40.0,40.0,1.0,True,0.16612109500961617,0.6120886124995484,0.30490212416658363,20.245059247129745,,random,45
4,0.29153612722667943,80,148.08630253281757,51.91369746718243,100.0,20,15.0,30.0,2.0,True,0.17890599476944236,0.5627928338505324,0.29153612722667943,19.65037879268101,,random,45
5,0.29153612722667943,100,148.08630253281757,51.91369746718243,100.0,20,15.0,30.0,2.0,True,0.17890599476944236,0.5627928338505324,0.29153612722667943,19.65037879268101,,random,45
6,0.29153612722667943,120,148.08630253281757,51.91369746718243,100.0,20,15.0,30.0,2.0,True,0.17890599476944236,0.5627928338505324,0.29153612722667943,19.65037879268101,,random,45
7,0.29153612722667943,140,148.08630253281757,51.91369746718243,100.0,20,15.0,30.0,2.0,True,0.17890599476944236,0.5627928338505324,0.29153612722667943,19.65037879268101,,random,45
8,0.29153612722667943,160,148.08630253281757,51.91369746718243,100.0,20,15.0,30.0,2.0,True,0.17890599476944236,0.5627928338505324,0.29153612722667943,19.65037879268101,,random,45
9,0.29153612722667943,180,148.08630253281757,51.91369746718243,100.0,20,15.0,30.0,2.0,True,0.17890599476944236,0.5627928338505324,0.29153612722667943,19.65037879268101,,random,45
10,0.29153612722667943,200,148.08630253281757,51.91369746718243,100.0,20,15.0,30.0,2.0,True,0.17890599476944236,0.5627928338505324,0.29153612722667943,19.65037879268101,,random,45
11,0.29153612722667943,220,148.08630253281757,51.91369746718243,100.0,20,15.0,30.0,2.0,True,0.17890599476944236,0.5627928338505324,0.29153612722667943,19.65037879268101,,random,45
12,0.29153612722667943,240,148.08630253281757,51.91369746718243,100.0,20,15.0,30.0,2.0,True,0.17890599476944236,0.5627928338505324,0.29153612722667943,19.65037879268101,,random,45
13,0.29052853257070627,260,133.67127398033605,66.32872601966395,90.0,18,30.0,30.0,1.0,True,0.17907864822288194,0.5951015549590806,0.29052853257070627,19.594867835473504,,random,45
14,0.28860940883094904,280,164.44669781893825,35.55330218106175,100.0,20,25.0,50.0,2.0,True,0.19308568765745174,0.5751115279737987,0.28860940883094904,19.812280415011916,,random,45
15,0.28860940883094904,300,164.44669781893825,35.55330218106175,100.0,20,25.0,50.0,2.0,True,0.19308568765745174,0.5751115279737987,0.28860940883094904,19.812280415011916,,random,45
16,0.28860940883094904,320,164.44669781893825,35.55330218106175,100.0,20,25.0,50.0,2.0,True,0.19308568765745174,0.5751115279737987,0.28860940883094904,19.812280415011916,,random,45
17,0.28860940883094904,340,164.44669781893825,35.55330218106175,100.0,20,25.0,50.0,2.0,True,0.19308568765745174,0.5751115279737987,0.28860940883094904,19.812280415011916,,random,45
18,0.28860940883094904,360,164.44669781893825,35.55330218106175,100.0,20,25.0,50.0,2.0,True,0.19308568765745174,0.5751115279737987,0.28860940883094904,19.812280415011916,,random,45
19,0.28860940883094904,380,164.44669781893825,35.55330218106175,100.0,20,25.0,50.0,2.0,True,0.19308568765745174,0.5751115279737987,0.28860940883094904,19.812280415011916,,random,45
20,0.28860940883094904,400,164.44669781893825,35.55330218106175,100.0,20,25.0,50.0,2.0,True,0.19308568765745174,0.5751115279737987,0.28860940883094904,19.812280415011916,,random,45
21,0.28860940883094904,420,164.44669781893825,35.55330218106175,100.0,20,25.0,50.0,2.0,True,0.19308568765745174,0.5751115279737987,0.28860940883094904,19.812280415011916,,random,45
22,0.28860940883094904,440,164.44669781893825,35.55330218106175,100.0,20,25.0,50.0,2.0,True,0.19308568765745174,0.5751115279737987,0.28860940883094904,19.812280415011916,,random,45
23,0.28860940883094904,460,164.44669781893825,35.55330218106175,100.0,20,25.0,50.0,2.0,True,0.19308568765745174,0.5751115279737987,0.28860940883094904,19.812280415011916,,random,45
24,0.28860940883094904,480,164.44669781893825,35.55330218106175,100.0,20,25.0,50.0,2.0,True,0.19308568765745174,0.5751115279737987,0.28860940883094904,19.812280415011916,,random,45
25,0.28860940883094904,500,164.44669781893825,35.55330218106175,100.0,20,25.0,50.0,2.0,True,0.19308568765745174,0.5751115279737987,0.28860940883094904,19.812280415011916,,random,45
26,0.28860940883094904,520,164.44669781893825,35.55330218106175,100.0,20,25.0,50.0,2.0,True,0.19308568765745174,0.5751115279737987,0.28860940883094904,19.812280415011916,,random,45
27,0.28860940883094904,540,164.44669781893825,35.55330218106175,100.0,20,25.0,50.0,2.0,True,0.19308568765745174,0.5751115279737987,0.28860940883094904,19.812280415011916,,random,45
28,0.28860940883094904,560,164.44669781893825,35.55330218106175,100.0,20,25.0,50.0,2.0,True,0.19308568765745174,0.5751115279737987,0.28860940883094904,19.812280415011916,,random,45
29,0.28860940883094904,580,164.44669781893825,35.55330218106175,100.0,20,25.0,50.0,2.0,True,0.19308568765745174,0.5751115279737987,0.28860940883094904,19.812280415011916,,random,45
30,0.28860940883094904,600,164.44669781893825,35.55330218106175,100.0,20,25.0,50.0,2.0,True,0.19308568765745174,0.5751115279737987,0.28860940883094904,19.812280415011916,,random,45
1,0.33035346815783073,20,130.66202358398309,69.33797641601691,85.0,17,45.0,180.0,4.0,True,0.16417049203242512,0.6261052827663415,0.33035346815783073,21.900025709731754,,random,46
2,0.28976721861742555,40,155.88430336314613,44.11569663685387,100.0,20,15.0,30.0,2.0,True,0.19062944813108096,0.5607650937614997,0.28976721861742555,19.815858717817047,,random,46
3,0.28472695157106076,60,138.63372883529576,61.366271164704244,90.0,18,15.0,30.0,2.0,True,0.19600132187416752,0.5934556476647326,0.28472695157106076,19.601241507028377,,random,46
4,0.28472695157106076,80,138.63372883529576,61.366271164704244,90.0,18,15.0,30.0,2.0,True,0.19600132187416752,0.5934556476647326,0.28472695157106076,19.601241507028377,,random,46
5,0.28472695157106076,100,138.63372883529576,61.366271164704244,90.0,18,15.0,30.0,2.0,True,0.19600132187416752,0.5934556476647326,0.28472695157106076,19.601241507028377,,random,46
6,0.28472695157106076,120,138.63372883529576,61.366271164704244,90.0,18,15.0,30.0,2.0,True,0.19600132187416752,0.5934556476647326,0.28472695157106076,19.601241507028377,,random,46
7,0.28472695157106076,140,138.63372883529576,61.366271164704244,90.0,18,15.0,30.0,2.0,True,0.19600132187416752,0.5934556476647326,0.28472695157106076,19.601241507028377,,random,46
8,0.28472695157106076,160,138.63372883529576,61.366271164704244,90.0,18,15.0,30.0,2.0,True,0.19600132187416752,0.5934556476647326,0.28472695157106076,19.601241507028377,,random,46
9,0.28472695157106076,180,138.63372883529576,61.366271164704244,90.0,18,15.0,30.0,2.0,True,0.19600132187416752,0.5934556476647326,0.28472695157106076,19.601241507028377,,random,46
10,0.28472695157106076,200,138.63372883529576,61.366271164704244,90.0,18,15.0,30.0,2.0,True,0.19600132187416752,0.5934556476647326,0.28472695157106076,19.601241507028377,,random,46
11,0.28472695157106076,220,138.63372883529576,61.366271164704244,90.0,18,15.0,30.0,2.0,True,0.19600132187416752,0.5934556476647326,0.28472695157106076,19.601241507028377,,random,46
12,0.28472695157106076,240,138.63372883529576,61.366271164704244,90.0,18,15.0,30.0,2.0,True,0.19600132187416752,0.5934556476647326,0.28472695157106076,19.601241507028377,,random,46
13,0.28472695157106076,260,138.63372883529576,61.366271164704244,90.0,18,15.0,30.0,2.0,True,0.19600132187416752,0.5934556476647326,0.28472695157106076,19.601241507028377,,random,46
14,0.28472695157106076,280,138.63372883529576,61.366271164704244,90.0,18,15.0,30.0,2.0,True,0.19600132187416752,0.5934556476647326,0.28472695157106076,19.601241507028377,,random,46
15,0.28472695157106076,300,138.63372883529576,61.366271164704244,90.0,18,15.0,30.0,2.0,True,0.19600132187416752,0.5934556476647326,0.28472695157106076,19.601241507028377,,random,46
16,0.28472695157106076,320,138.63372883529576,61.366271164704244,90.0,18,15.0,30.0,2.0,True,0.19600132187416752,0.5934556476647326,0.28472695157106076,19.601241507028377,,random,46
17,0.28472695157106076,340,138.63372883529576,61.366271164704244,90.0,18,15.0,30.0,2.0,True,0.19600132187416752,0.5934556476647326,0.28472695157106076,19.601241507028377,,random,46
18,0.28472695157106076,360,138.63372883529576,61.366271164704244,90.0,18,15.0,30.0,2.0,True,0.19600132187416752,0.5934556476647326,0.28472695157106076,19.601241507028377,,random,46
19,0.28472695157106076,380,138.63372883529576,61.366271164704244,90.0,18,15.0,30.0,2.0,True,0.19600132187416752,0.5934556476647326,0.28472695157106076,19.601241507028377,,random,46
20,0.28472695157106076,400,138.63372883529576,61.366271164704244,90.0,18,15.0,30.0,2.0,True,0.19600132187416752,0.5934556476647326,0.28472695157106076,19.601241507028377,,random,46
21,0.28472695157106076,420,138.63372883529576,61.366271164704244,90.0,18,15.0,30.0,2.0,True,0.19600132187416752,0.5934556476647326,0.28472695157106076,19.601241507028377,,random,46
22,0.28472695157106076,440,138.63372883529576,61.366271164704244,90.0,18,15.0,30.0,2.0,True,0.19600132187416752,0.5934556476647326,0.28472695157106076,19.601241507028377,,random,46
23,0.28472695157106076,460,138.63372883529576,61.366271164704244,90.0,18,15.0,30.0,2.0,True,0.19600132187416752,0.5934556476647326,0.28472695157106076,19.601241507028377,,random,46
24,0.28472695157106076,480,138.63372883529576,61.366271164704244,90.0,18,15.0,30.0,2.0,True,0.19600132187416752,0.5934556476647326,0.28472695157106076,19.601241507028377,,random,46
25,0.28472695157106076,500,138.63372883529576,61.366271164704244,90.0,18,15.0,30.0,2.0,True,0.19600132187416752,0.5934556476647326,0.28472695157106076,19.601241507028377,,random,46
26,0.28472695157106076,520,138.63372883529576,61.366271164704244,90.0,18,15.0,30.0,2.0,True,0.19600132187416752,0.5934556476647326,0.28472695157106076,19.601241507028377,,random,46
27,0.28472695157106076,540,138.63372883529576,61.366271164704244,90.0,18,15.0,30.0,2.0,True,0.19600132187416752,0.5934556476647326,0.28472695157106076,19.601241507028377,,random,46
28,0.28472695157106076,560,138.63372883529576,61.366271164704244,90.0,18,15.0,30.0,2.0,True,0.19600132187416752,0.5934556476647326,0.28472695157106076,19.601241507028377,,random,46
29,0.28472695157106076,580,138.63372883529576,61.366271164704244,90.0,18,15.0,30.0,2.0,True,0.19600132187416752,0.5934556476647326,0.28472695157106076,19.601241507028377,,random,46
30,0.28472695157106076,600,138.63372883529576,61.366271164704244,90.0,18,15.0,30.0,2.0,True,0.19600132187416752,0.5934556476647326,0.28472695157106076,19.601241507028377,,random,46
1,0.31818884297783473,20,102.62921811709795,97.37078188290205,95.0,19,20.0,20.0,1.0,True,0.11275533181961812,0.5524484445338067,0.31818884297783473,19.844841759693693,,random,47
2,0.2898935556732699,40,131.29732491186832,68.70267508813168,90.0,18,15.0,15.0,1.0,True,0.18655366986559566,0.5792454415384078,0.2898935556732699,19.721053917704577,,random,47
3,0.2898935556732699,60,131.29732491186832,68.70267508813168,90.0,18,15.0,15.0,1.0,True,0.18655366986559566,0.5792454415384078,0.2898935556732699,19.721053917704577,,random,47
4,0.2898935556732699,80,131.29732491186832,68.70267508813168,90.0,18,15.0,15.0,1.0,True,0.18655366986559566,0.5792454415384078,0.2898935556732699,19.721053917704577,,random,47
5,0.2898935556732699,100,131.29732491186832,68.70267508813168,90.0,18,15.0,15.0,1.0,True,0.18655366986559566,0.5792454415384078,0.2898935556732699,19.721053917704577,,random,47
6,0.2898935556732699,120,131.29732491186832,68.70267508813168,90.0,18,15.0,15.0,1.0,True,0.18655366986559566,0.5792454415384078,0.2898935556732699,19.721053917704577,,random,47
7,0.2898935556732699,140,131.29732491186832,68.70267508813168,90.0,18,15.0,15.0,1.0,True,0.18655366986559566,0.5792454415384078,0.2898935556732699,19.721053917704577,,random,47
8,0.2898935556732699,160,131.29732491186832,68.70267508813168,90.0,18,15.0,15.0,1.0,True,0.18655366986559566,0.5792454415384078,0.2898935556732699,19.721053917704577,,random,47
9,0.2898935556732699,180,131.29732491186832,68.70267508813168,90.0,18,15.0,15.0,1.0,True,0.18655366986559566,0.5792454415384078,0.2898935556732699,19.721053917704577,,random,47
10,0.2898935556732699,200,131.29732491186832,68.70267508813168,90.0,18,15.0,15.0,1.0,True,0.18655366986559566,0.5792454415384078,0.2898935556732699,19.721053917704577,,random,47
11,0.2898935556732699,220,131.29732491186832,68.70267508813168,90.0,18,15.0,15.0,1.0,True,0.18655366986559566,0.5792454415384078,0.2898935556732699,19.721053917704577,,random,47
12,0.28675628390217656,240,147.99071945356553,52.00928054643447,95.0,19,30.0,30.0,1.0,True,0.18644995456463043,0.5854168984451773,0.28675628390217656,19.518105563590275,,random,47
13,0.28675628390217656,260,147.99071945356553,52.00928054643447,95.0,19,30.0,30.0,1.0,True,0.18644995456463043,0.5854168984451773,0.28675628390217656,19.518105563590275,,random,47
14,0.28675628390217656,280,147.99071945356553,52.00928054643447,95.0,19,30.0,30.0,1.0,True,0.18644995456463043,0.5854168984451773,0.28675628390217656,19.518105563590275,,random,47
15,0.28675628390217656,300,147.99071945356553,52.00928054643447,95.0,19,30.0,30.0,1.0,True,0.18644995456463043,0.5854168984451773,0.28675628390217656,19.518105563590275,,random,47
16,0.28675628390217656,320,147.99071945356553,52.00928054643447,95.0,19,30.0,30.0,1.0,True,0.18644995456463043,0.5854168984451773,0.28675628390217656,19.518105563590275,,random,47
17,0.28675628390217656,340,147.99071945356553,52.00928054643447,95.0,19,30.0,30.0,1.0,True,0.18644995456463043,0.5854168984451773,0.28675628390217656,19.518105563590275,,random,47
18,0.28675628390217656,360,147.99071945356553,52.00928054643447,95.0,19,30.0,30.0,1.0,True,0.18644995456463043,0.5854168984451773,0.28675628390217656,19.518105563590275,,random,47
19,0.28675628390217656,380,147.99071945356553,52.00928054643447,95.0,19,30.0,30.0,1.0,True,0.18644995456463043,0.5854168984451773,0.28675628390217656,19.518105563590275,,random,47
20,0.28675628390217656,400,147.99071945356553,52.00928054643447,95.0,19,30.0,30.0,1.0,True,0.18644995456463043,0.5854168984451773,0.28675628390217656,19.518105563590275,,random,47
21,0.28675628390217656,420,147.99071945356553,52.00928054643447,95.0,19,30.0,30.0,1.0,True,0.18644995456463043,0.5854168984451773,0.28675628390217656,19.518105563590275,,random,47
22,0.28675628390217656,440,147.99071945356553,52.00928054643447,95.0,19,30.0,30.0,1.0,True,0.18644995456463043,0.5854168984451773,0.28675628390217656,19.518105563590275,,random,47
23,0.28675628390217656,460,147.99071945356553,52.00928054643447,95.0,19,30.0,30.0,1.0,True,0.18644995456463043,0.5854168984451773,0.28675628390217656,19.518105563590275,,random,47
24,0.28675628390217656,480,147.99071945356553,52.00928054643447,95.0,19,30.0,30.0,1.0,True,0.18644995456463043,0.5854168984451773,0.28675628390217656,19.518105563590275,,random,47
25,0.28675628390217656,500,147.99071945356553,52.00928054643447,95.0,19,30.0,30.0,1.0,True,0.18644995456463043,0.5854168984451773,0.28675628390217656,19.518105563590275,,random,47
26,0.28675628390217656,520,147.99071945356553,52.00928054643447,95.0,19,30.0,30.0,1.0,True,0.18644995456463043,0.5854168984451773,0.28675628390217656,19.518105563590275,,random,47
27,0.28675628390217656,540,147.99071945356553,52.00928054643447,95.0,19,30.0,30.0,1.0,True,0.18644995456463043,0.5854168984451773,0.28675628390217656,19.518105563590275,,random,47
28,0.28675628390217656,560,147.99071945356553,52.00928054643447,95.0,19,30.0,30.0,1.0,True,0.18644995456463043,0.5854168984451773,0.28675628390217656,19.518105563590275,,random,47
29,0.28675628390217656,580,147.99071945356553,52.00928054643447,95.0,19,30.0,30.0,1.0,True,0.18644995456463043,0.5854168984451773,0.28675628390217656,19.518105563590275,,random,47
30,0.28675628390217656,600,147.99071945356553,52.00928054643447,95.0,19,30.0,30.0,1.0,True,0.18644995456463043,0.5854168984451773,0.28675628390217656,19.518105563590275,,random,47
1,0.2942691592571246,20,121.26639725280899,78.73360274719101,85.0,17,15.0,30.0,2.0,True,0.17750263567538935,0.5993679738320807,0.2942691592571246,19.802134528822354,,random,48
2,0.2942691592571246,40,121.26639725280899,78.73360274719101,85.0,17,15.0,30.0,2.0,True,0.17750263567538935,0.5993679738320807,0.2942691592571246,19.802134528822354,,random,48
3,0.2942691592571246,60,121.26639725280899,78.73360274719101,85.0,17,15.0,30.0,2.0,True,0.17750263567538935,0.5993679738320807,0.2942691592571246,19.802134528822354,,random,48
4,0.2942691592571246,80,121.26639725280899,78.73360274719101,85.0,17,15.0,30.0,2.0,True,0.17750263567538935,0.5993679738320807,0.2942691592571246,19.802134528822354,,random,48
5,0.2942691592571246,100,121.26639725280899,78.73360274719101,85.0,17,15.0,30.0,2.0,True,0.17750263567538935,0.5993679738320807,0.2942691592571246,19.802134528822354,,random,48
6,0.2942691592571246,120,121.26639725280899,78.73360274719101,85.0,17,15.0,30.0,2.0,True,0.17750263567538935,0.5993679738320807,0.2942691592571246,19.802134528822354,,random,48
7,0.2942691592571246,140,121.26639725280899,78.73360274719101,85.0,17,15.0,30.0,2.0,True,0.17750263567538935,0.5993679738320807,0.2942691592571246,19.802134528822354,,random,48
8,0.2942691592571246,160,121.26639725280899,78.73360274719101,85.0,17,15.0,30.0,2.0,True,0.17750263567538935,0.5993679738320807,0.2942691592571246,19.802134528822354,,random,48
9,0.2942691592571246,180,121.26639725280899,78.73360274719101,85.0,17,15.0,30.0,2.0,True,0.17750263567538935,0.5993679738320807,0.2942691592571246,19.802134528822354,,random,48
10,0.2942691592571246,200,121.26639725280899,78.73360274719101,85.0,17,15.0,30.0,2.0,True,0.17750263567538935,0.5993679738320807,0.2942691592571246,19.802134528822354,,random,48
11,0.2942691592571246,220,121.26639725280899,78.73360274719101,85.0,17,15.0,30.0,2.0,True,0.17750263567538935,0.5993679738320807,0.2942691592571246,19.802134528822354,,random,48
12,0.2942691592571246,240,121.26639725280899,78.73360274719101,85.0,17,15.0,30.0,2.0,True,0.17750263567538935,0.5993679738320807,0.2942691592571246,19.802134528822354,,random,48
13,0.2942691592571246,260,121.26639725280899,78.73360274719101,85.0,17,15.0,30.0,2.0,True,0.17750263567538935,0.5993679738320807,0.2942691592571246,19.802134528822354,,random,48
14,0.2942691592571246,280,121.26639725280899,78.73360274719101,85.0,17,15.0,30.0,2.0,True,0.17750263567538935,0.5993679738320807,0.2942691592571246,19.802134528822354,,random,48
15,0.2942691592571246,300,121.26639725280899,78.73360274719101,85.0,17,15.0,30.0,2.0,True,0.17750263567538935,0.5993679738320807,0.2942691592571246,19.802134528822354,,random,48
16,0.2942691592571246,320,121.26639725280899,78.73360274719101,85.0,17,15.0,30.0,2.0,True,0.17750263567538935,0.5993679738320807,0.2942691592571246,19.802134528822354,,random,48
17,0.2942691592571246,340,121.26639725280899,78.73360274719101,85.0,17,15.0,30.0,2.0,True,0.17750263567538935,0.5993679738320807,0.2942691592571246,19.802134528822354,,random,48
18,0.2942691592571246,360,121.26639725280899,78.73360274719101,85.0,17,15.0,30.0,2.0,True,0.17750263567538935,0.5993679738320807,0.2942691592571246,19.802134528822354,,random,48
19,0.29194728051838037,380,112.85162513123265,87.14837486876735,85.0,17,10.0,20.0,2.0,True,0.18173492916590778,0.5911831864700439,0.29194728051838037,19.739613409455973,,random,48
20,0.29194728051838037,400,112.85162513123265,87.14837486876735,85.0,17,10.0,20.0,2.0,True,0.18173492916590778,0.5911831864700439,0.29194728051838037,19.739613409455973,,random,48
21,0.29194728051838037,420,112.85162513123265,87.14837486876735,85.0,17,10.0,20.0,2.0,True,0.18173492916590778,0.5911831864700439,0.29194728051838037,19.739613409455973,,random,48
22,0.29194728051838037,440,112.85162513123265,87.14837486876735,85.0,17,10.0,20.0,2.0,True,0.18173492916590778,0.5911831864700439,0.29194728051838037,19.739613409455973,,random,48
23,0.29194728051838037,460,112.85162513123265,87.14837486876735,85.0,17,10.0,20.0,2.0,True,0.18173492916590778,0.5911831864700439,0.29194728051838037,19.739613409455973,,random,48
24,0.29194728051838037,480,112.85162513123265,87.14837486876735,85.0,17,10.0,20.0,2.0,True,0.18173492916590778,0.5911831864700439,0.29194728051838037,19.739613409455973,,random,48
25,0.29194728051838037,500,112.85162513123265,87.14837486876735,85.0,17,10.0,20.0,2.0,True,0.18173492916590778,0.5911831864700439,0.29194728051838037,19.739613409455973,,random,48
26,0.29194728051838037,520,112.85162513123265,87.14837486876735,85.0,17,10.0,20.0,2.0,True,0.18173492916590778,0.5911831864700439,0.29194728051838037,19.739613409455973,,random,48
27,0.29194728051838037,540,112.85162513123265,87.14837486876735,85.0,17,10.0,20.0,2.0,True,0.18173492916590778,0.5911831864700439,0.29194728051838037,19.739613409455973,,random,48
28,0.29194728051838037,560,112.85162513123265,87.14837486876735,85.0,17,10.0,20.0,2.0,True,0.18173492916590778,0.5911831864700439,0.29194728051838037,19.739613409455973,,random,48
29,0.29194728051838037,580,112.85162513123265,87.14837486876735,85.0,17,10.0,20.0,2.0,True,0.18173492916590778,0.5911831864700439,0.29194728051838037,19.739613409455973,,random,48
30,0.29194728051838037,600,112.85162513123265,87.14837486876735,85.0,17,10.0,20.0,2.0,True,0.18173492916590778,0.5911831864700439,0.29194728051838037,19.739613409455973,,random,48
1,0.29399979461785225,20,136.77850642128803,63.22149357871197,95.0,19,15.0,15.0,1.0,True,0.1782421210326584,0.5626011052797373,0.29399979461785225,19.79725409829121,,random,49
2,0.29399979461785225,40,136.77850642128803,63.22149357871197,95.0,19,15.0,15.0,1.0,True,0.1782421210326584,0.5626011052797373,0.29399979461785225,19.79725409829121,,random,49
3,0.29399979461785225,60,136.77850642128803,63.22149357871197,95.0,19,15.0,15.0,1.0,True,0.1782421210326584,0.5626011052797373,0.29399979461785225,19.79725409829121,,random,49
4,0.29399979461785225,80,136.77850642128803,63.22149357871197,95.0,19,15.0,15.0,1.0,True,0.1782421210326584,0.5626011052797373,0.29399979461785225,19.79725409829121,,random,49
5,0.29399979461785225,100,136.77850642128803,63.22149357871197,95.0,19,15.0,15.0,1.0,True,0.1782421210326584,0.5626011052797373,0.29399979461785225,19.79725409829121,,random,49
6,0.2939482354586142,120,130.89548849715976,69.10451150284024,90.0,18,25.0,25.0,1.0,True,0.1711480654188882,0.589108737570835,0.2939482354586142,19.634341925121337,,random,49
7,0.2939482354586142,140,130.89548849715976,69.10451150284024,90.0,18,25.0,25.0,1.0,True,0.1711480654188882,0.589108737570835,0.2939482354586142,19.634341925121337,,random,49
8,0.2939482354586142,160,130.89548849715976,69.10451150284024,90.0,18,25.0,25.0,1.0,True,0.1711480654188882,0.589108737570835,0.2939482354586142,19.634341925121337,,random,49
9,0.2922156093058085,180,146.010848909509,53.98915109049099,95.0,19,30.0,30.0,1.0,True,0.17757672083653794,0.5800417298514344,0.2922156093058085,19.674580435518727,,random,49
10,0.2922156093058085,200,146.010848909509,53.98915109049099,95.0,19,30.0,30.0,1.0,True,0.17757672083653794,0.5800417298514344,0.2922156093058085,19.674580435518727,,random,49
11,0.28790562211763104,220,112.5631769492224,87.4368230507776,80.0,16,15.0,30.0,2.0,True,0.19013966333923144,0.6204113438280207,0.28790562211763104,19.677490609242714,,random,49
12,0.28790562211763104,240,112.5631769492224,87.4368230507776,80.0,16,15.0,30.0,2.0,True,0.19013966333923144,0.6204113438280207,0.28790562211763104,19.677490609242714,,random,49
13,0.28790562211763104,260,112.5631769492224,87.4368230507776,80.0,16,15.0,30.0,2.0,True,0.19013966333923144,0.6204113438280207,0.28790562211763104,19.677490609242714,,random,49
14,0.28790562211763104,280,112.5631769492224,87.4368230507776,80.0,16,15.0,30.0,2.0,True,0.19013966333923144,0.6204113438280207,0.28790562211763104,19.677490609242714,,random,49
15,0.28790562211763104,300,112.5631769492224,87.4368230507776,80.0,16,15.0,30.0,2.0,True,0.19013966333923144,0.6204113438280207,0.28790562211763104,19.677490609242714,,random,49
16,0.28790562211763104,320,112.5631769492224,87.4368230507776,80.0,16,15.0,30.0,2.0,True,0.19013966333923144,0.6204113438280207,0.28790562211763104,19.677490609242714,,random,49
17,0.28790562211763104,340,112.5631769492224,87.4368230507776,80.0,16,15.0,30.0,2.0,True,0.19013966333923144,0.6204113438280207,0.28790562211763104,19.677490609242714,,random,49
18,0.28790562211763104,360,112.5631769492224,87.4368230507776,80.0,16,15.0,30.0,2.0,True,0.19013966333923144,0.6204113438280207,0.28790562211763104,19.677490609242714,,random,49
19,0.28790562211763104,380,112.5631769492224,87.4368230507776,80.0,16,15.0,30.0,2.0,True,0.19013966333923144,0.6204113438280207,0.28790562211763104,19.677490609242714,,random,49
20,0.28790562211763104,400,112.5631769492224,87.4368230507776,80.0,16,15.0,30.0,2.0,True,0.19013966333923144,0.6204113438280207,0.28790562211763104,19.677490609242714,,random,49
21,0.28790562211763104,420,112.5631769492224,87.4368230507776,80.0,16,15.0,30.0,2.0,True,0.19013966333923144,0.6204113438280207,0.28790562211763104,19.677490609242714,,random,49
22,0.28357113926091715,440,139.98900912928923,60.01099087071077,90.0,18,20.0,20.0,1.0,True,0.19651689171568013,0.5917815111760548,0.28357113926091715,19.537848645919716,,random,49
23,0.28357113926091715,460,139.98900912928923,60.01099087071077,90.0,18,20.0,20.0,1.0,True,0.19651689171568013,0.5917815111760548,0.28357113926091715,19.537848645919716,,random,49
24,0.28357113926091715,480,139.98900912928923,60.01099087071077,90.0,18,20.0,20.0,1.0,True,0.19651689171568013,0.5917815111760548,0.28357113926091715,19.537848645919716,,random,49
25,0.28357113926091715,500,139.98900912928923,60.01099087071077,90.0,18,20.0,20.0,1.0,True,0.19651689171568013,0.5917815111760548,0.28357113926091715,19.537848645919716,,random,49
26,0.28357113926091715,520,139.98900912928923,60.01099087071077,90.0,18,20.0,20.0,1.0,True,0.19651689171568013,0.5917815111760548,0.28357113926091715,19.537848645919716,,random,49
27,0.28357113926091715,540,139.98900912928923,60.01099087071077,90.0,18,20.0,20.0,1.0,True,0.19651689171568013,0.5917815111760548,0.28357113926091715,19.537848645919716,,random,49
28,0.28357113926091715,560,139.98900912928923,60.01099087071077,90.0,18,20.0,20.0,1.0,True,0.19651689171568013,0.5917815111760548,0.28357113926091715,19.537848645919716,,random,49
29,0.28357113926091715,580,139.98900912928923,60.01099087071077,90.0,18,20.0,20.0,1.0,True,0.19651689171568013,0.5917815111760548,0.28357113926091715,19.537848645919716,,random,49
30,0.28357113926091715,600,139.98900912928923,60.01099087071077,90.0,18,20.0,20.0,1.0,True,0.19651689171568013,0.5917815111760548,0.28357113926091715,19.537848645919716,,random,49
1,0.3260501492002313,20,80.47149661057331,119.52850338942669,80.0,16,35.0,35.0,1.0,True,0.13116715863417658,0.5820237370332024,0.3260501492002313,20.776279030870995,,random,50
2,0.3053750529885313,40,83.78891165644127,116.21108834355873,70.0,14,25.0,50.0,2.0,True,0.1881518598047374,0.635609208662411,0.3053750529885313,20.83385094700673,,random,50
3,0.3035533934789263,60,101.38772216499522,98.61227783500478,75.0,15,45.0,45.0,1.0,True,0.18167879562382783,0.6286237499814955,0.3035533934789263,20.54186378599501,,random,50
4,0.29852097671784694,80,119.79009906503877,80.20990093496123,90.0,18,20.0,20.0,1.0,True,0.15880785894192143,0.5808851695058417,0.29852097671784694,19.641997308220574,,random,50
5,0.28489367240966507,100,134.01595702230563,65.98404297769437,90.0,18,10.0,20.0,2.0,True,0.19944622982703245,0.5827147683020857,0.28489367240966507,19.68910845270196,,random,50
6,0.28489367240966507,120,134.01595702230563,65.98404297769437,90.0,18,10.0,20.0,2.0,True,0.19944622982703245,0.5827147683020857,0.28489367240966507,19.68910845270196,,random,50
7,0.28489367240966507,140,134.01595702230563,65.98404297769437,90.0,18,10.0,20.0,2.0,True,0.19944622982703245,0.5827147683020857,0.28489367240966507,19.68910845270196,,random,50
8,0.28489367240966507,160,134.01595702230563,65.98404297769437,90.0,18,10.0,20.0,2.0,True,0.19944622982703245,0.5827147683020857,0.28489367240966507,19.68910845270196,,random,50
9,0.28489367240966507,180,134.01595702230563,65.98404297769437,90.0,18,10.0,20.0,2.0,True,0.19944622982703245,0.5827147683020857,0.28489367240966507,19.68910845270196,,random,50
10,0.28489367240966507,200,134.01595702230563,65.98404297769437,90.0,18,10.0,20.0,2.0,True,0.19944622982703245,0.5827147683020857,0.28489367240966507,19.68910845270196,,random,50
11,0.28489367240966507,220,134.01595702230563,65.98404297769437,90.0,18,10.0,20.0,2.0,True,0.19944622982703245,0.5827147683020857,0.28489367240966507,19.68910845270196,,random,50
12,0.28489367240966507,240,134.01595702230563,65.98404297769437,90.0,18,10.0,20.0,2.0,True,0.19944622982703245,0.5827147683020857,0.28489367240966507,19.68910845270196,,random,50
13,0.28489367240966507,260,134.01595702230563,65.98404297769437,90.0,18,10.0,20.0,2.0,True,0.19944622982703245,0.5827147683020857,0.28489367240966507,19.68910845270196,,random,50
14,0.28489367240966507,280,134.01595702230563,65.98404297769437,90.0,18,10.0,20.0,2.0,True,0.19944622982703245,0.5827147683020857,0.28489367240966507,19.68910845270196,,random,50
15,0.28489367240966507,300,134.01595702230563,65.98404297769437,90.0,18,10.0,20.0,2.0,True,0.19944622982703245,0.5827147683020857,0.28489367240966507,19.68910845270196,,random,50
16,0.28489367240966507,320,134.01595702230563,65.98404297769437,90.0,18,10.0,20.0,2.0,True,0.19944622982703245,0.5827147683020857,0.28489367240966507,19.68910845270196,,random,50
17,0.28489367240966507,340,134.01595702230563,65.98404297769437,90.0,18,10.0,20.0,2.0,True,0.19944622982703245,0.5827147683020857,0.28489367240966507,19.68910845270196,,random,50
18,0.28489367240966507,360,134.01595702230563,65.98404297769437,90.0,18,10.0,20.0,2.0,True,0.19944622982703245,0.5827147683020857,0.28489367240966507,19.68910845270196,,random,50
19,0.28489367240966507,380,134.01595702230563,65.98404297769437,90.0,18,10.0,20.0,2.0,True,0.19944622982703245,0.5827147683020857,0.28489367240966507,19.68910845270196,,random,50
20,0.28489367240966507,400,134.01595702230563,65.98404297769437,90.0,18,10.0,20.0,2.0,True,0.19944622982703245,0.5827147683020857,0.28489367240966507,19.68910845270196,,random,50
21,0.28489367240966507,420,134.01595702230563,65.98404297769437,90.0,18,10.0,20.0,2.0,True,0.19944622982703245,0.5827147683020857,0.28489367240966507,19.68910845270196,,random,50
22,0.28489367240966507,440,134.01595702230563,65.98404297769437,90.0,18,10.0,20.0,2.0,True,0.19944622982703245,0.5827147683020857,0.28489367240966507,19.68910845270196,,random,50
23,0.28489367240966507,460,134.01595702230563,65.98404297769437,90.0,18,10.0,20.0,2.0,True,0.19944622982703245,0.5827147683020857,0.28489367240966507,19.68910845270196,,random,50
24,0.2848494066182149,480,148.67845435397246,51.321545646027545,95.0,19,15.0,30.0,2.0,True,0.19663149361179114,0.5792931232660362,0.2848494066182149,19.62513321926759,,random,50
25,0.2848494066182149,500,148.67845435397246,51.321545646027545,95.0,19,15.0,30.0,2.0,True,0.19663149361179114,0.5792931232660362,0.2848494066182149,19.62513321926759,,random,50
26,0.2848494066182149,520,148.67845435397246,51.321545646027545,95.0,19,15.0,30.0,2.0,True,0.19663149361179114,0.5792931232660362,0.2848494066182149,19.62513321926759,,random,50
27,0.2848494066182149,540,148.67845435397246,51.321545646027545,95.0,19,15.0,30.0,2.0,True,0.19663149361179114,0.5792931232660362,0.2848494066182149,19.62513321926759,,random,50
28,0.2848494066182149,560,148.67845435397246,51.321545646027545,95.0,19,15.0,30.0,2.0,True,0.19663149361179114,0.5792931232660362,0.2848494066182149,19.62513321926759,,random,50
29,0.2848494066182149,580,148.67845435397246,51.321545646027545,95.0,19,15.0,30.0,2.0,True,0.19663149361179114,0.5792931232660362,0.2848494066182149,19.62513321926759,,random,50
30,0.2848494066182149,600,148.67845435397246,51.321545646027545,95.0,19,15.0,30.0,2.0,True,0.19663149361179114,0.5792931232660362,0.2848494066182149,19.62513321926759,,random,50
1,0.3153754144251324,20,128.5930143737418,71.4069856262582,80.0,16,40.0,160.0,4.0,True,0.19110015629502336,0.6464231567695446,0.3153754144251324,21.606888405097383,,random,51
2,0.30832923100570925,40,106.7332285550717,93.2667714449283,90.0,18,10.0,10.0,1.0,True,0.15552950989699754,0.5527920002630726,0.30832923100570925,20.19705891866927,,random,51
3,0.30832923100570925,60,106.7332285550717,93.2667714449283,90.0,18,10.0,10.0,1.0,True,0.15552950989699754,0.5527920002630726,0.30832923100570925,20.19705891866927,,random,51
4,0.30364667401109857,80,144.89299241454796,55.10700758545204,100.0,20,15.0,60.0,4.0,True,0.16082849733407528,0.5649284129723188,0.30364667401109857,20.02771518381102,,random,51
5,0.2995986701817881,100,118.07005765788672,81.92994234211328,90.0,18,15.0,30.0,2.0,True,0.15705987774152355,0.5835104856005302,0.2995986701817881,19.66943717341332,,random,51
6,0.2995986701817881,120,118.07005765788672,81.92994234211328,90.0,18,15.0,30.0,2.0,True,0.15705987774152355,0.5835104856005302,0.2995986701817881,19.66943717341332,,random,51
7,0.2995986701817881,140,118.07005765788672,81.92994234211328,90.0,18,15.0,30.0,2.0,True,0.15705987774152355,0.5835104856005302,0.2995986701817881,19.66943717341332,,random,51
8,0.2995986701817881,160,118.07005765788672,81.92994234211328,90.0,18,15.0,30.0,2.0,True,0.15705987774152355,0.5835104856005302,0.2995986701817881,19.66943717341332,,random,51
9,0.29081975246380326,180,152.9387667271454,47.061233272854594,95.0,19,30.0,60.0,2.0,True,0.19027383046340113,0.5908019374589872,0.29081975246380326,19.893266395101023,,random,51
10,0.29081975246380326,200,152.9387667271454,47.061233272854594,95.0,19,30.0,60.0,2.0,True,0.19027383046340113,0.5908019374589872,0.29081975246380326,19.893266395101023,,random,51
11,0.2903939053548782,220,121.22917052141575,78.77082947858425,85.0,17,10.0,20.0,2.0,True,0.19178773621150252,0.5903958364907432,0.2903939053548782,19.87929114251467,,random,51
12,0.2903939053548782,240,121.22917052141575,78.77082947858425,85.0,17,10.0,20.0,2.0,True,0.19178773621150252,0.5903958364907432,0.2903939053548782,19.87929114251467,,random,51
13,0.2903939053548782,260,121.22917052141575,78.77082947858425,85.0,17,10.0,20.0,2.0,True,0.19178773621150252,0.5903958364907432,0.2903939053548782,19.87929114251467,,random,51
14,0.2903939053548782,280,121.22917052141575,78.77082947858425,85.0,17,10.0,20.0,2.0,True,0.19178773621150252,0.5903958364907432,0.2903939053548782,19.87929114251467,,random,51
15,0.2903939053548782,300,121.22917052141575,78.77082947858425,85.0,17,10.0,20.0,2.0,True,0.19178773621150252,0.5903958364907432,0.2903939053548782,19.87929114251467,,random,51
16,0.2903939053548782,320,121.22917052141575,78.77082947858425,85.0,17,10.0,20.0,2.0,True,0.19178773621150252,0.5903958364907432,0.2903939053548782,19.87929114251467,,random,51
17,0.2893380311250312,340,144.74554836868634,55.25445163131366,90.0,18,45.0,45.0,1.0,True,0.1968119208397725,0.5996836108786875,0.2893380311250312,19.950824558097,,random,51
18,0.2893380311250312,360,144.74554836868634,55.25445163131366,90.0,18,45.0,45.0,1.0,True,0.1968119208397725,0.5996836108786875,0.2893380311250312,19.950824558097,,random,51
19,0.2893380311250312,380,144.74554836868634,55.25445163131366,90.0,18,45.0,45.0,1.0,True,0.1968119208397725,0.5996836108786875,0.2893380311250312,19.950824558097,,random,51
20,0.2893380311250312,400,144.74554836868634,55.25445163131366,90.0,18,45.0,45.0,1.0,True,0.1968119208397725,0.5996836108786875,0.2893380311250312,19.950824558097,,random,51
21,0.2819098936199428,420,153.78477452069384,46.215225479306156,95.0,19,25.0,25.0,1.0,True,0.19958142565994583,0.5844028334870119,0.2819098936199428,19.504122524578907,,random,51
22,0.2819098936199428,440,153.78477452069384,46.215225479306156,95.0,19,25.0,25.0,1.0,True,0.19958142565994583,0.5844028334870119,0.2819098936199428,19.504122524578907,,random,51
23,0.2819098936199428,460,153.78477452069384,46.215225479306156,95.0,19,25.0,25.0,1.0,True,0.19958142565994583,0.5844028334870119,0.2819098936199428,19.504122524578907,,random,51
24,0.2819098936199428,480,153.78477452069384,46.215225479306156,95.0,19,25.0,25.0,1.0,True,0.19958142565994583,0.5844028334870119,0.2819098936199428,19.504122524578907,,random,51
25,0.2819098936199428,500,153.78477452069384,46.215225479306156,95.0,19,25.0,25.0,1.0,True,0.19958142565994583,0.5844028334870119,0.2819098936199428,19.504122524578907,,random,51
26,0.2819098936199428,520,153.78477452069384,46.215225479306156,95.0,19,25.0,25.0,1.0,True,0.19958142565994583,0.5844028334870119,0.2819098936199428,19.504122524578907,,random,51
27,0.2819098936199428,540,153.78477452069384,46.215225479306156,95.0,19,25.0,25.0,1.0,True,0.19958142565994583,0.5844028334870119,0.2819098936199428,19.504122524578907,,random,51
28,0.2819098936199428,560,153.78477452069384,46.215225479306156,95.0,19,25.0,25.0,1.0,True,0.19958142565994583,0.5844028334870119,0.2819098936199428,19.504122524578907,,random,51
29,0.2819098936199428,580,153.78477452069384,46.215225479306156,95.0,19,25.0,25.0,1.0,True,0.19958142565994583,0.5844028334870119,0.2819098936199428,19.504122524578907,,random,51
30,0.2819098936199428,600,153.78477452069384,46.215225479306156,95.0,19,25.0,25.0,1.0,True,0.19958142565994583,0.5844028334870119,0.2819098936199428,19.504122524578907,,random,51
1,0.30456155522144013,20,91.95798626513441,108.04201373486559,75.0,15,15.0,30.0,2.0,True,0.17267614041210574,0.6126713976799963,0.30456155522144013,20.37798178929799,,random,52
2,0.30456155522144013,40,91.95798626513441,108.04201373486559,75.0,15,15.0,30.0,2.0,True,0.17267614041210574,0.6126713976799963,0.30456155522144013,20.37798178929799,,random,52
3,0.2954938644922212,60,140.52511762769836,59.474882372301636,90.0,18,50.0,50.0,1.0,True,0.18522259858204845,0.5977379952323997,0.2954938644922212,20.085008648993227,,random,52
4,0.2939640272412719,80,105.53003769628837,94.46996230371163,75.0,15,35.0,35.0,1.0,True,0.19445511247287806,0.6322041154821134,0.2939640272412719,20.206843748689366,,random,52
5,0.2939640272412719,100,105.53003769628837,94.46996230371163,75.0,15,35.0,35.0,1.0,True,0.19445511247287806,0.6322041154821134,0.2939640272412719,20.206843748689366,,random,52
6,0.2939640272412719,120,105.53003769628837,94.46996230371163,75.0,15,35.0,35.0,1.0,True,0.19445511247287806,0.6322041154821134,0.2939640272412719,20.206843748689366,,random,52
7,0.2939640272412719,140,105.53003769628837,94.46996230371163,75.0,15,35.0,35.0,1.0,True,0.19445511247287806,0.6322041154821134,0.2939640272412719,20.206843748689366,,random,52
8,0.2939640272412719,160,105.53003769628837,94.46996230371163,75.0,15,35.0,35.0,1.0,True,0.19445511247287806,0.6322041154821134,0.2939640272412719,20.206843748689366,,random,52
9,0.2921939519735349,180,117.82718034109465,82.17281965890535,80.0,16,45.0,45.0,1.0,True,0.19246799730265146,0.6275445755810578,0.2921939519735349,20.037017786862517,,random,52
10,0.2921939519735349,200,117.82718034109465,82.17281965890535,80.0,16,45.0,45.0,1.0,True,0.19246799730265146,0.6275445755810578,0.2921939519735349,20.037017786862517,,random,52
11,0.2921939519735349,220,117.82718034109465,82.17281965890535,80.0,16,45.0,45.0,1.0,True,0.19246799730265146,0.6275445755810578,0.2921939519735349,20.037017786862517,,random,52
12,0.2921939519735349,240,117.82718034109465,82.17281965890535,80.0,16,45.0,45.0,1.0,True,0.19246799730265146,0.6275445755810578,0.2921939519735349,20.037017786862517,,random,52
13,0.2921939519735349,260,117.82718034109465,82.17281965890535,80.0,16,45.0,45.0,1.0,True,0.19246799730265146,0.6275445755810578,0.2921939519735349,20.037017786862517,,random,52
14,0.2921939519735349,280,117.82718034109465,82.17281965890535,80.0,16,45.0,45.0,1.0,True,0.19246799730265146,0.6275445755810578,0.2921939519735349,20.037017786862517,,random,52
15,0.28315927686702935,300,143.1927493161407,56.80725068385931,90.0,18,30.0,30.0,1.0,True,0.19863581287218973,0.5996405866384568,0.28315927686702935,19.566340713838336,,random,52
16,0.28315927686702935,320,143.1927493161407,56.80725068385931,90.0,18,30.0,30.0,1.0,True,0.19863581287218973,0.5996405866384568,0.28315927686702935,19.566340713838336,,random,52
17,0.28315927686702935,340,143.1927493161407,56.80725068385931,90.0,18,30.0,30.0,1.0,True,0.19863581287218973,0.5996405866384568,0.28315927686702935,19.566340713838336,,random,52
18,0.28315927686702935,360,143.1927493161407,56.80725068385931,90.0,18,30.0,30.0,1.0,True,0.19863581287218973,0.5996405866384568,0.28315927686702935,19.566340713838336,,random,52
19,0.28315927686702935,380,143.1927493161407,56.80725068385931,90.0,18,30.0,30.0,1.0,True,0.19863581287218973,0.5996405866384568,0.28315927686702935,19.566340713838336,,random,52
20,0.28315927686702935,400,143.1927493161407,56.80725068385931,90.0,18,30.0,30.0,1.0,True,0.19863581287218973,0.5996405866384568,0.28315927686702935,19.566340713838336,,random,52
21,0.28315927686702935,420,143.1927493161407,56.80725068385931,90.0,18,30.0,30.0,1.0,True,0.19863581287218973,0.5996405866384568,0.28315927686702935,19.566340713838336,,random,52
22,0.28315927686702935,440,143.1927493161407,56.80725068385931,90.0,18,30.0,30.0,1.0,True,0.19863581287218973,0.5996405866384568,0.28315927686702935,19.566340713838336,,random,52
23,0.28315927686702935,460,143.1927493161407,56.80725068385931,90.0,18,30.0,30.0,1.0,True,0.19863581287218973,0.5996405866384568,0.28315927686702935,19.566340713838336,,random,52
24,0.28315927686702935,480,143.1927493161407,56.80725068385931,90.0,18,30.0,30.0,1.0,True,0.19863581287218973,0.5996405866384568,0.28315927686702935,19.566340713838336,,random,52
25,0.28315927686702935,500,143.1927493161407,56.80725068385931,90.0,18,30.0,30.0,1.0,True,0.19863581287218973,0.5996405866384568,0.28315927686702935,19.566340713838336,,random,52
26,0.28315927686702935,520,143.1927493161407,56.80725068385931,90.0,18,30.0,30.0,1.0,True,0.19863581287218973,0.5996405866384568,0.28315927686702935,19.566340713838336,,random,52
27,0.28315927686702935,540,143.1927493161407,56.80725068385931,90.0,18,30.0,30.0,1.0,True,0.19863581287218973,0.5996405866384568,0.28315927686702935,19.566340713838336,,random,52
28,0.28315927686702935,560,143.1927493161407,56.80725068385931,90.0,18,30.0,30.0,1.0,True,0.19863581287218973,0.5996405866384568,0.28315927686702935,19.566340713838336,,random,52
29,0.28315927686702935,580,143.1927493161407,56.80725068385931,90.0,18,30.0,30.0,1.0,True,0.19863581287218973,0.5996405866384568,0.28315927686702935,19.566340713838336,,random,52
30,0.28315927686702935,600,143.1927493161407,56.80725068385931,90.0,18,30.0,30.0,1.0,True,0.19863581287218973,0.5996405866384568,0.28315927686702935,19.566340713838336,,random,52
1,0.2960139481432385,20,133.2873280220885,66.7126719779115,90.0,18,45.0,45.0,1.0,True,0.17514561782927743,0.59772218413904,0.2960139481432385,19.87166472537948,,random,53
2,0.2960139481432385,40,133.2873280220885,66.7126719779115,90.0,18,45.0,45.0,1.0,True,0.17514561782927743,0.59772218413904,0.2960139481432385,19.87166472537948,,random,53
3,0.2960139481432385,60,133.2873280220885,66.7126719779115,90.0,18,45.0,45.0,1.0,True,0.17514561782927743,0.59772218413904,0.2960139481432385,19.87166472537948,,random,53
4,0.2960139481432385,80,133.2873280220885,66.7126719779115,90.0,18,45.0,45.0,1.0,True,0.17514561782927743,0.59772218413904,0.2960139481432385,19.87166472537948,,random,53
5,0.2960139481432385,100,133.2873280220885,66.7126719779115,90.0,18,45.0,45.0,1.0,True,0.17514561782927743,0.59772218413904,0.2960139481432385,19.87166472537948,,random,53
6,0.2960139481432385,120,133.2873280220885,66.7126719779115,90.0,18,45.0,45.0,1.0,True,0.17514561782927743,0.59772218413904,0.2960139481432385,19.87166472537948,,random,53
7,0.28543391397073176,140,162.91616835139783,37.08383164860217,100.0,20,35.0,35.0,1.0,True,0.19447379515301697,0.5749537507713602,0.28543391397073176,19.627692629471905,,random,53
8,0.28543391397073176,160,162.91616835139783,37.08383164860217,100.0,20,35.0,35.0,1.0,True,0.19447379515301697,0.5749537507713602,0.28543391397073176,19.627692629471905,,random,53
9,0.28543391397073176,180,162.91616835139783,37.08383164860217,100.0,20,35.0,35.0,1.0,True,0.19447379515301697,0.5749537507713602,0.28543391397073176,19.627692629471905,,random,53
10,0.28543391397073176,200,162.91616835139783,37.08383164860217,100.0,20,35.0,35.0,1.0,True,0.19447379515301697,0.5749537507713602,0.28543391397073176,19.627692629471905,,random,53
11,0.28543391397073176,220,162.91616835139783,37.08383164860217,100.0,20,35.0,35.0,1.0,True,0.19447379515301697,0.5749537507713602,0.28543391397073176,19.627692629471905,,random,53
12,0.28543391397073176,240,162.91616835139783,37.08383164860217,100.0,20,35.0,35.0,1.0,True,0.19447379515301697,0.5749537507713602,0.28543391397073176,19.627692629471905,,random,53
13,0.28543391397073176,260,162.91616835139783,37.08383164860217,100.0,20,35.0,35.0,1.0,True,0.19447379515301697,0.5749537507713602,0.28543391397073176,19.627692629471905,,random,53
14,0.2830362036198036,280,138.82145103300957,61.178548966990434,90.0,18,20.0,20.0,1.0,True,0.19564834112303445,0.5930989432854791,0.2830362036198036,19.47959774818056,,random,53
15,0.2830362036198036,300,138.82145103300957,61.178548966990434,90.0,18,20.0,20.0,1.0,True,0.19564834112303445,0.5930989432854791,0.2830362036198036,19.47959774818056,,random,53
16,0.28207809848258736,320,154.1674848433465,45.8325151566535,95.0,19,25.0,25.0,1.0,True,0.19988548676121085,0.5839678061876986,0.28207809848258736,19.52333634605741,,random,53
17,0.28207809848258736,340,154.1674848433465,45.8325151566535,95.0,19,25.0,25.0,1.0,True,0.19988548676121085,0.5839678061876986,0.28207809848258736,19.52333634605741,,random,53
18,0.28207809848258736,360,154.1674848433465,45.8325151566535,95.0,19,25.0,25.0,1.0,True,0.19988548676121085,0.5839678061876986,0.28207809848258736,19.52333634605741,,random,53
19,0.28207809848258736,380,154.1674848433465,45.8325151566535,95.0,19,25.0,25.0,1.0,True,0.19988548676121085,0.5839678061876986,0.28207809848258736,19.52333634605741,,random,53
20,0.28207809848258736,400,154.1674848433465,45.8325151566535,95.0,19,25.0,25.0,1.0,True,0.19988548676121085,0.5839678061876986,0.28207809848258736,19.52333634605741,,random,53
21,0.28207809848258736,420,154.1674848433465,45.8325151566535,95.0,19,25.0,25.0,1.0,True,0.19988548676121085,0.5839678061876986,0.28207809848258736,19.52333634605741,,random,53
22,0.28207809848258736,440,154.1674848433465,45.8325151566535,95.0,19,25.0,25.0,1.0,True,0.19988548676121085,0.5839678061876986,0.28207809848258736,19.52333634605741,,random,53
23,0.28207809848258736,460,154.1674848433465,45.8325151566535,95.0,19,25.0,25.0,1.0,True,0.19988548676121085,0.5839678061876986,0.28207809848258736,19.52333634605741,,random,53
24,0.28207809848258736,480,154.1674848433465,45.8325151566535,95.0,19,25.0,25.0,1.0,True,0.19988548676121085,0.5839678061876986,0.28207809848258736,19.52333634605741,,random,53
25,0.28207809848258736,500,154.1674848433465,45.8325151566535,95.0,19,25.0,25.0,1.0,True,0.19988548676121085,0.5839678061876986,0.28207809848258736,19.52333634605741,,random,53
26,0.28207809848258736,520,154.1674848433465,45.8325151566535,95.0,19,25.0,25.0,1.0,True,0.19988548676121085,0.5839678061876986,0.28207809848258736,19.52333634605741,,random,53
27,0.28207809848258736,540,154.1674848433465,45.8325151566535,95.0,19,25.0,25.0,1.0,True,0.19988548676121085,0.5839678061876986,0.28207809848258736,19.52333634605741,,random,53
28,0.28207809848258736,560,154.1674848433465,45.8325151566535,95.0,19,25.0,25.0,1.0,True,0.19988548676121085,0.5839678061876986,0.28207809848258736,19.52333634605741,,random,53
29,0.28207809848258736,580,154.1674848433465,45.8325151566535,95.0,19,25.0,25.0,1.0,True,0.19988548676121085,0.5839678061876986,0.28207809848258736,19.52333634605741,,random,53
30,0.28207809848258736,600,154.1674848433465,45.8325151566535,95.0,19,25.0,25.0,1.0,True,0.19988548676121085,0.5839678061876986,0.28207809848258736,19.52333634605741,,random,53
1,0.3121935414510941,20,123.9532999244061,76.0467000755939,85.0,17,50.0,100.0,2.0,True,0.16700003454060583,0.6172353767719271,0.3121935414510941,20.758611377445465,,random,54
2,0.29830989999632535,40,172.60065814912443,27.399341850875572,100.0,20,30.0,120.0,4.0,True,0.19940121229408914,0.5866869812589038,0.29830989999632535,20.650388284746732,,random,54
3,0.29830989999632535,60,172.60065814912443,27.399341850875572,100.0,20,30.0,120.0,4.0,True,0.19940121229408914,0.5866869812589038,0.29830989999632535,20.650388284746732,,random,54
4,0.29830989999632535,80,172.60065814912443,27.399341850875572,100.0,20,30.0,120.0,4.0,True,0.19940121229408914,0.5866869812589038,0.29830989999632535,20.650388284746732,,random,54
5,0.29830989999632535,100,172.60065814912443,27.399341850875572,100.0,20,30.0,120.0,4.0,True,0.19940121229408914,0.5866869812589038,0.29830989999632535,20.650388284746732,,random,54
6,0.29830989999632535,120,172.60065814912443,27.399341850875572,100.0,20,30.0,120.0,4.0,True,0.19940121229408914,0.5866869812589038,0.29830989999632535,20.650388284746732,,random,54
7,0.29830989999632535,140,172.60065814912443,27.399341850875572,100.0,20,30.0,120.0,4.0,True,0.19940121229408914,0.5866869812589038,0.29830989999632535,20.650388284746732,,random,54
8,0.29287312276252286,160,149.58967694131331,50.410323058686686,95.0,19,45.0,45.0,1.0,True,0.18467275636509903,0.585401050099508,0.29287312276252286,19.893694632640635,,random,54
9,0.29287312276252286,180,149.58967694131331,50.410323058686686,95.0,19,45.0,45.0,1.0,True,0.18467275636509903,0.585401050099508,0.29287312276252286,19.893694632640635,,random,54
10,0.29287312276252286,200,149.58967694131331,50.410323058686686,95.0,19,45.0,45.0,1.0,True,0.18467275636509903,0.585401050099508,0.29287312276252286,19.893694632640635,,random,54
11,0.29287312276252286,220,149.58967694131331,50.410323058686686,95.0,19,45.0,45.0,1.0,True,0.18467275636509903,0.585401050099508,0.29287312276252286,19.893694632640635,,random,54
12,0.29238726128208675,240,107.98490254882765,92.01509745117235,75.0,15,45.0,45.0,1.0,True,0.19988427156244457,0.6410315125745701,0.29238726128208675,20.237431203881563,,random,54
13,0.29238726128208675,260,107.98490254882765,92.01509745117235,75.0,15,45.0,45.0,1.0,True,0.19988427156244457,0.6410315125745701,0.29238726128208675,20.237431203881563,,random,54
14,0.29238726128208675,280,107.98490254882765,92.01509745117235,75.0,15,45.0,45.0,1.0,True,0.19988427156244457,0.6410315125745701,0.29238726128208675,20.237431203881563,,random,54
15,0.29238726128208675,300,107.98490254882765,92.01509745117235,75.0,15,45.0,45.0,1.0,True,0.19988427156244457,0.6410315125745701,0.29238726128208675,20.237431203881563,,random,54
16,0.29238726128208675,320,107.98490254882765,92.01509745117235,75.0,15,45.0,45.0,1.0,True,0.19988427156244457,0.6410315125745701,0.29238726128208675,20.237431203881563,,random,54
17,0.29238726128208675,340,107.98490254882765,92.01509745117235,75.0,15,45.0,45.0,1.0,True,0.19988427156244457,0.6410315125745701,0.29238726128208675,20.237431203881563,,random,54
18,0.29238726128208675,360,107.98490254882765,92.01509745117235,75.0,15,45.0,45.0,1.0,True,0.19988427156244457,0.6410315125745701,0.29238726128208675,20.237431203881563,,random,54
19,0.2880623548952448,380,122.63691880387645,77.36308119612355,90.0,18,5.0,10.0,2.0,True,0.1956529701503679,0.5686195013805992,0.2880623548952448,19.80725247856731,,random,54
20,0.2880623548952448,400,122.63691880387645,77.36308119612355,90.0,18,5.0,10.0,2.0,True,0.1956529701503679,0.5686195013805992,0.2880623548952448,19.80725247856731,,random,54
21,0.2880623548952448,420,122.63691880387645,77.36308119612355,90.0,18,5.0,10.0,2.0,True,0.1956529701503679,0.5686195013805992,0.2880623548952448,19.80725247856731,,random,54
22,0.2880623548952448,440,122.63691880387645,77.36308119612355,90.0,18,5.0,10.0,2.0,True,0.1956529701503679,0.5686195013805992,0.2880623548952448,19.80725247856731,,random,54
23,0.2880623548952448,460,122.63691880387645,77.36308119612355,90.0,18,5.0,10.0,2.0,True,0.1956529701503679,0.5686195013805992,0.2880623548952448,19.80725247856731,,random,54
24,0.2880623548952448,480,122.63691880387645,77.36308119612355,90.0,18,5.0,10.0,2.0,True,0.1956529701503679,0.5686195013805992,0.2880623548952448,19.80725247856731,,random,54
25,0.2880623548952448,500,122.63691880387645,77.36308119612355,90.0,18,5.0,10.0,2.0,True,0.1956529701503679,0.5686195013805992,0.2880623548952448,19.80725247856731,,random,54
26,0.2880623548952448,520,122.63691880387645,77.36308119612355,90.0,18,5.0,10.0,2.0,True,0.1956529701503679,0.5686195013805992,0.2880623548952448,19.80725247856731,,random,54
27,0.2880623548952448,540,122.63691880387645,77.36308119612355,90.0,18,5.0,10.0,2.0,True,0.1956529701503679,0.5686195013805992,0.2880623548952448,19.80725247856731,,random,54
28,0.2880623548952448,560,122.63691880387645,77.36308119612355,90.0,18,5.0,10.0,2.0,True,0.1956529701503679,0.5686195013805992,0.2880623548952448,19.80725247856731,,random,54
29,0.2880623548952448,580,122.63691880387645,77.36308119612355,90.0,18,5.0,10.0,2.0,True,0.1956529701503679,0.5686195013805992,0.2880623548952448,19.80725247856731,,random,54
30,0.2880623548952448,600,122.63691880387645,77.36308119612355,90.0,18,5.0,10.0,2.0,True,0.1956529701503679,0.5686195013805992,0.2880623548952448,19.80725247856731,,random,54
1,0.30280235000596034,20,146.67157632215586,53.32842367784414,90.0,18,45.0,90.0,2.0,True,0.18667034181143857,0.603167898498738,0.30280235000596034,20.624561846355906,,random,55
2,0.2864317743427113,40,136.52753311114495,63.47246688885505,90.0,18,15.0,15.0,1.0,True,0.19569252049123304,0.5816452284371022,0.2864317743427113,19.707529337865438,,random,55
3,0.2864317743427113,60,136.52753311114495,63.47246688885505,90.0,18,15.0,15.0,1.0,True,0.19569252049123304,0.5816452284371022,0.2864317743427113,19.707529337865438,,random,55
4,0.2864317743427113,80,136.52753311114495,63.47246688885505,90.0,18,15.0,15.0,1.0,True,0.19569252049123304,0.5816452284371022,0.2864317743427113,19.707529337865438,,random,55
5,0.2864317743427113,100,136.52753311114495,63.47246688885505,90.0,18,15.0,15.0,1.0,True,0.19569252049123304,0.5816452284371022,0.2864317743427113,19.707529337865438,,random,55
6,0.2864317743427113,120,136.52753311114495,63.47246688885505,90.0,18,15.0,15.0,1.0,True,0.19569252049123304,0.5816452284371022,0.2864317743427113,19.707529337865438,,random,55
7,0.2864317743427113,140,136.52753311114495,63.47246688885505,90.0,18,15.0,15.0,1.0,True,0.19569252049123304,0.5816452284371022,0.2864317743427113,19.707529337865438,,random,55
8,0.2864317743427113,160,136.52753311114495,63.47246688885505,90.0,18,15.0,15.0,1.0,True,0.19569252049123304,0.5816452284371022,0.2864317743427113,19.707529337865438,,random,55
9,0.2864317743427113,180,136.52753311114495,63.47246688885505,90.0,18,15.0,15.0,1.0,True,0.19569252049123304,0.5816452284371022,0.2864317743427113,19.707529337865438,,random,55
10,0.2864317743427113,200,136.52753311114495,63.47246688885505,90.0,18,15.0,15.0,1.0,True,0.19569252049123304,0.5816452284371022,0.2864317743427113,19.707529337865438,,random,55
11,0.2864317743427113,220,136.52753311114495,63.47246688885505,90.0,18,15.0,15.0,1.0,True,0.19569252049123304,0.5816452284371022,0.2864317743427113,19.707529337865438,,random,55
12,0.2864317743427113,240,136.52753311114495,63.47246688885505,90.0,18,15.0,15.0,1.0,True,0.19569252049123304,0.5816452284371022,0.2864317743427113,19.707529337865438,,random,55
13,0.2864317743427113,260,136.52753311114495,63.47246688885505,90.0,18,15.0,15.0,1.0,True,0.19569252049123304,0.5816452284371022,0.2864317743427113,19.707529337865438,,random,55
14,0.2864317743427113,280,136.52753311114495,63.47246688885505,90.0,18,15.0,15.0,1.0,True,0.19569252049123304,0.5816452284371022,0.2864317743427113,19.707529337865438,,random,55
15,0.2864317743427113,300,136.52753311114495,63.47246688885505,90.0,18,15.0,15.0,1.0,True,0.19569252049123304,0.5816452284371022,0.2864317743427113,19.707529337865438,,random,55
16,0.2864317743427113,320,136.52753311114495,63.47246688885505,90.0,18,15.0,15.0,1.0,True,0.19569252049123304,0.5816452284371022,0.2864317743427113,19.707529337865438,,random,55
17,0.2864317743427113,340,136.52753311114495,63.47246688885505,90.0,18,15.0,15.0,1.0,True,0.19569252049123304,0.5816452284371022,0.2864317743427113,19.707529337865438,,random,55
18,0.2864317743427113,360,136.52753311114495,63.47246688885505,90.0,18,15.0,15.0,1.0,True,0.19569252049123304,0.5816452284371022,0.2864317743427113,19.707529337865438,,random,55
19,0.2864317743427113,380,136.52753311114495,63.47246688885505,90.0,18,15.0,15.0,1.0,True,0.19569252049123304,0.5816452284371022,0.2864317743427113,19.707529337865438,,random,55
20,0.2864317743427113,400,136.52753311114495,63.47246688885505,90.0,18,15.0,15.0,1.0,True,0.19569252049123304,0.5816452284371022,0.2864317743427113,19.707529337865438,,random,55
21,0.2864317743427113,420,136.52753311114495,63.47246688885505,90.0,18,15.0,15.0,1.0,True,0.19569252049123304,0.5816452284371022,0.2864317743427113,19.707529337865438,,random,55
22,0.2864317743427113,440,136.52753311114495,63.47246688885505,90.0,18,15.0,15.0,1.0,True,0.19569252049123304,0.5816452284371022,0.2864317743427113,19.707529337865438,,random,55
23,0.2864317743427113,460,136.52753311114495,63.47246688885505,90.0,18,15.0,15.0,1.0,True,0.19569252049123304,0.5816452284371022,0.2864317743427113,19.707529337865438,,random,55
24,0.2864317743427113,480,136.52753311114495,63.47246688885505,90.0,18,15.0,15.0,1.0,True,0.19569252049123304,0.5816452284371022,0.2864317743427113,19.707529337865438,,random,55
25,0.2864317743427113,500,136.52753311114495,63.47246688885505,90.0,18,15.0,15.0,1.0,True,0.19569252049123304,0.5816452284371022,0.2864317743427113,19.707529337865438,,random,55
26,0.2864317743427113,520,136.52753311114495,63.47246688885505,90.0,18,15.0,15.0,1.0,True,0.19569252049123304,0.5816452284371022,0.2864317743427113,19.707529337865438,,random,55
27,0.2864317743427113,540,136.52753311114495,63.47246688885505,90.0,18,15.0,15.0,1.0,True,0.19569252049123304,0.5816452284371022,0.2864317743427113,19.707529337865438,,random,55
28,0.2864317743427113,560,136.52753311114495,63.47246688885505,90.0,18,15.0,15.0,1.0,True,0.19569252049123304,0.5816452284371022,0.2864317743427113,19.707529337865438,,random,55
29,0.2864317743427113,580,136.52753311114495,63.47246688885505,90.0,18,15.0,15.0,1.0,True,0.19569252049123304,0.5816452284371022,0.2864317743427113,19.707529337865438,,random,55
30,0.2864317743427113,600,136.52753311114495,63.47246688885505,90.0,18,15.0,15.0,1.0,True,0.19569252049123304,0.5816452284371022,0.2864317743427113,19.707529337865438,,random,55
1,0.31448350822977544,20,114.86619074722795,85.13380925277205,85.0,17,40.0,80.0,2.0,True,0.15220828736710015,0.6073961264014324,0.31448350822977544,20.541328856434077,,random,56
2,0.30211366321284217,40,134.53253711622523,65.46746288377477,90.0,18,35.0,70.0,2.0,True,0.17092934553709996,0.5995684812110922,0.30211366321284217,20.180349519536637,,random,56
3,0.2889005785717825,60,119.63633188369352,80.36366811630648,85.0,17,10.0,20.0,2.0,True,0.19216960887330173,0.5925254139115695,0.2889005785717825,19.7863690206203,,random,56
4,0.2889005785717825,80,119.63633188369352,80.36366811630648,85.0,17,10.0,20.0,2.0,True,0.19216960887330173,0.5925254139115695,0.2889005785717825,19.7863690206203,,random,56
5,0.2889005785717825,100,119.63633188369352,80.36366811630648,85.0,17,10.0,20.0,2.0,True,0.19216960887330173,0.5925254139115695,0.2889005785717825,19.7863690206203,,random,56
6,0.2889005785717825,120,119.63633188369352,80.36366811630648,85.0,17,10.0,20.0,2.0,True,0.19216960887330173,0.5925254139115695,0.2889005785717825,19.7863690206203,,random,56
7,0.2889005785717825,140,119.63633188369352,80.36366811630648,85.0,17,10.0,20.0,2.0,True,0.19216960887330173,0.5925254139115695,0.2889005785717825,19.7863690206203,,random,56
8,0.2889005785717825,160,119.63633188369352,80.36366811630648,85.0,17,10.0,20.0,2.0,True,0.19216960887330173,0.5925254139115695,0.2889005785717825,19.7863690206203,,random,56
9,0.2889005785717825,180,119.63633188369352,80.36366811630648,85.0,17,10.0,20.0,2.0,True,0.19216960887330173,0.5925254139115695,0.2889005785717825,19.7863690206203,,random,56
10,0.2889005785717825,200,119.63633188369352,80.36366811630648,85.0,17,10.0,20.0,2.0,True,0.19216960887330173,0.5925254139115695,0.2889005785717825,19.7863690206203,,random,56
11,0.2889005785717825,220,119.63633188369352,80.36366811630648,85.0,17,10.0,20.0,2.0,True,0.19216960887330173,0.5925254139115695,0.2889005785717825,19.7863690206203,,random,56
12,0.2889005785717825,240,119.63633188369352,80.36366811630648,85.0,17,10.0,20.0,2.0,True,0.19216960887330173,0.5925254139115695,0.2889005785717825,19.7863690206203,,random,56
13,0.2889005785717825,260,119.63633188369352,80.36366811630648,85.0,17,10.0,20.0,2.0,True,0.19216960887330173,0.5925254139115695,0.2889005785717825,19.7863690206203,,random,56
14,0.2889005785717825,280,119.63633188369352,80.36366811630648,85.0,17,10.0,20.0,2.0,True,0.19216960887330173,0.5925254139115695,0.2889005785717825,19.7863690206203,,random,56
15,0.2889005785717825,300,119.63633188369352,80.36366811630648,85.0,17,10.0,20.0,2.0,True,0.19216960887330173,0.5925254139115695,0.2889005785717825,19.7863690206203,,random,56
16,0.2889005785717825,320,119.63633188369352,80.36366811630648,85.0,17,10.0,20.0,2.0,True,0.19216960887330173,0.5925254139115695,0.2889005785717825,19.7863690206203,,random,56
17,0.2889005785717825,340,119.63633188369352,80.36366811630648,85.0,17,10.0,20.0,2.0,True,0.19216960887330173,0.5925254139115695,0.2889005785717825,19.7863690206203,,random,56
18,0.2889005785717825,360,119.63633188369352,80.36366811630648,85.0,17,10.0,20.0,2.0,True,0.19216960887330173,0.5925254139115695,0.2889005785717825,19.7863690206203,,random,56
19,0.2889005785717825,380,119.63633188369352,80.36366811630648,85.0,17,10.0,20.0,2.0,True,0.19216960887330173,0.5925254139115695,0.2889005785717825,19.7863690206203,,random,56
20,0.2889005785717825,400,119.63633188369352,80.36366811630648,85.0,17,10.0,20.0,2.0,True,0.19216960887330173,0.5925254139115695,0.2889005785717825,19.7863690206203,,random,56
21,0.2889005785717825,420,119.63633188369352,80.36366811630648,85.0,17,10.0,20.0,2.0,True,0.19216960887330173,0.5925254139115695,0.2889005785717825,19.7863690206203,,random,56
22,0.2889005785717825,440,119.63633188369352,80.36366811630648,85.0,17,10.0,20.0,2.0,True,0.19216960887330173,0.5925254139115695,0.2889005785717825,19.7863690206203,,random,56
23,0.2889005785717825,460,119.63633188369352,80.36366811630648,85.0,17,10.0,20.0,2.0,True,0.19216960887330173,0.5925254139115695,0.2889005785717825,19.7863690206203,,random,56
24,0.2889005785717825,480,119.63633188369352,80.36366811630648,85.0,17,10.0,20.0,2.0,True,0.19216960887330173,0.5925254139115695,0.2889005785717825,19.7863690206203,,random,56
25,0.2889005785717825,500,119.63633188369352,80.36366811630648,85.0,17,10.0,20.0,2.0,True,0.19216960887330173,0.5925254139115695,0.2889005785717825,19.7863690206203,,random,56
26,0.2889005785717825,520,119.63633188369352,80.36366811630648,85.0,17,10.0,20.0,2.0,True,0.19216960887330173,0.5925254139115695,0.2889005785717825,19.7863690206203,,random,56
27,0.2889005785717825,540,119.63633188369352,80.36366811630648,85.0,17,10.0,20.0,2.0,True,0.19216960887330173,0.5925254139115695,0.2889005785717825,19.7863690206203,,random,56
28,0.2889005785717825,560,119.63633188369352,80.36366811630648,85.0,17,10.0,20.0,2.0,True,0.19216960887330173,0.5925254139115695,0.2889005785717825,19.7863690206203,,random,56
29,0.2889005785717825,580,119.63633188369352,80.36366811630648,85.0,17,10.0,20.0,2.0,True,0.19216960887330173,0.5925254139115695,0.2889005785717825,19.7863690206203,,random,56
30,0.2889005785717825,600,119.63633188369352,80.36366811630648,85.0,17,10.0,20.0,2.0,True,0.19216960887330173,0.5925254139115695,0.2889005785717825,19.7863690206203,,random,56
1,0.31854652396018335,20,136.83334063110834,63.16665936889166,95.0,19,25.0,100.0,4.0,True,0.1442291401912944,0.582452351768238,0.31854652396018335,20.61210155585368,,random,57
2,0.29795341881624215,40,170.74773183902897,29.252268160971028,100.0,20,45.0,90.0,2.0,True,0.19485937496393524,0.5795548552954787,0.29795341881624215,20.507522178984534,,random,57
3,0.29795341881624215,60,170.74773183902897,29.252268160971028,100.0,20,45.0,90.0,2.0,True,0.19485937496393524,0.5795548552954787,0.29795341881624215,20.507522178984534,,random,57
4,0.29795341881624215,80,170.74773183902897,29.252268160971028,100.0,20,45.0,90.0,2.0,True,0.19485937496393524,0.5795548552954787,0.29795341881624215,20.507522178984534,,random,57
5,0.29795341881624215,100,170.74773183902897,29.252268160971028,100.0,20,45.0,90.0,2.0,True,0.19485937496393524,0.5795548552954787,0.29795341881624215,20.507522178984534,,random,57
6,0.29202675774171516,120,114.03857609816579,85.96142390183421,85.0,17,15.0,15.0,1.0,True,0.17881983053212966,0.5919123990883595,0.29202675774171516,19.678914668839,,random,57
7,0.29202675774171516,140,114.03857609816579,85.96142390183421,85.0,17,15.0,15.0,1.0,True,0.17881983053212966,0.5919123990883595,0.29202675774171516,19.678914668839,,random,57
8,0.29202675774171516,160,114.03857609816579,85.96142390183421,85.0,17,15.0,15.0,1.0,True,0.17881983053212966,0.5919123990883595,0.29202675774171516,19.678914668839,,random,57
9,0.29202675774171516,180,114.03857609816579,85.96142390183421,85.0,17,15.0,15.0,1.0,True,0.17881983053212966,0.5919123990883595,0.29202675774171516,19.678914668839,,random,57
10,0.29202675774171516,200,114.03857609816579,85.96142390183421,85.0,17,15.0,15.0,1.0,True,0.17881983053212966,0.5919123990883595,0.29202675774171516,19.678914668839,,random,57
11,0.29202675774171516,220,114.03857609816579,85.96142390183421,85.0,17,15.0,15.0,1.0,True,0.17881983053212966,0.5919123990883595,0.29202675774171516,19.678914668839,,random,57
12,0.28452225906833956,240,143.21547275814055,56.78452724185945,90.0,18,20.0,40.0,2.0,True,0.19753853444678646,0.6006153076928629,0.28452225906833956,19.632414808774268,,random,57
13,0.28452225906833956,260,143.21547275814055,56.78452724185945,90.0,18,20.0,40.0,2.0,True,0.19753853444678646,0.6006153076928629,0.28452225906833956,19.632414808774268,,random,57
14,0.28452225906833956,280,143.21547275814055,56.78452724185945,90.0,18,20.0,40.0,2.0,True,0.19753853444678646,0.6006153076928629,0.28452225906833956,19.632414808774268,,random,57
15,0.28452225906833956,300,143.21547275814055,56.78452724185945,90.0,18,20.0,40.0,2.0,True,0.19753853444678646,0.6006153076928629,0.28452225906833956,19.632414808774268,,random,57
16,0.28452225906833956,320,143.21547275814055,56.78452724185945,90.0,18,20.0,40.0,2.0,True,0.19753853444678646,0.6006153076928629,0.28452225906833956,19.632414808774268,,random,57
17,0.28452225906833956,340,143.21547275814055,56.78452724185945,90.0,18,20.0,40.0,2.0,True,0.19753853444678646,0.6006153076928629,0.28452225906833956,19.632414808774268,,random,57
18,0.28452225906833956,360,143.21547275814055,56.78452724185945,90.0,18,20.0,40.0,2.0,True,0.19753853444678646,0.6006153076928629,0.28452225906833956,19.632414808774268,,random,57
19,0.28452225906833956,380,143.21547275814055,56.78452724185945,90.0,18,20.0,40.0,2.0,True,0.19753853444678646,0.6006153076928629,0.28452225906833956,19.632414808774268,,random,57
20,0.28452225906833956,400,143.21547275814055,56.78452724185945,90.0,18,20.0,40.0,2.0,True,0.19753853444678646,0.6006153076928629,0.28452225906833956,19.632414808774268,,random,57
21,0.28452225906833956,420,143.21547275814055,56.78452724185945,90.0,18,20.0,40.0,2.0,True,0.19753853444678646,0.6006153076928629,0.28452225906833956,19.632414808774268,,random,57
22,0.28452225906833956,440,143.21547275814055,56.78452724185945,90.0,18,20.0,40.0,2.0,True,0.19753853444678646,0.6006153076928629,0.28452225906833956,19.632414808774268,,random,57
23,0.28452225906833956,460,143.21547275814055,56.78452724185945,90.0,18,20.0,40.0,2.0,True,0.19753853444678646,0.6006153076928629,0.28452225906833956,19.632414808774268,,random,57
24,0.28452225906833956,480,143.21547275814055,56.78452724185945,90.0,18,20.0,40.0,2.0,True,0.19753853444678646,0.6006153076928629,0.28452225906833956,19.632414808774268,,random,57
25,0.28452225906833956,500,143.21547275814055,56.78452724185945,90.0,18,20.0,40.0,2.0,True,0.19753853444678646,0.6006153076928629,0.28452225906833956,19.632414808774268,,random,57
26,0.28452225906833956,520,143.21547275814055,56.78452724185945,90.0,18,20.0,40.0,2.0,True,0.19753853444678646,0.6006153076928629,0.28452225906833956,19.632414808774268,,random,57
27,0.28452225906833956,540,143.21547275814055,56.78452724185945,90.0,18,20.0,40.0,2.0,True,0.19753853444678646,0.6006153076928629,0.28452225906833956,19.632414808774268,,random,57
28,0.28452225906833956,560,143.21547275814055,56.78452724185945,90.0,18,20.0,40.0,2.0,True,0.19753853444678646,0.6006153076928629,0.28452225906833956,19.632414808774268,,random,57
29,0.28452225906833956,580,143.21547275814055,56.78452724185945,90.0,18,20.0,40.0,2.0,True,0.19753853444678646,0.6006153076928629,0.28452225906833956,19.632414808774268,,random,57
30,0.28452225906833956,600,143.21547275814055,56.78452724185945,90.0,18,20.0,40.0,2.0,True,0.19753853444678646,0.6006153076928629,0.28452225906833956,19.632414808774268,,random,57
1,0.30386664520554346,20,136.36801798070448,63.63198201929552,95.0,19,40.0,40.0,1.0,True,0.15537760378683385,0.5764116440737106,0.30386664520554346,19.919636266152995,,random,58
2,0.30386664520554346,40,136.36801798070448,63.63198201929552,95.0,19,40.0,40.0,1.0,True,0.15537760378683385,0.5764116440737106,0.30386664520554346,19.919636266152995,,random,58
3,0.2955183867313664,60,134.70564491737932,65.29435508262068,85.0,17,20.0,80.0,4.0,True,0.19389708817592552,0.6177720913327868,0.2955183867313664,20.302247084742238,,random,58
4,0.29531609544820725,80,103.90125762412477,96.09874237587523,85.0,17,5.0,5.0,1.0,True,0.18670180005980108,0.5682778554934949,0.29531609544820725,20.081960879820592,,random,58
5,0.29531609544820725,100,103.90125762412477,96.09874237587523,85.0,17,5.0,5.0,1.0,True,0.18670180005980108,0.5682778554934949,0.29531609544820725,20.081960879820592,,random,58
6,0.29531609544820725,120,103.90125762412477,96.09874237587523,85.0,17,5.0,5.0,1.0,True,0.18670180005980108,0.5682778554934949,0.29531609544820725,20.081960879820592,,random,58
7,0.29531609544820725,140,103.90125762412477,96.09874237587523,85.0,17,5.0,5.0,1.0,True,0.18670180005980108,0.5682778554934949,0.29531609544820725,20.081960879820592,,random,58
8,0.29531609544820725,160,103.90125762412477,96.09874237587523,85.0,17,5.0,5.0,1.0,True,0.18670180005980108,0.5682778554934949,0.29531609544820725,20.081960879820592,,random,58
9,0.29531609544820725,180,103.90125762412477,96.09874237587523,85.0,17,5.0,5.0,1.0,True,0.18670180005980108,0.5682778554934949,0.29531609544820725,20.081960879820592,,random,58
10,0.29531609544820725,200,103.90125762412477,96.09874237587523,85.0,17,5.0,5.0,1.0,True,0.18670180005980108,0.5682778554934949,0.29531609544820725,20.081960879820592,,random,58
11,0.29531609544820725,220,103.90125762412477,96.09874237587523,85.0,17,5.0,5.0,1.0,True,0.18670180005980108,0.5682778554934949,0.29531609544820725,20.081960879820592,,random,58
12,0.29531609544820725,240,103.90125762412477,96.09874237587523,85.0,17,5.0,5.0,1.0,True,0.18670180005980108,0.5682778554934949,0.29531609544820725,20.081960879820592,,random,58
13,0.2945842470723715,260,93.47781971619682,106.52218028380318,75.0,15,20.0,20.0,1.0,True,0.18457090542969748,0.6201339954084056,0.2945842470723715,19.99906570094883,,random,58
14,0.2945842470723715,280,93.47781971619682,106.52218028380318,75.0,15,20.0,20.0,1.0,True,0.18457090542969748,0.6201339954084056,0.2945842470723715,19.99906570094883,,random,58
15,0.2945842470723715,300,93.47781971619682,106.52218028380318,75.0,15,20.0,20.0,1.0,True,0.18457090542969748,0.6201339954084056,0.2945842470723715,19.99906570094883,,random,58
16,0.2945842470723715,320,93.47781971619682,106.52218028380318,75.0,15,20.0,20.0,1.0,True,0.18457090542969748,0.6201339954084056,0.2945842470723715,19.99906570094883,,random,58
17,0.2928733311782136,340,113.7755948682712,86.2244051317288,90.0,18,0.0,0.0,4.0,True,0.19927784798778891,0.5473874178511832,0.2928733311782136,20.225968971377373,,random,58
18,0.2928733311782136,360,113.7755948682712,86.2244051317288,90.0,18,0.0,0.0,4.0,True,0.19927784798778891,0.5473874178511832,0.2928733311782136,20.225968971377373,,random,58
19,0.288031353628693,380,155.18728910707273,44.81271089292727,95.0,19,40.0,40.0,1.0,True,0.19596571851536643,0.5854463744409154,0.288031353628693,19.841990321437414,,random,58
20,0.288031353628693,400,155.18728910707273,44.81271089292727,95.0,19,40.0,40.0,1.0,True,0.19596571851536643,0.5854463744409154,0.288031353628693,19.841990321437414,,random,58
21,0.288031353628693,420,155.18728910707273,44.81271089292727,95.0,19,40.0,40.0,1.0,True,0.19596571851536643,0.5854463744409154,0.288031353628693,19.841990321437414,,random,58
22,0.28390246608904957,440,142.58415713339824,57.415842866601764,95.0,19,15.0,15.0,1.0,True,0.19547030978440233,0.5724970093860201,0.28390246608904957,19.527530841698876,,random,58
23,0.28390246608904957,460,142.58415713339824,57.415842866601764,95.0,19,15.0,15.0,1.0,True,0.19547030978440233,0.5724970093860201,0.28390246608904957,19.527530841698876,,random,58
24,0.28390246608904957,480,142.58415713339824,57.415842866601764,95.0,19,15.0,15.0,1.0,True,0.19547030978440233,0.5724970093860201,0.28390246608904957,19.527530841698876,,random,58
25,0.28390246608904957,500,142.58415713339824,57.415842866601764,95.0,19,15.0,15.0,1.0,True,0.19547030978440233,0.5724970093860201,0.28390246608904957,19.527530841698876,,random,58
26,0.28390246608904957,520,142.58415713339824,57.415842866601764,95.0,19,15.0,15.0,1.0,True,0.19547030978440233,0.5724970093860201,0.28390246608904957,19.527530841698876,,random,58
27,0.28390246608904957,540,142.58415713339824,57.415842866601764,95.0,19,15.0,15.0,1.0,True,0.19547030978440233,0.5724970093860201,0.28390246608904957,19.527530841698876,,random,58
28,0.28390246608904957,560,142.58415713339824,57.415842866601764,95.0,19,15.0,15.0,1.0,True,0.19547030978440233,0.5724970093860201,0.28390246608904957,19.527530841698876,,random,58
29,0.28390246608904957,580,142.58415713339824,57.415842866601764,95.0,19,15.0,15.0,1.0,True,0.19547030978440233,0.5724970093860201,0.28390246608904957,19.527530841698876,,random,58
30,0.28390246608904957,600,142.58415713339824,57.415842866601764,95.0,19,15.0,15.0,1.0,True,0.19547030978440233,0.5724970093860201,0.28390246608904957,19.527530841698876,,random,58
1,0.29663711342948007,20,156.84354108370243,43.15645891629757,95.0,19,35.0,70.0,2.0,True,0.18931570016698007,0.5870054758750833,0.29663711342948007,20.270392532393426,,random,59
2,0.29663711342948007,40,156.84354108370243,43.15645891629757,95.0,19,35.0,70.0,2.0,True,0.18931570016698007,0.5870054758750833,0.29663711342948007,20.270392532393426,,random,59
3,0.29663711342948007,60,156.84354108370243,43.15645891629757,95.0,19,35.0,70.0,2.0,True,0.18931570016698007,0.5870054758750833,0.29663711342948007,20.270392532393426,,random,59
4,0.28816024516619776,80,122.84995597152269,77.15004402847731,90.0,18,5.0,10.0,2.0,True,0.19579712180901715,0.5684047847890119,0.28816024516619776,19.81756242974005,,random,59
5,0.28816024516619776,100,122.84995597152269,77.15004402847731,90.0,18,5.0,10.0,2.0,True,0.19579712180901715,0.5684047847890119,0.28816024516619776,19.81756242974005,,random,59
6,0.28816024516619776,120,122.84995597152269,77.15004402847731,90.0,18,5.0,10.0,2.0,True,0.19579712180901715,0.5684047847890119,0.28816024516619776,19.81756242974005,,random,59
7,0.28816024516619776,140,122.84995597152269,77.15004402847731,90.0,18,5.0,10.0,2.0,True,0.19579712180901715,0.5684047847890119,0.28816024516619776,19.81756242974005,,random,59
8,0.28816024516619776,160,122.84995597152269,77.15004402847731,90.0,18,5.0,10.0,2.0,True,0.19579712180901715,0.5684047847890119,0.28816024516619776,19.81756242974005,,random,59
9,0.28816024516619776,180,122.84995597152269,77.15004402847731,90.0,18,5.0,10.0,2.0,True,0.19579712180901715,0.5684047847890119,0.28816024516619776,19.81756242974005,,random,59
10,0.28816024516619776,200,122.84995597152269,77.15004402847731,90.0,18,5.0,10.0,2.0,True,0.19579712180901715,0.5684047847890119,0.28816024516619776,19.81756242974005,,random,59
11,0.28816024516619776,220,122.84995597152269,77.15004402847731,90.0,18,5.0,10.0,2.0,True,0.19579712180901715,0.5684047847890119,0.28816024516619776,19.81756242974005,,random,59
12,0.28816024516619776,240,122.84995597152269,77.15004402847731,90.0,18,5.0,10.0,2.0,True,0.19579712180901715,0.5684047847890119,0.28816024516619776,19.81756242974005,,random,59
13,0.28816024516619776,260,122.84995597152269,77.15004402847731,90.0,18,5.0,10.0,2.0,True,0.19579712180901715,0.5684047847890119,0.28816024516619776,19.81756242974005,,random,59
14,0.28816024516619776,280,122.84995597152269,77.15004402847731,90.0,18,5.0,10.0,2.0,True,0.19579712180901715,0.5684047847890119,0.28816024516619776,19.81756242974005,,random,59
15,0.286887612187443,300,138.6314226115169,61.36857738848309,90.0,18,30.0,30.0,1.0,True,0.18865626152952364,0.5974915451087858,0.286887612187443,19.57911997655191,,random,59
16,0.286887612187443,320,138.6314226115169,61.36857738848309,90.0,18,30.0,30.0,1.0,True,0.18865626152952364,0.5974915451087858,0.286887612187443,19.57911997655191,,random,59
17,0.286887612187443,340,138.6314226115169,61.36857738848309,90.0,18,30.0,30.0,1.0,True,0.18865626152952364,0.5974915451087858,0.286887612187443,19.57911997655191,,random,59
18,0.286887612187443,360,138.6314226115169,61.36857738848309,90.0,18,30.0,30.0,1.0,True,0.18865626152952364,0.5974915451087858,0.286887612187443,19.57911997655191,,random,59
19,0.286887612187443,380,138.6314226115169,61.36857738848309,90.0,18,30.0,30.0,1.0,True,0.18865626152952364,0.5974915451087858,0.286887612187443,19.57911997655191,,random,59
20,0.286887612187443,400,138.6314226115169,61.36857738848309,90.0,18,30.0,30.0,1.0,True,0.18865626152952364,0.5974915451087858,0.286887612187443,19.57911997655191,,random,59
21,0.286887612187443,420,138.6314226115169,61.36857738848309,90.0,18,30.0,30.0,1.0,True,0.18865626152952364,0.5974915451087858,0.286887612187443,19.57911997655191,,random,59
22,0.286887612187443,440,138.6314226115169,61.36857738848309,90.0,18,30.0,30.0,1.0,True,0.18865626152952364,0.5974915451087858,0.286887612187443,19.57911997655191,,random,59
23,0.286887612187443,460,138.6314226115169,61.36857738848309,90.0,18,30.0,30.0,1.0,True,0.18865626152952364,0.5974915451087858,0.286887612187443,19.57911997655191,,random,59
24,0.286887612187443,480,138.6314226115169,61.36857738848309,90.0,18,30.0,30.0,1.0,True,0.18865626152952364,0.5974915451087858,0.286887612187443,19.57911997655191,,random,59
25,0.286887612187443,500,138.6314226115169,61.36857738848309,90.0,18,30.0,30.0,1.0,True,0.18865626152952364,0.5974915451087858,0.286887612187443,19.57911997655191,,random,59
26,0.286887612187443,520,138.6314226115169,61.36857738848309,90.0,18,30.0,30.0,1.0,True,0.18865626152952364,0.5974915451087858,0.286887612187443,19.57911997655191,,random,59
27,0.286887612187443,540,138.6314226115169,61.36857738848309,90.0,18,30.0,30.0,1.0,True,0.18865626152952364,0.5974915451087858,0.286887612187443,19.57911997655191,,random,59
28,0.286887612187443,560,138.6314226115169,61.36857738848309,90.0,18,30.0,30.0,1.0,True,0.18865626152952364,0.5974915451087858,0.286887612187443,19.57911997655191,,random,59
29,0.286887612187443,580,138.6314226115169,61.36857738848309,90.0,18,30.0,30.0,1.0,True,0.18865626152952364,0.5974915451087858,0.286887612187443,19.57911997655191,,random,59
30,0.286887612187443,600,138.6314226115169,61.36857738848309,90.0,18,30.0,30.0,1.0,True,0.18865626152952364,0.5974915451087858,0.286887612187443,19.57911997655191,,random,59
1,0.3270161307753559,20,96.12186061265075,103.87813938734925,95.0,19,5.0,20.0,4.0,True,0.13708630593827242,0.5178777362717804,0.3270161307753559,20.959195717466077,,random,60
2,0.30169202137863604,40,122.83008713285287,77.16991286714713,90.0,18,40.0,40.0,1.0,True,0.15653393984093067,0.5921152732097456,0.30169202137863604,19.802913291177667,,random,60
3,0.30169202137863604,60,122.83008713285287,77.16991286714713,90.0,18,40.0,40.0,1.0,True,0.15653393984093067,0.5921152732097456,0.30169202137863604,19.802913291177667,,random,60
4,0.30169202137863604,80,122.83008713285287,77.16991286714713,90.0,18,40.0,40.0,1.0,True,0.15653393984093067,0.5921152732097456,0.30169202137863604,19.802913291177667,,random,60
5,0.30169202137863604,100,122.83008713285287,77.16991286714713,90.0,18,40.0,40.0,1.0,True,0.15653393984093067,0.5921152732097456,0.30169202137863604,19.802913291177667,,random,60
6,0.2909182012277473,120,116.66946255861971,83.33053744138029,80.0,16,15.0,30.0,2.0,True,0.19009567314009654,0.6157614936309804,0.2909182012277473,19.88268400700752,,random,60
7,0.2909182012277473,140,116.66946255861971,83.33053744138029,80.0,16,15.0,30.0,2.0,True,0.19009567314009654,0.6157614936309804,0.2909182012277473,19.88268400700752,,random,60
8,0.2909182012277473,160,116.66946255861971,83.33053744138029,80.0,16,15.0,30.0,2.0,True,0.19009567314009654,0.6157614936309804,0.2909182012277473,19.88268400700752,,random,60
9,0.29086221997787326,180,144.25051550307367,55.74948449692633,95.0,19,30.0,30.0,1.0,True,0.17757857735546423,0.5821031133421625,0.29086221997787326,19.58329272044934,,random,60
10,0.29086221997787326,200,144.25051550307367,55.74948449692633,95.0,19,30.0,30.0,1.0,True,0.17757857735546423,0.5821031133421625,0.29086221997787326,19.58329272044934,,random,60
11,0.29086221997787326,220,144.25051550307367,55.74948449692633,95.0,19,30.0,30.0,1.0,True,0.17757857735546423,0.5821031133421625,0.29086221997787326,19.58329272044934,,random,60
12,0.29086221997787326,240,144.25051550307367,55.74948449692633,95.0,19,30.0,30.0,1.0,True,0.17757857735546423,0.5821031133421625,0.29086221997787326,19.58329272044934,,random,60
13,0.29086221997787326,260,144.25051550307367,55.74948449692633,95.0,19,30.0,30.0,1.0,True,0.17757857735546423,0.5821031133421625,0.29086221997787326,19.58329272044934,,random,60
14,0.29086221997787326,280,144.25051550307367,55.74948449692633,95.0,19,30.0,30.0,1.0,True,0.17757857735546423,0.5821031133421625,0.29086221997787326,19.58329272044934,,random,60
15,0.29086221997787326,300,144.25051550307367,55.74948449692633,95.0,19,30.0,30.0,1.0,True,0.17757857735546423,0.5821031133421625,0.29086221997787326,19.58329272044934,,random,60
16,0.29086221997787326,320,144.25051550307367,55.74948449692633,95.0,19,30.0,30.0,1.0,True,0.17757857735546423,0.5821031133421625,0.29086221997787326,19.58329272044934,,random,60
17,0.29086221997787326,340,144.25051550307367,55.74948449692633,95.0,19,30.0,30.0,1.0,True,0.17757857735546423,0.5821031133421625,0.29086221997787326,19.58329272044934,,random,60
18,0.29086221997787326,360,144.25051550307367,55.74948449692633,95.0,19,30.0,30.0,1.0,True,0.17757857735546423,0.5821031133421625,0.29086221997787326,19.58329272044934,,random,60
19,0.29086221997787326,380,144.25051550307367,55.74948449692633,95.0,19,30.0,30.0,1.0,True,0.17757857735546423,0.5821031133421625,0.29086221997787326,19.58329272044934,,random,60
20,0.29086221997787326,400,144.25051550307367,55.74948449692633,95.0,19,30.0,30.0,1.0,True,0.17757857735546423,0.5821031133421625,0.29086221997787326,19.58329272044934,,random,60
21,0.29086221997787326,420,144.25051550307367,55.74948449692633,95.0,19,30.0,30.0,1.0,True,0.17757857735546423,0.5821031133421625,0.29086221997787326,19.58329272044934,,random,60
22,0.28428708630571814,440,132.6803140326175,67.3196859673825,90.0,18,10.0,20.0,2.0,True,0.19839521107456656,0.5842193572910233,0.28428708630571814,19.621152974999905,,random,60
23,0.28428708630571814,460,132.6803140326175,67.3196859673825,90.0,18,10.0,20.0,2.0,True,0.19839521107456656,0.5842193572910233,0.28428708630571814,19.621152974999905,,random,60
24,0.28428708630571814,480,132.6803140326175,67.3196859673825,90.0,18,10.0,20.0,2.0,True,0.19839521107456656,0.5842193572910233,0.28428708630571814,19.621152974999905,,random,60
25,0.28428708630571814,500,132.6803140326175,67.3196859673825,90.0,18,10.0,20.0,2.0,True,0.19839521107456656,0.5842193572910233,0.28428708630571814,19.621152974999905,,random,60
26,0.28428708630571814,520,132.6803140326175,67.3196859673825,90.0,18,10.0,20.0,2.0,True,0.19839521107456656,0.5842193572910233,0.28428708630571814,19.621152974999905,,random,60
27,0.28428708630571814,540,132.6803140326175,67.3196859673825,90.0,18,10.0,20.0,2.0,True,0.19839521107456656,0.5842193572910233,0.28428708630571814,19.621152974999905,,random,60
28,0.28428708630571814,560,132.6803140326175,67.3196859673825,90.0,18,10.0,20.0,2.0,True,0.19839521107456656,0.5842193572910233,0.28428708630571814,19.621152974999905,,random,60
29,0.28428708630571814,580,132.6803140326175,67.3196859673825,90.0,18,10.0,20.0,2.0,True,0.19839521107456656,0.5842193572910233,0.28428708630571814,19.621152974999905,,random,60
30,0.28428708630571814,600,132.6803140326175,67.3196859673825,90.0,18,10.0,20.0,2.0,True,0.19839521107456656,0.5842193572910233,0.28428708630571814,19.621152974999905,,random,60
1,0.2958030833402395,20,138.0826456513971,61.91735434860291,95.0,19,35.0,35.0,1.0,True,0.16555117016808013,0.5820810817972183,0.2958030833402395,19.62748580466581,,random,61
2,0.2958030833402395,40,138.0826456513971,61.91735434860291,95.0,19,35.0,35.0,1.0,True,0.16555117016808013,0.5820810817972183,0.2958030833402395,19.62748580466581,,random,61
3,0.28612698043578827,60,150.35144698998002,49.64855301001998,95.0,19,25.0,25.0,1.0,True,0.19044960864191796,0.5811617517419418,0.28612698043578827,19.570669743822723,,random,61
4,0.28612698043578827,80,150.35144698998002,49.64855301001998,95.0,19,25.0,25.0,1.0,True,0.19044960864191796,0.5811617517419418,0.28612698043578827,19.570669743822723,,random,61
5,0.28612698043578827,100,150.35144698998002,49.64855301001998,95.0,19,25.0,25.0,1.0,True,0.19044960864191796,0.5811617517419418,0.28612698043578827,19.570669743822723,,random,61
6,0.28612698043578827,120,150.35144698998002,49.64855301001998,95.0,19,25.0,25.0,1.0,True,0.19044960864191796,0.5811617517419418,0.28612698043578827,19.570669743822723,,random,61
7,0.28612698043578827,140,150.35144698998002,49.64855301001998,95.0,19,25.0,25.0,1.0,True,0.19044960864191796,0.5811617517419418,0.28612698043578827,19.570669743822723,,random,61
8,0.28612698043578827,160,150.35144698998002,49.64855301001998,95.0,19,25.0,25.0,1.0,True,0.19044960864191796,0.5811617517419418,0.28612698043578827,19.570669743822723,,random,61
9,0.28612698043578827,180,150.35144698998002,49.64855301001998,95.0,19,25.0,25.0,1.0,True,0.19044960864191796,0.5811617517419418,0.28612698043578827,19.570669743822723,,random,61
10,0.28612698043578827,200,150.35144698998002,49.64855301001998,95.0,19,25.0,25.0,1.0,True,0.19044960864191796,0.5811617517419418,0.28612698043578827,19.570669743822723,,random,61
11,0.28612698043578827,220,150.35144698998002,49.64855301001998,95.0,19,25.0,25.0,1.0,True,0.19044960864191796,0.5811617517419418,0.28612698043578827,19.570669743822723,,random,61
12,0.28612698043578827,240,150.35144698998002,49.64855301001998,95.0,19,25.0,25.0,1.0,True,0.19044960864191796,0.5811617517419418,0.28612698043578827,19.570669743822723,,random,61
13,0.28612698043578827,260,150.35144698998002,49.64855301001998,95.0,19,25.0,25.0,1.0,True,0.19044960864191796,0.5811617517419418,0.28612698043578827,19.570669743822723,,random,61
14,0.28612698043578827,280,150.35144698998002,49.64855301001998,95.0,19,25.0,25.0,1.0,True,0.19044960864191796,0.5811617517419418,0.28612698043578827,19.570669743822723,,random,61
15,0.28612698043578827,300,150.35144698998002,49.64855301001998,95.0,19,25.0,25.0,1.0,True,0.19044960864191796,0.5811617517419418,0.28612698043578827,19.570669743822723,,random,61
16,0.28612698043578827,320,150.35144698998002,49.64855301001998,95.0,19,25.0,25.0,1.0,True,0.19044960864191796,0.5811617517419418,0.28612698043578827,19.570669743822723,,random,61
17,0.28612698043578827,340,150.35144698998002,49.64855301001998,95.0,19,25.0,25.0,1.0,True,0.19044960864191796,0.5811617517419418,0.28612698043578827,19.570669743822723,,random,61
18,0.28612698043578827,360,150.35144698998002,49.64855301001998,95.0,19,25.0,25.0,1.0,True,0.19044960864191796,0.5811617517419418,0.28612698043578827,19.570669743822723,,random,61
19,0.2842918713215811,380,153.19818832741652,46.80181167258348,100.0,20,15.0,15.0,1.0,True,0.1992264887506014,0.5576217857236724,0.2842918713215811,19.646640531300033,,random,61
20,0.2842918713215811,400,153.19818832741652,46.80181167258348,100.0,20,15.0,15.0,1.0,True,0.1992264887506014,0.5576217857236724,0.2842918713215811,19.646640531300033,,random,61
21,0.2842918713215811,420,153.19818832741652,46.80181167258348,100.0,20,15.0,15.0,1.0,True,0.1992264887506014,0.5576217857236724,0.2842918713215811,19.646640531300033,,random,61
22,0.2842918713215811,440,153.19818832741652,46.80181167258348,100.0,20,15.0,15.0,1.0,True,0.1992264887506014,0.5576217857236724,0.2842918713215811,19.646640531300033,,random,61
23,0.2842918713215811,460,153.19818832741652,46.80181167258348,100.0,20,15.0,15.0,1.0,True,0.1992264887506014,0.5576217857236724,0.2842918713215811,19.646640531300033,,random,61
24,0.2842918713215811,480,153.19818832741652,46.80181167258348,100.0,20,15.0,15.0,1.0,True,0.1992264887506014,0.5576217857236724,0.2842918713215811,19.646640531300033,,random,61
25,0.2842918713215811,500,153.19818832741652,46.80181167258348,100.0,20,15.0,15.0,1.0,True,0.1992264887506014,0.5576217857236724,0.2842918713215811,19.646640531300033,,random,61
26,0.2842918713215811,520,153.19818832741652,46.80181167258348,100.0,20,15.0,15.0,1.0,True,0.1992264887506014,0.5576217857236724,0.2842918713215811,19.646640531300033,,random,61
27,0.2842918713215811,540,153.19818832741652,46.80181167258348,100.0,20,15.0,15.0,1.0,True,0.1992264887506014,0.5576217857236724,0.2842918713215811,19.646640531300033,,random,61
28,0.2842918713215811,560,153.19818832741652,46.80181167258348,100.0,20,15.0,15.0,1.0,True,0.1992264887506014,0.5576217857236724,0.2842918713215811,19.646640531300033,,random,61
29,0.2842918713215811,580,153.19818832741652,46.80181167258348,100.0,20,15.0,15.0,1.0,True,0.1992264887506014,0.5576217857236724,0.2842918713215811,19.646640531300033,,random,61
30,0.2842918713215811,600,153.19818832741652,46.80181167258348,100.0,20,15.0,15.0,1.0,True,0.1992264887506014,0.5576217857236724,0.2842918713215811,19.646640531300033,,random,61
1,0.3040644849236149,20,87.84277094199102,112.15722905800898,70.0,14,30.0,60.0,2.0,True,0.19069308746252422,0.6458537673919992,0.3040644849236149,20.81210191125385,,random,62
2,0.2966006112928564,40,155.93118371822064,44.06881628177936,100.0,20,25.0,50.0,2.0,True,0.17343495039885118,0.5704559773736091,0.2966006112928564,19.87261031957871,,random,62
3,0.2966006112928564,60,155.93118371822064,44.06881628177936,100.0,20,25.0,50.0,2.0,True,0.17343495039885118,0.5704559773736091,0.2966006112928564,19.87261031957871,,random,62
4,0.2966006112928564,80,155.93118371822064,44.06881628177936,100.0,20,25.0,50.0,2.0,True,0.17343495039885118,0.5704559773736091,0.2966006112928564,19.87261031957871,,random,62
5,0.2966006112928564,100,155.93118371822064,44.06881628177936,100.0,20,25.0,50.0,2.0,True,0.17343495039885118,0.5704559773736091,0.2966006112928564,19.87261031957871,,random,62
6,0.2966006112928564,120,155.93118371822064,44.06881628177936,100.0,20,25.0,50.0,2.0,True,0.17343495039885118,0.5704559773736091,0.2966006112928564,19.87261031957871,,random,62
7,0.2881495685498608,140,123.17778867791445,76.82221132208555,85.0,17,15.0,30.0,2.0,True,0.1869279639224505,0.605856210013985,0.2881495685498608,19.615271758098686,,random,62
8,0.2881495685498608,160,123.17778867791445,76.82221132208555,85.0,17,15.0,30.0,2.0,True,0.1869279639224505,0.605856210013985,0.2881495685498608,19.615271758098686,,random,62
9,0.2881495685498608,180,123.17778867791445,76.82221132208555,85.0,17,15.0,30.0,2.0,True,0.1869279639224505,0.605856210013985,0.2881495685498608,19.615271758098686,,random,62
10,0.2881495685498608,200,123.17778867791445,76.82221132208555,85.0,17,15.0,30.0,2.0,True,0.1869279639224505,0.605856210013985,0.2881495685498608,19.615271758098686,,random,62
11,0.2881495685498608,220,123.17778867791445,76.82221132208555,85.0,17,15.0,30.0,2.0,True,0.1869279639224505,0.605856210013985,0.2881495685498608,19.615271758098686,,random,62
12,0.2881495685498608,240,123.17778867791445,76.82221132208555,85.0,17,15.0,30.0,2.0,True,0.1869279639224505,0.605856210013985,0.2881495685498608,19.615271758098686,,random,62
13,0.2881495685498608,260,123.17778867791445,76.82221132208555,85.0,17,15.0,30.0,2.0,True,0.1869279639224505,0.605856210013985,0.2881495685498608,19.615271758098686,,random,62
14,0.2881495685498608,280,123.17778867791445,76.82221132208555,85.0,17,15.0,30.0,2.0,True,0.1869279639224505,0.605856210013985,0.2881495685498608,19.615271758098686,,random,62
15,0.2881495685498608,300,123.17778867791445,76.82221132208555,85.0,17,15.0,30.0,2.0,True,0.1869279639224505,0.605856210013985,0.2881495685498608,19.615271758098686,,random,62
16,0.2881495685498608,320,123.17778867791445,76.82221132208555,85.0,17,15.0,30.0,2.0,True,0.1869279639224505,0.605856210013985,0.2881495685498608,19.615271758098686,,random,62
17,0.2881495685498608,340,123.17778867791445,76.82221132208555,85.0,17,15.0,30.0,2.0,True,0.1869279639224505,0.605856210013985,0.2881495685498608,19.615271758098686,,random,62
18,0.2881495685498608,360,123.17778867791445,76.82221132208555,85.0,17,15.0,30.0,2.0,True,0.1869279639224505,0.605856210013985,0.2881495685498608,19.615271758098686,,random,62
19,0.2815019223515917,380,152.85636733367048,47.14363266632952,95.0,19,25.0,25.0,1.0,True,0.19888768285848807,0.5854300146665442,0.2815019223515917,19.45856614656888,,random,62
20,0.2815019223515917,400,152.85636733367048,47.14363266632952,95.0,19,25.0,25.0,1.0,True,0.19888768285848807,0.5854300146665442,0.2815019223515917,19.45856614656888,,random,62
21,0.2815019223515917,420,152.85636733367048,47.14363266632952,95.0,19,25.0,25.0,1.0,True,0.19888768285848807,0.5854300146665442,0.2815019223515917,19.45856614656888,,random,62
22,0.2815019223515917,440,152.85636733367048,47.14363266632952,95.0,19,25.0,25.0,1.0,True,0.19888768285848807,0.5854300146665442,0.2815019223515917,19.45856614656888,,random,62
23,0.2815019223515917,460,152.85636733367048,47.14363266632952,95.0,19,25.0,25.0,1.0,True,0.19888768285848807,0.5854300146665442,0.2815019223515917,19.45856614656888,,random,62
24,0.2815019223515917,480,152.85636733367048,47.14363266632952,95.0,19,25.0,25.0,1.0,True,0.19888768285848807,0.5854300146665442,0.2815019223515917,19.45856614656888,,random,62
25,0.2815019223515917,500,152.85636733367048,47.14363266632952,95.0,19,25.0,25.0,1.0,True,0.19888768285848807,0.5854300146665442,0.2815019223515917,19.45856614656888,,random,62
26,0.2815019223515917,520,152.85636733367048,47.14363266632952,95.0,19,25.0,25.0,1.0,True,0.19888768285848807,0.5854300146665442,0.2815019223515917,19.45856614656888,,random,62
27,0.2815019223515917,540,152.85636733367048,47.14363266632952,95.0,19,25.0,25.0,1.0,True,0.19888768285848807,0.5854300146665442,0.2815019223515917,19.45856614656888,,random,62
28,0.2815019223515917,560,152.85636733367048,47.14363266632952,95.0,19,25.0,25.0,1.0,True,0.19888768285848807,0.5854300146665442,0.2815019223515917,19.45856614656888,,random,62
29,0.2815019223515917,580,152.85636733367048,47.14363266632952,95.0,19,25.0,25.0,1.0,True,0.19888768285848807,0.5854300146665442,0.2815019223515917,19.45856614656888,,random,62
30,0.2815019223515917,600,152.85636733367048,47.14363266632952,95.0,19,25.0,25.0,1.0,True,0.19888768285848807,0.5854300146665442,0.2815019223515917,19.45856614656888,,random,62
1,0.31697138910979983,20,66.10694135897461,133.8930586410254,70.0,14,20.0,20.0,1.0,True,0.1888572641439302,0.5844063754701514,0.31697138910979983,21.64071350007707,,random,63
2,0.2930457134683417,40,114.12993580982362,85.87006419017638,90.0,18,0.0,0.0,1.0,True,0.19964002892007413,0.5469500103310221,0.2930457134683417,20.247031866982567,,random,63
3,0.2930457134683417,60,114.12993580982362,85.87006419017638,90.0,18,0.0,0.0,1.0,True,0.19964002892007413,0.5469500103310221,0.2930457134683417,20.247031866982567,,random,63
4,0.2930457134683417,80,114.12993580982362,85.87006419017638,90.0,18,0.0,0.0,1.0,True,0.19964002892007413,0.5469500103310221,0.2930457134683417,20.247031866982567,,random,63
5,0.2922394461339652,100,130.9572344544767,69.04276554552331,85.0,17,40.0,40.0,1.0,True,0.1897970255186967,0.6093525024887074,0.2922394461339652,19.97373278666955,,random,63
6,0.2901710702863245,120,145.87201866939827,54.12798133060173,95.0,19,25.0,25.0,1.0,True,0.1797985082267316,0.5790041805477993,0.2901710702863245,19.58830059437778,,random,63
7,0.28843268030836805,140,143.91252324814832,56.08747675185168,95.0,19,15.0,30.0,2.0,True,0.18733907649867107,0.5770054849126325,0.28843268030836805,19.643903660651194,,random,63
8,0.28843268030836805,160,143.91252324814832,56.08747675185168,95.0,19,15.0,30.0,2.0,True,0.18733907649867107,0.5770054849126325,0.28843268030836805,19.643903660651194,,random,63
9,0.28843268030836805,180,143.91252324814832,56.08747675185168,95.0,19,15.0,30.0,2.0,True,0.18733907649867107,0.5770054849126325,0.28843268030836805,19.643903660651194,,random,63
10,0.28843268030836805,200,143.91252324814832,56.08747675185168,95.0,19,15.0,30.0,2.0,True,0.18733907649867107,0.5770054849126325,0.28843268030836805,19.643903660651194,,random,63
11,0.28843268030836805,220,143.91252324814832,56.08747675185168,95.0,19,15.0,30.0,2.0,True,0.18733907649867107,0.5770054849126325,0.28843268030836805,19.643903660651194,,random,63
12,0.28843268030836805,240,143.91252324814832,56.08747675185168,95.0,19,15.0,30.0,2.0,True,0.18733907649867107,0.5770054849126325,0.28843268030836805,19.643903660651194,,random,63
13,0.28843268030836805,260,143.91252324814832,56.08747675185168,95.0,19,15.0,30.0,2.0,True,0.18733907649867107,0.5770054849126325,0.28843268030836805,19.643903660651194,,random,63
14,0.28843268030836805,280,143.91252324814832,56.08747675185168,95.0,19,15.0,30.0,2.0,True,0.18733907649867107,0.5770054849126325,0.28843268030836805,19.643903660651194,,random,63
15,0.28843268030836805,300,143.91252324814832,56.08747675185168,95.0,19,15.0,30.0,2.0,True,0.18733907649867107,0.5770054849126325,0.28843268030836805,19.643903660651194,,random,63
16,0.28843268030836805,320,143.91252324814832,56.08747675185168,95.0,19,15.0,30.0,2.0,True,0.18733907649867107,0.5770054849126325,0.28843268030836805,19.643903660651194,,random,63
17,0.28843268030836805,340,143.91252324814832,56.08747675185168,95.0,19,15.0,30.0,2.0,True,0.18733907649867107,0.5770054849126325,0.28843268030836805,19.643903660651194,,random,63
18,0.2871611794917622,360,162.93030792580646,37.06969207419354,100.0,20,40.0,40.0,1.0,True,0.19348102391036665,0.5755262185401104,0.2871611794917622,19.722854863794684,,random,63
19,0.2871611794917622,380,162.93030792580646,37.06969207419354,100.0,20,40.0,40.0,1.0,True,0.19348102391036665,0.5755262185401104,0.2871611794917622,19.722854863794684,,random,63
20,0.2871611794917622,400,162.93030792580646,37.06969207419354,100.0,20,40.0,40.0,1.0,True,0.19348102391036665,0.5755262185401104,0.2871611794917622,19.722854863794684,,random,63
21,0.2861460763092366,420,126.26685180969855,73.73314819030145,85.0,17,15.0,15.0,1.0,True,0.196284907440753,0.5961453503274897,0.2861460763092366,19.703043764965877,,random,63
22,0.2861460763092366,440,126.26685180969855,73.73314819030145,85.0,17,15.0,15.0,1.0,True,0.196284907440753,0.5961453503274897,0.2861460763092366,19.703043764965877,,random,63
23,0.2861460763092366,460,126.26685180969855,73.73314819030145,85.0,17,15.0,15.0,1.0,True,0.196284907440753,0.5961453503274897,0.2861460763092366,19.703043764965877,,random,63
24,0.2861460763092366,480,126.26685180969855,73.73314819030145,85.0,17,15.0,15.0,1.0,True,0.196284907440753,0.5961453503274897,0.2861460763092366,19.703043764965877,,random,63
25,0.2861460763092366,500,126.26685180969855,73.73314819030145,85.0,17,15.0,15.0,1.0,True,0.196284907440753,0.5961453503274897,0.2861460763092366,19.703043764965877,,random,63
26,0.2861460763092366,520,126.26685180969855,73.73314819030145,85.0,17,15.0,15.0,1.0,True,0.196284907440753,0.5961453503274897,0.2861460763092366,19.703043764965877,,random,63
27,0.2861460763092366,540,126.26685180969855,73.73314819030145,85.0,17,15.0,15.0,1.0,True,0.196284907440753,0.5961453503274897,0.2861460763092366,19.703043764965877,,random,63
28,0.2861460763092366,560,126.26685180969855,73.73314819030145,85.0,17,15.0,15.0,1.0,True,0.196284907440753,0.5961453503274897,0.2861460763092366,19.703043764965877,,random,63
29,0.2861460763092366,580,126.26685180969855,73.73314819030145,85.0,17,15.0,15.0,1.0,True,0.196284907440753,0.5961453503274897,0.2861460763092366,19.703043764965877,,random,63
30,0.2861460763092366,600,126.26685180969855,73.73314819030145,85.0,17,15.0,15.0,1.0,True,0.196284907440753,0.5961453503274897,0.2861460763092366,19.703043764965877,,random,63
1,0.30221014302182175,20,84.7180273657613,115.2819726342387,75.0,15,10.0,20.0,2.0,True,0.18498828621805022,0.5980261596911297,0.30221014302182175,20.517608676597476,,random,64
2,0.30221014302182175,40,84.7180273657613,115.2819726342387,75.0,15,10.0,20.0,2.0,True,0.18498828621805022,0.5980261596911297,0.30221014302182175,20.517608676597476,,random,64
3,0.2945379945349893,60,146.49494051769184,53.505059482308155,95.0,19,35.0,35.0,1.0,True,0.1762927989118073,0.5800259842286057,0.2945379945349893,19.800690794292958,,random,64
4,0.2940741157254669,80,136.4901225121883,63.50987748781171,90.0,18,20.0,40.0,2.0,True,0.17780206234305054,0.5929059398098766,0.2940741157254669,19.80211026283699,,random,64
5,0.2940741157254669,100,136.4901225121883,63.50987748781171,90.0,18,20.0,40.0,2.0,True,0.17780206234305054,0.5929059398098766,0.2940741157254669,19.80211026283699,,random,64
6,0.2940741157254669,120,136.4901225121883,63.50987748781171,90.0,18,20.0,40.0,2.0,True,0.17780206234305054,0.5929059398098766,0.2940741157254669,19.80211026283699,,random,64
7,0.2940741157254669,140,136.4901225121883,63.50987748781171,90.0,18,20.0,40.0,2.0,True,0.17780206234305054,0.5929059398098766,0.2940741157254669,19.80211026283699,,random,64
8,0.2940741157254669,160,136.4901225121883,63.50987748781171,90.0,18,20.0,40.0,2.0,True,0.17780206234305054,0.5929059398098766,0.2940741157254669,19.80211026283699,,random,64
9,0.2940741157254669,180,136.4901225121883,63.50987748781171,90.0,18,20.0,40.0,2.0,True,0.17780206234305054,0.5929059398098766,0.2940741157254669,19.80211026283699,,random,64
10,0.2940741157254669,200,136.4901225121883,63.50987748781171,90.0,18,20.0,40.0,2.0,True,0.17780206234305054,0.5929059398098766,0.2940741157254669,19.80211026283699,,random,64
11,0.2940741157254669,220,136.4901225121883,63.50987748781171,90.0,18,20.0,40.0,2.0,True,0.17780206234305054,0.5929059398098766,0.2940741157254669,19.80211026283699,,random,64
12,0.2940741157254669,240,136.4901225121883,63.50987748781171,90.0,18,20.0,40.0,2.0,True,0.17780206234305054,0.5929059398098766,0.2940741157254669,19.80211026283699,,random,64
13,0.2940741157254669,260,136.4901225121883,63.50987748781171,90.0,18,20.0,40.0,2.0,True,0.17780206234305054,0.5929059398098766,0.2940741157254669,19.80211026283699,,random,64
14,0.2940741157254669,280,136.4901225121883,63.50987748781171,90.0,18,20.0,40.0,2.0,True,0.17780206234305054,0.5929059398098766,0.2940741157254669,19.80211026283699,,random,64
15,0.2940741157254669,300,136.4901225121883,63.50987748781171,90.0,18,20.0,40.0,2.0,True,0.17780206234305054,0.5929059398098766,0.2940741157254669,19.80211026283699,,random,64
16,0.2940741157254669,320,136.4901225121883,63.50987748781171,90.0,18,20.0,40.0,2.0,True,0.17780206234305054,0.5929059398098766,0.2940741157254669,19.80211026283699,,random,64
17,0.28825864554296265,340,140.74131834303628,59.25868165696372,90.0,18,30.0,30.0,1.0,True,0.18949965950689177,0.5948272081212654,0.28825864554296265,19.693579584645466,,random,64
18,0.28825864554296265,360,140.74131834303628,59.25868165696372,90.0,18,30.0,30.0,1.0,True,0.18949965950689177,0.5948272081212654,0.28825864554296265,19.693579584645466,,random,64
19,0.28825864554296265,380,140.74131834303628,59.25868165696372,90.0,18,30.0,30.0,1.0,True,0.18949965950689177,0.5948272081212654,0.28825864554296265,19.693579584645466,,random,64
20,0.28825864554296265,400,140.74131834303628,59.25868165696372,90.0,18,30.0,30.0,1.0,True,0.18949965950689177,0.5948272081212654,0.28825864554296265,19.693579584645466,,random,64
21,0.28825864554296265,420,140.74131834303628,59.25868165696372,90.0,18,30.0,30.0,1.0,True,0.18949965950689177,0.5948272081212654,0.28825864554296265,19.693579584645466,,random,64
22,0.28825864554296265,440,140.74131834303628,59.25868165696372,90.0,18,30.0,30.0,1.0,True,0.18949965950689177,0.5948272081212654,0.28825864554296265,19.693579584645466,,random,64
23,0.28825864554296265,460,140.74131834303628,59.25868165696372,90.0,18,30.0,30.0,1.0,True,0.18949965950689177,0.5948272081212654,0.28825864554296265,19.693579584645466,,random,64
24,0.28825864554296265,480,140.74131834303628,59.25868165696372,90.0,18,30.0,30.0,1.0,True,0.18949965950689177,0.5948272081212654,0.28825864554296265,19.693579584645466,,random,64
25,0.28825864554296265,500,140.74131834303628,59.25868165696372,90.0,18,30.0,30.0,1.0,True,0.18949965950689177,0.5948272081212654,0.28825864554296265,19.693579584645466,,random,64
26,0.28825864554296265,520,140.74131834303628,59.25868165696372,90.0,18,30.0,30.0,1.0,True,0.18949965950689177,0.5948272081212654,0.28825864554296265,19.693579584645466,,random,64
27,0.28825864554296265,540,140.74131834303628,59.25868165696372,90.0,18,30.0,30.0,1.0,True,0.18949965950689177,0.5948272081212654,0.28825864554296265,19.693579584645466,,random,64
28,0.28825864554296265,560,140.74131834303628,59.25868165696372,90.0,18,30.0,30.0,1.0,True,0.18949965950689177,0.5948272081212654,0.28825864554296265,19.693579584645466,,random,64
29,0.28825864554296265,580,140.74131834303628,59.25868165696372,90.0,18,30.0,30.0,1.0,True,0.18949965950689177,0.5948272081212654,0.28825864554296265,19.693579584645466,,random,64
30,0.28825864554296265,600,140.74131834303628,59.25868165696372,90.0,18,30.0,30.0,1.0,True,0.18949965950689177,0.5948272081212654,0.28825864554296265,19.693579584645466,,random,64
1,0.29424180604231115,20,122.77754291219931,77.22245708780069,95.0,19,5.0,5.0,1.0,True,0.18315306384189736,0.547100088660592,0.29424180604231115,19.921638269152133,,random,65
2,0.29424180604231115,40,122.77754291219931,77.22245708780069,95.0,19,5.0,5.0,1.0,True,0.18315306384189736,0.547100088660592,0.29424180604231115,19.921638269152133,,random,65
3,0.29114656953672907,60,98.41834649841854,101.58165350158146,80.0,16,5.0,5.0,1.0,True,0.19913708812754266,0.5844144290762014,0.29114656953672907,20.106109085091997,,random,65
4,0.29114656953672907,80,98.41834649841854,101.58165350158146,80.0,16,5.0,5.0,1.0,True,0.19913708812754266,0.5844144290762014,0.29114656953672907,20.106109085091997,,random,65
5,0.29114656953672907,100,98.41834649841854,101.58165350158146,80.0,16,5.0,5.0,1.0,True,0.19913708812754266,0.5844144290762014,0.29114656953672907,20.106109085091997,,random,65
6,0.29114656953672907,120,98.41834649841854,101.58165350158146,80.0,16,5.0,5.0,1.0,True,0.19913708812754266,0.5844144290762014,0.29114656953672907,20.106109085091997,,random,65
7,0.29114656953672907,140,98.41834649841854,101.58165350158146,80.0,16,5.0,5.0,1.0,True,0.19913708812754266,0.5844144290762014,0.29114656953672907,20.106109085091997,,random,65
8,0.29114656953672907,160,98.41834649841854,101.58165350158146,80.0,16,5.0,5.0,1.0,True,0.19913708812754266,0.5844144290762014,0.29114656953672907,20.106109085091997,,random,65
9,0.29114656953672907,180,98.41834649841854,101.58165350158146,80.0,16,5.0,5.0,1.0,True,0.19913708812754266,0.5844144290762014,0.29114656953672907,20.106109085091997,,random,65
10,0.29114656953672907,200,98.41834649841854,101.58165350158146,80.0,16,5.0,5.0,1.0,True,0.19913708812754266,0.5844144290762014,0.29114656953672907,20.106109085091997,,random,65
11,0.29114656953672907,220,98.41834649841854,101.58165350158146,80.0,16,5.0,5.0,1.0,True,0.19913708812754266,0.5844144290762014,0.29114656953672907,20.106109085091997,,random,65
12,0.28446862591676325,240,143.09466333966134,56.90533666033866,90.0,18,20.0,40.0,2.0,True,0.19742096774244336,0.6007714807781664,0.28446862591676325,19.62579413278684,,random,65
13,0.28446862591676325,260,143.09466333966134,56.90533666033866,90.0,18,20.0,40.0,2.0,True,0.19742096774244336,0.6007714807781664,0.28446862591676325,19.62579413278684,,random,65
14,0.28446862591676325,280,143.09466333966134,56.90533666033866,90.0,18,20.0,40.0,2.0,True,0.19742096774244336,0.6007714807781664,0.28446862591676325,19.62579413278684,,random,65
15,0.28446862591676325,300,143.09466333966134,56.90533666033866,90.0,18,20.0,40.0,2.0,True,0.19742096774244336,0.6007714807781664,0.28446862591676325,19.62579413278684,,random,65
16,0.28446862591676325,320,143.09466333966134,56.90533666033866,90.0,18,20.0,40.0,2.0,True,0.19742096774244336,0.6007714807781664,0.28446862591676325,19.62579413278684,,random,65
17,0.28446862591676325,340,143.09466333966134,56.90533666033866,90.0,18,20.0,40.0,2.0,True,0.19742096774244336,0.6007714807781664,0.28446862591676325,19.62579413278684,,random,65
18,0.28446862591676325,360,143.09466333966134,56.90533666033866,90.0,18,20.0,40.0,2.0,True,0.19742096774244336,0.6007714807781664,0.28446862591676325,19.62579413278684,,random,65
19,0.28446862591676325,380,143.09466333966134,56.90533666033866,90.0,18,20.0,40.0,2.0,True,0.19742096774244336,0.6007714807781664,0.28446862591676325,19.62579413278684,,random,65
20,0.28446862591676325,400,143.09466333966134,56.90533666033866,90.0,18,20.0,40.0,2.0,True,0.19742096774244336,0.6007714807781664,0.28446862591676325,19.62579413278684,,random,65
21,0.28446862591676325,420,143.09466333966134,56.90533666033866,90.0,18,20.0,40.0,2.0,True,0.19742096774244336,0.6007714807781664,0.28446862591676325,19.62579413278684,,random,65
22,0.28446862591676325,440,143.09466333966134,56.90533666033866,90.0,18,20.0,40.0,2.0,True,0.19742096774244336,0.6007714807781664,0.28446862591676325,19.62579413278684,,random,65
23,0.28446862591676325,460,143.09466333966134,56.90533666033866,90.0,18,20.0,40.0,2.0,True,0.19742096774244336,0.6007714807781664,0.28446862591676325,19.62579413278684,,random,65
24,0.28446862591676325,480,143.09466333966134,56.90533666033866,90.0,18,20.0,40.0,2.0,True,0.19742096774244336,0.6007714807781664,0.28446862591676325,19.62579413278684,,random,65
25,0.28446862591676325,500,143.09466333966134,56.90533666033866,90.0,18,20.0,40.0,2.0,True,0.19742096774244336,0.6007714807781664,0.28446862591676325,19.62579413278684,,random,65
26,0.28446862591676325,520,143.09466333966134,56.90533666033866,90.0,18,20.0,40.0,2.0,True,0.19742096774244336,0.6007714807781664,0.28446862591676325,19.62579413278684,,random,65
27,0.28446862591676325,540,143.09466333966134,56.90533666033866,90.0,18,20.0,40.0,2.0,True,0.19742096774244336,0.6007714807781664,0.28446862591676325,19.62579413278684,,random,65
28,0.28446862591676325,560,143.09466333966134,56.90533666033866,90.0,18,20.0,40.0,2.0,True,0.19742096774244336,0.6007714807781664,0.28446862591676325,19.62579413278684,,random,65
29,0.28446862591676325,580,143.09466333966134,56.90533666033866,90.0,18,20.0,40.0,2.0,True,0.19742096774244336,0.6007714807781664,0.28446862591676325,19.62579413278684,,random,65
30,0.28446862591676325,600,143.09466333966134,56.90533666033866,90.0,18,20.0,40.0,2.0,True,0.19742096774244336,0.6007714807781664,0.28446862591676325,19.62579413278684,,random,65
1,0.3196429560452231,20,92.00893574611572,107.99106425388428,70.0,14,25.0,100.0,4.0,True,0.1765964047566822,0.6500369604465355,0.3196429560452231,21.508021773366888,,random,66
2,0.29273233441646296,40,161.41085860447194,38.58914139552806,95.0,19,35.0,70.0,2.0,True,0.1996328654827984,0.5887973079535412,0.29273233441646296,20.26414900321404,,random,66
3,0.29273233441646296,60,161.41085860447194,38.58914139552806,95.0,19,35.0,70.0,2.0,True,0.1996328654827984,0.5887973079535412,0.29273233441646296,20.26414900321404,,random,66
4,0.29273233441646296,80,161.41085860447194,38.58914139552806,95.0,19,35.0,70.0,2.0,True,0.1996328654827984,0.5887973079535412,0.29273233441646296,20.26414900321404,,random,66
5,0.29273233441646296,100,161.41085860447194,38.58914139552806,95.0,19,35.0,70.0,2.0,True,0.1996328654827984,0.5887973079535412,0.29273233441646296,20.26414900321404,,random,66
6,0.29273233441646296,120,161.41085860447194,38.58914139552806,95.0,19,35.0,70.0,2.0,True,0.1996328654827984,0.5887973079535412,0.29273233441646296,20.26414900321404,,random,66
7,0.29273233441646296,140,161.41085860447194,38.58914139552806,95.0,19,35.0,70.0,2.0,True,0.1996328654827984,0.5887973079535412,0.29273233441646296,20.26414900321404,,random,66
8,0.29273233441646296,160,161.41085860447194,38.58914139552806,95.0,19,35.0,70.0,2.0,True,0.1996328654827984,0.5887973079535412,0.29273233441646296,20.26414900321404,,random,66
9,0.29273233441646296,180,161.41085860447194,38.58914139552806,95.0,19,35.0,70.0,2.0,True,0.1996328654827984,0.5887973079535412,0.29273233441646296,20.26414900321404,,random,66
10,0.29273233441646296,200,161.41085860447194,38.58914139552806,95.0,19,35.0,70.0,2.0,True,0.1996328654827984,0.5887973079535412,0.29273233441646296,20.26414900321404,,random,66
11,0.29273233441646296,220,161.41085860447194,38.58914139552806,95.0,19,35.0,70.0,2.0,True,0.1996328654827984,0.5887973079535412,0.29273233441646296,20.26414900321404,,random,66
12,0.29273233441646296,240,161.41085860447194,38.58914139552806,95.0,19,35.0,70.0,2.0,True,0.1996328654827984,0.5887973079535412,0.29273233441646296,20.26414900321404,,random,66
13,0.29273233441646296,260,161.41085860447194,38.58914139552806,95.0,19,35.0,70.0,2.0,True,0.1996328654827984,0.5887973079535412,0.29273233441646296,20.26414900321404,,random,66
14,0.289254449498053,280,115.15461839138392,84.84538160861608,80.0,16,15.0,30.0,2.0,True,0.1917026251442107,0.6174265319640667,0.289254449498053,19.80824125050634,,random,66
15,0.289254449498053,300,115.15461839138392,84.84538160861608,80.0,16,15.0,30.0,2.0,True,0.1917026251442107,0.6174265319640667,0.289254449498053,19.80824125050634,,random,66
16,0.28500641091680484,320,129.44421514454717,70.55578485545283,85.0,17,15.0,30.0,2.0,True,0.19818540882028834,0.6065775450994965,0.28500641091680484,19.674471980658367,,random,66
17,0.28500641091680484,340,129.44421514454717,70.55578485545283,85.0,17,15.0,30.0,2.0,True,0.19818540882028834,0.6065775450994965,0.28500641091680484,19.674471980658367,,random,66
18,0.28500641091680484,360,129.44421514454717,70.55578485545283,85.0,17,15.0,30.0,2.0,True,0.19818540882028834,0.6065775450994965,0.28500641091680484,19.674471980658367,,random,66
19,0.28500641091680484,380,129.44421514454717,70.55578485545283,85.0,17,15.0,30.0,2.0,True,0.19818540882028834,0.6065775450994965,0.28500641091680484,19.674471980658367,,random,66
20,0.28500641091680484,400,129.44421514454717,70.55578485545283,85.0,17,15.0,30.0,2.0,True,0.19818540882028834,0.6065775450994965,0.28500641091680484,19.674471980658367,,random,66
21,0.28500641091680484,420,129.44421514454717,70.55578485545283,85.0,17,15.0,30.0,2.0,True,0.19818540882028834,0.6065775450994965,0.28500641091680484,19.674471980658367,,random,66
22,0.28500641091680484,440,129.44421514454717,70.55578485545283,85.0,17,15.0,30.0,2.0,True,0.19818540882028834,0.6065775450994965,0.28500641091680484,19.674471980658367,,random,66
23,0.28500641091680484,460,129.44421514454717,70.55578485545283,85.0,17,15.0,30.0,2.0,True,0.19818540882028834,0.6065775450994965,0.28500641091680484,19.674471980658367,,random,66
24,0.28500641091680484,480,129.44421514454717,70.55578485545283,85.0,17,15.0,30.0,2.0,True,0.19818540882028834,0.6065775450994965,0.28500641091680484,19.674471980658367,,random,66
25,0.28500641091680484,500,129.44421514454717,70.55578485545283,85.0,17,15.0,30.0,2.0,True,0.19818540882028834,0.6065775450994965,0.28500641091680484,19.674471980658367,,random,66
26,0.28500641091680484,520,129.44421514454717,70.55578485545283,85.0,17,15.0,30.0,2.0,True,0.19818540882028834,0.6065775450994965,0.28500641091680484,19.674471980658367,,random,66
27,0.28500641091680484,540,129.44421514454717,70.55578485545283,85.0,17,15.0,30.0,2.0,True,0.19818540882028834,0.6065775450994965,0.28500641091680484,19.674471980658367,,random,66
28,0.28500641091680484,560,129.44421514454717,70.55578485545283,85.0,17,15.0,30.0,2.0,True,0.19818540882028834,0.6065775450994965,0.28500641091680484,19.674471980658367,,random,66
29,0.28500641091680484,580,129.44421514454717,70.55578485545283,85.0,17,15.0,30.0,2.0,True,0.19818540882028834,0.6065775450994965,0.28500641091680484,19.674471980658367,,random,66
30,0.28500641091680484,600,129.44421514454717,70.55578485545283,85.0,17,15.0,30.0,2.0,True,0.19818540882028834,0.6065775450994965,0.28500641091680484,19.674471980658367,,random,66
1,0.30556029592399486,20,82.86629998045048,117.13370001954952,80.0,16,5.0,10.0,2.0,True,0.17993090029516864,0.5665733229904395,0.30556029592399486,20.608046838419376,,random,67
2,0.29109893709850965,40,169.25092305057808,30.74907694942192,100.0,20,35.0,70.0,2.0,True,0.19848299329378621,0.5789806851899714,0.29109893709850965,20.12326431821091,,random,67
3,0.29109893709850965,60,169.25092305057808,30.74907694942192,100.0,20,35.0,70.0,2.0,True,0.19848299329378621,0.5789806851899714,0.29109893709850965,20.12326431821091,,random,67
4,0.29109893709850965,80,169.25092305057808,30.74907694942192,100.0,20,35.0,70.0,2.0,True,0.19848299329378621,0.5789806851899714,0.29109893709850965,20.12326431821091,,random,67
5,0.29109893709850965,100,169.25092305057808,30.74907694942192,100.0,20,35.0,70.0,2.0,True,0.19848299329378621,0.5789806851899714,0.29109893709850965,20.12326431821091,,random,67
6,0.29109893709850965,120,169.25092305057808,30.74907694942192,100.0,20,35.0,70.0,2.0,True,0.19848299329378621,0.5789806851899714,0.29109893709850965,20.12326431821091,,random,67
7,0.29109893709850965,140,169.25092305057808,30.74907694942192,100.0,20,35.0,70.0,2.0,True,0.19848299329378621,0.5789806851899714,0.29109893709850965,20.12326431821091,,random,67
8,0.2892810087692519,160,130.2578694129121,69.7421305870879,90.0,18,10.0,20.0,2.0,True,0.1908425676092453,0.578616378628588,0.2892810087692519,19.779566275179196,,random,67
9,0.2892810087692519,180,130.2578694129121,69.7421305870879,90.0,18,10.0,20.0,2.0,True,0.1908425676092453,0.578616378628588,0.2892810087692519,19.779566275179196,,random,67
10,0.2892810087692519,200,130.2578694129121,69.7421305870879,90.0,18,10.0,20.0,2.0,True,0.1908425676092453,0.578616378628588,0.2892810087692519,19.779566275179196,,random,67
11,0.2892810087692519,220,130.2578694129121,69.7421305870879,90.0,18,10.0,20.0,2.0,True,0.1908425676092453,0.578616378628588,0.2892810087692519,19.779566275179196,,random,67
12,0.2892810087692519,240,130.2578694129121,69.7421305870879,90.0,18,10.0,20.0,2.0,True,0.1908425676092453,0.578616378628588,0.2892810087692519,19.779566275179196,,random,67
13,0.2892810087692519,260,130.2578694129121,69.7421305870879,90.0,18,10.0,20.0,2.0,True,0.1908425676092453,0.578616378628588,0.2892810087692519,19.779566275179196,,random,67
14,0.2892810087692519,280,130.2578694129121,69.7421305870879,90.0,18,10.0,20.0,2.0,True,0.1908425676092453,0.578616378628588,0.2892810087692519,19.779566275179196,,random,67
15,0.2892810087692519,300,130.2578694129121,69.7421305870879,90.0,18,10.0,20.0,2.0,True,0.1908425676092453,0.578616378628588,0.2892810087692519,19.779566275179196,,random,67
16,0.2892810087692519,320,130.2578694129121,69.7421305870879,90.0,18,10.0,20.0,2.0,True,0.1908425676092453,0.578616378628588,0.2892810087692519,19.779566275179196,,random,67
17,0.2892810087692519,340,130.2578694129121,69.7421305870879,90.0,18,10.0,20.0,2.0,True,0.1908425676092453,0.578616378628588,0.2892810087692519,19.779566275179196,,random,67
18,0.2892810087692519,360,130.2578694129121,69.7421305870879,90.0,18,10.0,20.0,2.0,True,0.1908425676092453,0.578616378628588,0.2892810087692519,19.779566275179196,,random,67
19,0.2892810087692519,380,130.2578694129121,69.7421305870879,90.0,18,10.0,20.0,2.0,True,0.1908425676092453,0.578616378628588,0.2892810087692519,19.779566275179196,,random,67
20,0.2892810087692519,400,130.2578694129121,69.7421305870879,90.0,18,10.0,20.0,2.0,True,0.1908425676092453,0.578616378628588,0.2892810087692519,19.779566275179196,,random,67
21,0.2892810087692519,420,130.2578694129121,69.7421305870879,90.0,18,10.0,20.0,2.0,True,0.1908425676092453,0.578616378628588,0.2892810087692519,19.779566275179196,,random,67
22,0.2892810087692519,440,130.2578694129121,69.7421305870879,90.0,18,10.0,20.0,2.0,True,0.1908425676092453,0.578616378628588,0.2892810087692519,19.779566275179196,,random,67
23,0.2892810087692519,460,130.2578694129121,69.7421305870879,90.0,18,10.0,20.0,2.0,True,0.1908425676092453,0.578616378628588,0.2892810087692519,19.779566275179196,,random,67
24,0.2892810087692519,480,130.2578694129121,69.7421305870879,90.0,18,10.0,20.0,2.0,True,0.1908425676092453,0.578616378628588,0.2892810087692519,19.779566275179196,,random,67
25,0.2892810087692519,500,130.2578694129121,69.7421305870879,90.0,18,10.0,20.0,2.0,True,0.1908425676092453,0.578616378628588,0.2892810087692519,19.779566275179196,,random,67
26,0.2892810087692519,520,130.2578694129121,69.7421305870879,90.0,18,10.0,20.0,2.0,True,0.1908425676092453,0.578616378628588,0.2892810087692519,19.779566275179196,,random,67
27,0.2892810087692519,540,130.2578694129121,69.7421305870879,90.0,18,10.0,20.0,2.0,True,0.1908425676092453,0.578616378628588,0.2892810087692519,19.779566275179196,,random,67
28,0.2892810087692519,560,130.2578694129121,69.7421305870879,90.0,18,10.0,20.0,2.0,True,0.1908425676092453,0.578616378628588,0.2892810087692519,19.779566275179196,,random,67
29,0.2892810087692519,580,130.2578694129121,69.7421305870879,90.0,18,10.0,20.0,2.0,True,0.1908425676092453,0.578616378628588,0.2892810087692519,19.779566275179196,,random,67
30,0.2892810087692519,600,130.2578694129121,69.7421305870879,90.0,18,10.0,20.0,2.0,True,0.1908425676092453,0.578616378628588,0.2892810087692519,19.779566275179196,,random,67
1,0.30660728936446646,20,108.34093737785932,91.65906262214068,80.0,16,35.0,70.0,2.0,True,0.16736603057000948,0.6243762458198822,0.30660728936446646,20.392390574783107,,random,68
2,0.3063365671833035,40,72.9563898110829,127.0436101889171,75.0,15,5.0,10.0,2.0,True,0.19993002320010503,0.5673090159910565,0.3063365671833035,21.17750542283511,,random,68
3,0.3063365671833035,60,72.9563898110829,127.0436101889171,75.0,15,5.0,10.0,2.0,True,0.19993002320010503,0.5673090159910565,0.3063365671833035,21.17750542283511,,random,68
4,0.3063365671833035,80,72.9563898110829,127.0436101889171,75.0,15,5.0,10.0,2.0,True,0.19993002320010503,0.5673090159910565,0.3063365671833035,21.17750542283511,,random,68
5,0.3063365671833035,100,72.9563898110829,127.0436101889171,75.0,15,5.0,10.0,2.0,True,0.19993002320010503,0.5673090159910565,0.3063365671833035,21.17750542283511,,random,68
6,0.30596363130529974,120,119.27106663318787,80.72893336681213,95.0,19,20.0,20.0,1.0,True,0.13958891009880528,0.5631155592627552,0.30596363130529974,19.680152016580543,,random,68
7,0.30596363130529974,140,119.27106663318787,80.72893336681213,95.0,19,20.0,20.0,1.0,True,0.13958891009880528,0.5631155592627552,0.30596363130529974,19.680152016580543,,random,68
8,0.2959913880741259,160,165.7542599107498,34.245740089250205,100.0,20,20.0,80.0,4.0,True,0.19094505871840667,0.5754274113677695,0.2959913880741259,20.263533840248012,,random,68
9,0.2959913880741259,180,165.7542599107498,34.245740089250205,100.0,20,20.0,80.0,4.0,True,0.19094505871840667,0.5754274113677695,0.2959913880741259,20.263533840248012,,random,68
10,0.2959913880741259,200,165.7542599107498,34.245740089250205,100.0,20,20.0,80.0,4.0,True,0.19094505871840667,0.5754274113677695,0.2959913880741259,20.263533840248012,,random,68
11,0.2959913880741259,220,165.7542599107498,34.245740089250205,100.0,20,20.0,80.0,4.0,True,0.19094505871840667,0.5754274113677695,0.2959913880741259,20.263533840248012,,random,68
12,0.2959913880741259,240,165.7542599107498,34.245740089250205,100.0,20,20.0,80.0,4.0,True,0.19094505871840667,0.5754274113677695,0.2959913880741259,20.263533840248012,,random,68
13,0.29223850310692384,260,125.3837455018034,74.6162544981966,90.0,18,5.0,20.0,4.0,True,0.19554746306875218,0.566682437873905,0.29223850310692384,20.09244934588548,,random,68
14,0.29223850310692384,280,125.3837455018034,74.6162544981966,90.0,18,5.0,20.0,4.0,True,0.19554746306875218,0.566682437873905,0.29223850310692384,20.09244934588548,,random,68
15,0.29223850310692384,300,125.3837455018034,74.6162544981966,90.0,18,5.0,20.0,4.0,True,0.19554746306875218,0.566682437873905,0.29223850310692384,20.09244934588548,,random,68
16,0.29223850310692384,320,125.3837455018034,74.6162544981966,90.0,18,5.0,20.0,4.0,True,0.19554746306875218,0.566682437873905,0.29223850310692384,20.09244934588548,,random,68
17,0.29223850310692384,340,125.3837455018034,74.6162544981966,90.0,18,5.0,20.0,4.0,True,0.19554746306875218,0.566682437873905,0.29223850310692384,20.09244934588548,,random,68
18,0.29223850310692384,360,125.3837455018034,74.6162544981966,90.0,18,5.0,20.0,4.0,True,0.19554746306875218,0.566682437873905,0.29223850310692384,20.09244934588548,,random,68
19,0.29223850310692384,380,125.3837455018034,74.6162544981966,90.0,18,5.0,20.0,4.0,True,0.19554746306875218,0.566682437873905,0.29223850310692384,20.09244934588548,,random,68
20,0.29223850310692384,400,125.3837455018034,74.6162544981966,90.0,18,5.0,20.0,4.0,True,0.19554746306875218,0.566682437873905,0.29223850310692384,20.09244934588548,,random,68
21,0.29223850310692384,420,125.3837455018034,74.6162544981966,90.0,18,5.0,20.0,4.0,True,0.19554746306875218,0.566682437873905,0.29223850310692384,20.09244934588548,,random,68
22,0.28887356268369896,440,129.69773259170861,70.30226740829139,90.0,18,10.0,20.0,2.0,True,0.19068579270587308,0.5793310039304107,0.28887356268369896,19.74787284661925,,random,68
23,0.28887356268369896,460,129.69773259170861,70.30226740829139,90.0,18,10.0,20.0,2.0,True,0.19068579270587308,0.5793310039304107,0.28887356268369896,19.74787284661925,,random,68
24,0.28887356268369896,480,129.69773259170861,70.30226740829139,90.0,18,10.0,20.0,2.0,True,0.19068579270587308,0.5793310039304107,0.28887356268369896,19.74787284661925,,random,68
25,0.28887356268369896,500,129.69773259170861,70.30226740829139,90.0,18,10.0,20.0,2.0,True,0.19068579270587308,0.5793310039304107,0.28887356268369896,19.74787284661925,,random,68
26,0.28887356268369896,520,129.69773259170861,70.30226740829139,90.0,18,10.0,20.0,2.0,True,0.19068579270587308,0.5793310039304107,0.28887356268369896,19.74787284661925,,random,68
27,0.28887356268369896,540,129.69773259170861,70.30226740829139,90.0,18,10.0,20.0,2.0,True,0.19068579270587308,0.5793310039304107,0.28887356268369896,19.74787284661925,,random,68
28,0.28887356268369896,560,129.69773259170861,70.30226740829139,90.0,18,10.0,20.0,2.0,True,0.19068579270587308,0.5793310039304107,0.28887356268369896,19.74787284661925,,random,68
29,0.28887356268369896,580,129.69773259170861,70.30226740829139,90.0,18,10.0,20.0,2.0,True,0.19068579270587308,0.5793310039304107,0.28887356268369896,19.74787284661925,,random,68
30,0.28887356268369896,600,129.69773259170861,70.30226740829139,90.0,18,10.0,20.0,2.0,True,0.19068579270587308,0.5793310039304107,0.28887356268369896,19.74787284661925,,random,68
1,0.29997227723568876,20,144.33656310025847,55.66343689974153,100.0,20,35.0,35.0,1.0,True,0.15594985704343042,0.5670651538021594,0.29997227723568876,19.678263300758697,,random,69
2,0.283221475937502,40,139.2170989163003,60.7829010836997,90.0,18,20.0,20.0,1.0,True,0.19592076848490836,0.5926572204579185,0.283221475937502,19.499153044082675,,random,69
3,0.283221475937502,60,139.2170989163003,60.7829010836997,90.0,18,20.0,20.0,1.0,True,0.19592076848490836,0.5926572204579185,0.283221475937502,19.499153044082675,,random,69
4,0.283221475937502,80,139.2170989163003,60.7829010836997,90.0,18,20.0,20.0,1.0,True,0.19592076848490836,0.5926572204579185,0.283221475937502,19.499153044082675,,random,69
5,0.283221475937502,100,139.2170989163003,60.7829010836997,90.0,18,20.0,20.0,1.0,True,0.19592076848490836,0.5926572204579185,0.283221475937502,19.499153044082675,,random,69
6,0.283221475937502,120,139.2170989163003,60.7829010836997,90.0,18,20.0,20.0,1.0,True,0.19592076848490836,0.5926572204579185,0.283221475937502,19.499153044082675,,random,69
7,0.283221475937502,140,139.2170989163003,60.7829010836997,90.0,18,20.0,20.0,1.0,True,0.19592076848490836,0.5926572204579185,0.283221475937502,19.499153044082675,,random,69
8,0.283221475937502,160,139.2170989163003,60.7829010836997,90.0,18,20.0,20.0,1.0,True,0.19592076848490836,0.5926572204579185,0.283221475937502,19.499153044082675,,random,69
9,0.283221475937502,180,139.2170989163003,60.7829010836997,90.0,18,20.0,20.0,1.0,True,0.19592076848490836,0.5926572204579185,0.283221475937502,19.499153044082675,,random,69
10,0.283221475937502,200,139.2170989163003,60.7829010836997,90.0,18,20.0,20.0,1.0,True,0.19592076848490836,0.5926572204579185,0.283221475937502,19.499153044082675,,random,69
11,0.283221475937502,220,139.2170989163003,60.7829010836997,90.0,18,20.0,20.0,1.0,True,0.19592076848490836,0.5926572204579185,0.283221475937502,19.499153044082675,,random,69
12,0.283221475937502,240,139.2170989163003,60.7829010836997,90.0,18,20.0,20.0,1.0,True,0.19592076848490836,0.5926572204579185,0.283221475937502,19.499153044082675,,random,69
13,0.283221475937502,260,139.2170989163003,60.7829010836997,90.0,18,20.0,20.0,1.0,True,0.19592076848490836,0.5926572204579185,0.283221475937502,19.499153044082675,,random,69
14,0.283221475937502,280,139.2170989163003,60.7829010836997,90.0,18,20.0,20.0,1.0,True,0.19592076848490836,0.5926572204579185,0.283221475937502,19.499153044082675,,random,69
15,0.283221475937502,300,139.2170989163003,60.7829010836997,90.0,18,20.0,20.0,1.0,True,0.19592076848490836,0.5926572204579185,0.283221475937502,19.499153044082675,,random,69
16,0.283221475937502,320,139.2170989163003,60.7829010836997,90.0,18,20.0,20.0,1.0,True,0.19592076848490836,0.5926572204579185,0.283221475937502,19.499153044082675,,random,69
17,0.283221475937502,340,139.2170989163003,60.7829010836997,90.0,18,20.0,20.0,1.0,True,0.19592076848490836,0.5926572204579185,0.283221475937502,19.499153044082675,,random,69
18,0.283221475937502,360,139.2170989163003,60.7829010836997,90.0,18,20.0,20.0,1.0,True,0.19592076848490836,0.5926572204579185,0.283221475937502,19.499153044082675,,random,69
19,0.283221475937502,380,139.2170989163003,60.7829010836997,90.0,18,20.0,20.0,1.0,True,0.19592076848490836,0.5926572204579185,0.283221475937502,19.499153044082675,,random,69
20,0.283221475937502,400,139.2170989163003,60.7829010836997,90.0,18,20.0,20.0,1.0,True,0.19592076848490836,0.5926572204579185,0.283221475937502,19.499153044082675,,random,69
21,0.283221475937502,420,139.2170989163003,60.7829010836997,90.0,18,20.0,20.0,1.0,True,0.19592076848490836,0.5926572204579185,0.283221475937502,19.499153044082675,,random,69
22,0.283221475937502,440,139.2170989163003,60.7829010836997,90.0,18,20.0,20.0,1.0,True,0.19592076848490836,0.5926572204579185,0.283221475937502,19.499153044082675,,random,69
23,0.283221475937502,460,139.2170989163003,60.7829010836997,90.0,18,20.0,20.0,1.0,True,0.19592076848490836,0.5926572204579185,0.283221475937502,19.499153044082675,,random,69
24,0.283221475937502,480,139.2170989163003,60.7829010836997,90.0,18,20.0,20.0,1.0,True,0.19592076848490836,0.5926572204579185,0.283221475937502,19.499153044082675,,random,69
25,0.283221475937502,500,139.2170989163003,60.7829010836997,90.0,18,20.0,20.0,1.0,True,0.19592076848490836,0.5926572204579185,0.283221475937502,19.499153044082675,,random,69
26,0.283221475937502,520,139.2170989163003,60.7829010836997,90.0,18,20.0,20.0,1.0,True,0.19592076848490836,0.5926572204579185,0.283221475937502,19.499153044082675,,random,69
27,0.283221475937502,540,139.2170989163003,60.7829010836997,90.0,18,20.0,20.0,1.0,True,0.19592076848490836,0.5926572204579185,0.283221475937502,19.499153044082675,,random,69
28,0.283221475937502,560,139.2170989163003,60.7829010836997,90.0,18,20.0,20.0,1.0,True,0.19592076848490836,0.5926572204579185,0.283221475937502,19.499153044082675,,random,69
29,0.283221475937502,580,139.2170989163003,60.7829010836997,90.0,18,20.0,20.0,1.0,True,0.19592076848490836,0.5926572204579185,0.283221475937502,19.499153044082675,,random,69
30,0.283221475937502,600,139.2170989163003,60.7829010836997,90.0,18,20.0,20.0,1.0,True,0.19592076848490836,0.5926572204579185,0.283221475937502,19.499153044082675,,random,69
1,0.3165856993042731,20,76.14696904302858,123.85303095697142,65.0,13,35.0,70.0,2.0,True,0.19870324499550684,0.6449112982944702,0.3165856993042731,21.896599529418328,,random,70
2,0.3033518940346222,40,75.6723743467761,124.3276256532239,70.0,14,15.0,15.0,1.0,True,0.19751480705579155,0.6043243292017775,0.3033518940346222,20.925191682042104,,random,70
3,0.2925523980957195,60,118.91271267363963,81.08728732636037,85.0,17,25.0,25.0,1.0,True,0.17435416665473386,0.6036881866186542,0.2925523980957195,19.616433439316708,,random,70
4,0.28755426246216326,80,142.77268879402055,57.22731120597945,90.0,18,25.0,50.0,2.0,True,0.19378338074336246,0.6031049933331206,0.28755426246216326,19.752252652821806,,random,70
5,0.28755426246216326,100,142.77268879402055,57.22731120597945,90.0,18,25.0,50.0,2.0,True,0.19378338074336246,0.6031049933331206,0.28755426246216326,19.752252652821806,,random,70
6,0.28755426246216326,120,142.77268879402055,57.22731120597945,90.0,18,25.0,50.0,2.0,True,0.19378338074336246,0.6031049933331206,0.28755426246216326,19.752252652821806,,random,70
7,0.28755426246216326,140,142.77268879402055,57.22731120597945,90.0,18,25.0,50.0,2.0,True,0.19378338074336246,0.6031049933331206,0.28755426246216326,19.752252652821806,,random,70
8,0.28755426246216326,160,142.77268879402055,57.22731120597945,90.0,18,25.0,50.0,2.0,True,0.19378338074336246,0.6031049933331206,0.28755426246216326,19.752252652821806,,random,70
9,0.28755426246216326,180,142.77268879402055,57.22731120597945,90.0,18,25.0,50.0,2.0,True,0.19378338074336246,0.6031049933331206,0.28755426246216326,19.752252652821806,,random,70
10,0.28755426246216326,200,142.77268879402055,57.22731120597945,90.0,18,25.0,50.0,2.0,True,0.19378338074336246,0.6031049933331206,0.28755426246216326,19.752252652821806,,random,70
11,0.28755426246216326,220,142.77268879402055,57.22731120597945,90.0,18,25.0,50.0,2.0,True,0.19378338074336246,0.6031049933331206,0.28755426246216326,19.752252652821806,,random,70
12,0.28755426246216326,240,142.77268879402055,57.22731120597945,90.0,18,25.0,50.0,2.0,True,0.19378338074336246,0.6031049933331206,0.28755426246216326,19.752252652821806,,random,70
13,0.28755426246216326,260,142.77268879402055,57.22731120597945,90.0,18,25.0,50.0,2.0,True,0.19378338074336246,0.6031049933331206,0.28755426246216326,19.752252652821806,,random,70
14,0.28755426246216326,280,142.77268879402055,57.22731120597945,90.0,18,25.0,50.0,2.0,True,0.19378338074336246,0.6031049933331206,0.28755426246216326,19.752252652821806,,random,70
15,0.28755426246216326,300,142.77268879402055,57.22731120597945,90.0,18,25.0,50.0,2.0,True,0.19378338074336246,0.6031049933331206,0.28755426246216326,19.752252652821806,,random,70
16,0.28755426246216326,320,142.77268879402055,57.22731120597945,90.0,18,25.0,50.0,2.0,True,0.19378338074336246,0.6031049933331206,0.28755426246216326,19.752252652821806,,random,70
17,0.28755426246216326,340,142.77268879402055,57.22731120597945,90.0,18,25.0,50.0,2.0,True,0.19378338074336246,0.6031049933331206,0.28755426246216326,19.752252652821806,,random,70
18,0.28755426246216326,360,142.77268879402055,57.22731120597945,90.0,18,25.0,50.0,2.0,True,0.19378338074336246,0.6031049933331206,0.28755426246216326,19.752252652821806,,random,70
19,0.28755426246216326,380,142.77268879402055,57.22731120597945,90.0,18,25.0,50.0,2.0,True,0.19378338074336246,0.6031049933331206,0.28755426246216326,19.752252652821806,,random,70
20,0.28755426246216326,400,142.77268879402055,57.22731120597945,90.0,18,25.0,50.0,2.0,True,0.19378338074336246,0.6031049933331206,0.28755426246216326,19.752252652821806,,random,70
21,0.2853679696641088,420,158.49482482364772,41.50517517635228,100.0,20,25.0,25.0,1.0,True,0.18965430753690896,0.5703745019970183,0.2853679696641088,19.50153237508405,,random,70
22,0.2853679696641088,440,158.49482482364772,41.50517517635228,100.0,20,25.0,25.0,1.0,True,0.18965430753690896,0.5703745019970183,0.2853679696641088,19.50153237508405,,random,70
23,0.2853679696641088,460,158.49482482364772,41.50517517635228,100.0,20,25.0,25.0,1.0,True,0.18965430753690896,0.5703745019970183,0.2853679696641088,19.50153237508405,,random,70
24,0.2853679696641088,480,158.49482482364772,41.50517517635228,100.0,20,25.0,25.0,1.0,True,0.18965430753690896,0.5703745019970183,0.2853679696641088,19.50153237508405,,random,70
25,0.2853679696641088,500,158.49482482364772,41.50517517635228,100.0,20,25.0,25.0,1.0,True,0.18965430753690896,0.5703745019970183,0.2853679696641088,19.50153237508405,,random,70
26,0.2853679696641088,520,158.49482482364772,41.50517517635228,100.0,20,25.0,25.0,1.0,True,0.18965430753690896,0.5703745019970183,0.2853679696641088,19.50153237508405,,random,70
27,0.2853679696641088,540,158.49482482364772,41.50517517635228,100.0,20,25.0,25.0,1.0,True,0.18965430753690896,0.5703745019970183,0.2853679696641088,19.50153237508405,,random,70
28,0.2853679696641088,560,158.49482482364772,41.50517517635228,100.0,20,25.0,25.0,1.0,True,0.18965430753690896,0.5703745019970183,0.2853679696641088,19.50153237508405,,random,70
29,0.2853679696641088,580,158.49482482364772,41.50517517635228,100.0,20,25.0,25.0,1.0,True,0.18965430753690896,0.5703745019970183,0.2853679696641088,19.50153237508405,,random,70
30,0.2853679696641088,600,158.49482482364772,41.50517517635228,100.0,20,25.0,25.0,1.0,True,0.18965430753690896,0.5703745019970183,0.2853679696641088,19.50153237508405,,random,70
1,0.2939875477030287,20,106.11338489839292,93.88661510160708,80.0,16,15.0,15.0,1.0,True,0.18253000864875926,0.6019603258721579,0.2939875477030287,19.90228283855579,,random,71
2,0.2898654701129051,40,165.1145869423984,34.885413057601596,100.0,20,45.0,45.0,1.0,True,0.19431814610225076,0.57357916714329,0.2898654701129051,19.93057081369722,,random,71
3,0.2898654701129051,60,165.1145869423984,34.885413057601596,100.0,20,45.0,45.0,1.0,True,0.19431814610225076,0.57357916714329,0.2898654701129051,19.93057081369722,,random,71
4,0.2898654701129051,80,165.1145869423984,34.885413057601596,100.0,20,45.0,45.0,1.0,True,0.19431814610225076,0.57357916714329,0.2898654701129051,19.93057081369722,,random,71
5,0.2898654701129051,100,165.1145869423984,34.885413057601596,100.0,20,45.0,45.0,1.0,True,0.19431814610225076,0.57357916714329,0.2898654701129051,19.93057081369722,,random,71
6,0.2898654701129051,120,165.1145869423984,34.885413057601596,100.0,20,45.0,45.0,1.0,True,0.19431814610225076,0.57357916714329,0.2898654701129051,19.93057081369722,,random,71
7,0.2883705116580799,140,138.91834976482716,61.081650235172845,90.0,18,20.0,40.0,2.0,True,0.18788475891911285,0.5981175368026541,0.2883705116580799,19.66019732088736,,random,71
8,0.2883705116580799,160,138.91834976482716,61.081650235172845,90.0,18,20.0,40.0,2.0,True,0.18788475891911285,0.5981175368026541,0.2883705116580799,19.66019732088736,,random,71
9,0.2883705116580799,180,138.91834976482716,61.081650235172845,90.0,18,20.0,40.0,2.0,True,0.18788475891911285,0.5981175368026541,0.2883705116580799,19.66019732088736,,random,71
10,0.2883705116580799,200,138.91834976482716,61.081650235172845,90.0,18,20.0,40.0,2.0,True,0.18788475891911285,0.5981175368026541,0.2883705116580799,19.66019732088736,,random,71
11,0.2883705116580799,220,138.91834976482716,61.081650235172845,90.0,18,20.0,40.0,2.0,True,0.18788475891911285,0.5981175368026541,0.2883705116580799,19.66019732088736,,random,71
12,0.28196980039899866,240,153.9252802183911,46.074719781608906,95.0,19,25.0,25.0,1.0,True,0.19969113183321996,0.584249231411899,0.28196980039899866,19.51096915771821,,random,71
13,0.28196980039899866,260,153.9252802183911,46.074719781608906,95.0,19,25.0,25.0,1.0,True,0.19969113183321996,0.584249231411899,0.28196980039899866,19.51096915771821,,random,71
14,0.28196980039899866,280,153.9252802183911,46.074719781608906,95.0,19,25.0,25.0,1.0,True,0.19969113183321996,0.584249231411899,0.28196980039899866,19.51096915771821,,random,71
15,0.28196980039899866,300,153.9252802183911,46.074719781608906,95.0,19,25.0,25.0,1.0,True,0.19969113183321996,0.584249231411899,0.28196980039899866,19.51096915771821,,random,71
16,0.28196980039899866,320,153.9252802183911,46.074719781608906,95.0,19,25.0,25.0,1.0,True,0.19969113183321996,0.584249231411899,0.28196980039899866,19.51096915771821,,random,71
17,0.28196980039899866,340,153.9252802183911,46.074719781608906,95.0,19,25.0,25.0,1.0,True,0.19969113183321996,0.584249231411899,0.28196980039899866,19.51096915771821,,random,71
18,0.28196980039899866,360,153.9252802183911,46.074719781608906,95.0,19,25.0,25.0,1.0,True,0.19969113183321996,0.584249231411899,0.28196980039899866,19.51096915771821,,random,71
19,0.28196980039899866,380,153.9252802183911,46.074719781608906,95.0,19,25.0,25.0,1.0,True,0.19969113183321996,0.584249231411899,0.28196980039899866,19.51096915771821,,random,71
20,0.28196980039899866,400,153.9252802183911,46.074719781608906,95.0,19,25.0,25.0,1.0,True,0.19969113183321996,0.584249231411899,0.28196980039899866,19.51096915771821,,random,71
21,0.28196980039899866,420,153.9252802183911,46.074719781608906,95.0,19,25.0,25.0,1.0,True,0.19969113183321996,0.584249231411899,0.28196980039899866,19.51096915771821,,random,71
22,0.28196980039899866,440,153.9252802183911,46.074719781608906,95.0,19,25.0,25.0,1.0,True,0.19969113183321996,0.584249231411899,0.28196980039899866,19.51096915771821,,random,71
23,0.28196980039899866,460,153.9252802183911,46.074719781608906,95.0,19,25.0,25.0,1.0,True,0.19969113183321996,0.584249231411899,0.28196980039899866,19.51096915771821,,random,71
24,0.28196980039899866,480,153.9252802183911,46.074719781608906,95.0,19,25.0,25.0,1.0,True,0.19969113183321996,0.584249231411899,0.28196980039899866,19.51096915771821,,random,71
25,0.28196980039899866,500,153.9252802183911,46.074719781608906,95.0,19,25.0,25.0,1.0,True,0.19969113183321996,0.584249231411899,0.28196980039899866,19.51096915771821,,random,71
26,0.28196980039899866,520,153.9252802183911,46.074719781608906,95.0,19,25.0,25.0,1.0,True,0.19969113183321996,0.584249231411899,0.28196980039899866,19.51096915771821,,random,71
27,0.28196980039899866,540,153.9252802183911,46.074719781608906,95.0,19,25.0,25.0,1.0,True,0.19969113183321996,0.584249231411899,0.28196980039899866,19.51096915771821,,random,71
28,0.28196980039899866,560,153.9252802183911,46.074719781608906,95.0,19,25.0,25.0,1.0,True,0.19969113183321996,0.584249231411899,0.28196980039899866,19.51096915771821,,random,71
29,0.28196980039899866,580,153.9252802183911,46.074719781608906,95.0,19,25.0,25.0,1.0,True,0.19969113183321996,0.584249231411899,0.28196980039899866,19.51096915771821,,random,71
30,0.28196980039899866,600,153.9252802183911,46.074719781608906,95.0,19,25.0,25.0,1.0,True,0.19969113183321996,0.584249231411899,0.28196980039899866,19.51096915771821,,random,71
